task,seed,mode,cold_charged_ms,prefix_ms,best,cases,changed,errors,fallbacks,generation,generation_ms,mean,operator_fallbacks,rejected,timeouts,unchanged,unscored,changed_final_offspring,eval_ms,eval_profile,host_rss_kb,kernel_ms,live_fragments,mean_nodes,pack_ms,repro_ms
sum_of_elements,0,native,145.63376600000043,362.72663800000043,0,1048576,1140,318332,0,0,217.092872,-873309.2548828125,0,0,0,180,0,,,,,,,,,
sum_of_elements,0,native,145.63376600000043,559.0481140000004,0,1048576,1148,110954,0,1,196.321476,-824009.6015625,0,0,0,177,0,,,,,,,,,
sum_of_elements,0,native,145.63376600000043,747.0236910000003,0,1048576,1188,29687,0,2,187.975577,-796204.822265625,0,0,0,169,0,,,,,,,,,
sum_of_elements,0,native,145.63376600000043,923.8090640000003,0,1048576,1177,22616,0,3,176.785373,-789019.7060546875,0,0,0,129,0,,,,,,,,,
sum_of_elements,0,native,145.63376600000043,1104.8345900000004,0,1048576,1210,18640,0,4,181.025526,-770578.7509765625,0,0,0,136,0,,,,,,,,,
sum_of_elements,0,native,145.63376600000043,1282.3955890000004,0,1048576,1190,17597,0,5,177.560999,-759979.513671875,0,0,0,133,0,,,,,,,,,
sum_of_elements,0,native,145.63376600000043,1453.5788180000004,0,1048576,1234,14150,0,6,171.183229,-742506.1240234375,0,0,0,115,0,,,,,,,,,
sum_of_elements,0,native,145.63376600000043,1622.7676050000005,0,1048576,1222,16608,0,7,169.188787,-717642.48828125,2,0,0,116,0,,,,,,,,,
sum_of_elements,0,native,145.63376600000043,1798.6414360000003,0,1048576,1218,13502,0,8,175.873831,-694738.599609375,4,0,0,107,0,,,,,,,,,
sum_of_elements,0,native,145.63376600000043,1981.1609170000004,0,1048576,1225,27850,0,9,182.519481,-669412.0537109375,2,0,0,101,0,,,,,,,,,
sum_of_elements,0,native,145.63376600000043,2167.645182,0,1048576,1201,23547,0,10,186.484265,-639548.1083984375,4,0,0,108,0,,,,,,,,,
sum_of_elements,0,native,145.63376600000043,2359.273212,0,1048576,1236,24564,0,11,191.62803,-607289.4189453125,4,0,0,100,0,,,,,,,,,
sum_of_elements,0,native,145.63376600000043,2554.602361,0,1048576,1235,32968,0,12,195.329149,-563443.2626953125,6,0,0,116,0,,,,,,,,,
sum_of_elements,0,native,145.63376600000043,2752.2242330000004,0,1048576,1200,30710,0,13,197.621872,-514765.4638671875,12,0,0,129,0,,,,,,,,,
sum_of_elements,0,native,145.63376600000043,2957.3890750000005,0,1048576,1205,25409,0,14,205.164842,-434995.4697265625,16,0,0,114,0,,,,,,,,,
sum_of_elements,0,native,145.63376600000043,3171.1609440000007,0,1048576,1196,39919,0,15,213.771869,-385158.376953125,14,0,0,119,0,,,,,,,,,
sum_of_elements,0,native,145.63376600000043,3458.5386770000005,0,1048576,1182,36751,0,16,287.377733,-311610.5703125,28,0,0,149,0,,,,,,,,,
sum_of_elements,0,native,145.63376600000043,3690.9633770000005,0,1048576,1226,29682,0,17,232.4247,-266355.4677734375,12,0,0,108,0,,,,,,,,,
sum_of_elements,0,native,145.63376600000043,3934.8770870000003,0,1048576,1194,37774,0,18,243.91371,-239506.9228515625,28,0,0,133,0,,,,,,,,,
sum_of_elements,0,native,145.63376600000043,4178.715724000001,0,1048576,1215,35830,0,19,243.838637,-220302.7734375,32,0,0,117,0,,,,,,,,,
sum_of_elements,0,native,145.63376600000043,4424.948078,0,1048576,1169,23540,0,20,246.232354,-198986.2861328125,44,0,0,168,0,,,,,,,,,
sum_of_elements,0,native,145.63376600000043,4686.878748,0,1048576,1188,33687,0,21,261.93067,-181579.8427734375,34,0,0,159,0,,,,,,,,,
sum_of_elements,0,native,145.63376600000043,4938.20371,0,1048576,1203,34797,0,22,251.324962,-180200.162109375,18,0,0,106,0,,,,,,,,,
sum_of_elements,0,native,145.63376600000043,5202.1863459999995,0,1048576,1173,24562,0,23,263.982636,-173582.8330078125,38,0,0,166,0,,,,,,,,,
sum_of_elements,0,native,145.63376600000043,5485.154275999999,0,1048576,1172,21370,0,24,282.96793,-146007.615234375,42,0,0,172,0,,,,,,,,,
sum_of_elements,0,native,145.63376600000043,5771.197230999999,0,1048576,1159,23544,0,25,286.042955,-140795.2568359375,32,0,0,155,0,,,,,,,,,
sum_of_elements,0,native,145.63376600000043,6066.681728999999,0,1048576,1190,20463,0,26,295.484498,-119238.6142578125,20,0,0,121,0,,,,,,,,,
sum_of_elements,0,native,145.63376600000043,6364.378543999999,0,1048576,1214,24548,0,27,297.696815,-131827.724609375,14,0,0,111,0,,,,,,,,,
sum_of_elements,0,native,145.63376600000043,6669.698191999999,0,1048576,1191,15348,0,28,305.319648,-131490.69140625,12,0,0,127,0,,,,,,,,,
sum_of_elements,0,native,145.63376600000043,7049.5451619999985,0,1048576,1187,18428,0,29,379.84697,-106238.087890625,22,0,0,138,0,,,,,,,,,
sum_of_elements,0,native,145.63376600000043,7432.490738999999,0,1048576,1178,18307,0,30,382.945577,-115973.7109375,22,0,0,149,0,,,,,,,,,
sum_of_elements,0,native,145.63376600000043,7839.310124999999,0,1048576,1189,30591,0,31,406.819386,-106477.5732421875,20,0,0,121,0,,,,,,,,,
sum_of_elements,0,fragments,183.0101799999975,258.66972899999746,0,1048576,,318332,0,0,75.659549,-873309.2548828125,,0,0,151,0,872,54.644883,int-list-views-typed-sorted-direct-root-window-unboxed-bound-add,1011068,43.607549,2328,54.0361328125,10.003672000000002,20.34612
sum_of_elements,0,fragments,183.0101799999975,327.25188699999745,0,1048576,,108654,0,1,68.582158,-817769.353515625,,0,0,215,0,808,55.849164,int-list-views-typed-sorted-direct-root-window-unboxed-bound-add,1011520,46.835479,1980,40.1962890625,8.167173000000005,12.259342
sum_of_elements,0,fragments,183.0101799999975,395.78029499999747,0,1048576,,31671,0,2,68.528408,-789128.8203125,,0,0,246,0,777,58.964778,int-list-views-typed-sorted-direct-root-window-unboxed-bound-add,1011708,50.727969,1877,38.8115234375,7.395837,9.218975
sum_of_elements,0,fragments,183.0101799999975,463.17826399999745,0,1048576,,13508,0,3,67.397969,-773057.4892578125,,0,0,229,0,794,58.340033,int-list-views-typed-sorted-direct-root-window-unboxed-bound-add,1011836,50.422686,1823,36.302734375,7.171884999999994,8.746778
sum_of_elements,0,fragments,183.0101799999975,531.7723639999974,0,1048576,,17391,0,4,68.5941,-756674.01953125,,0,0,222,0,801,58.50116,int-list-views-typed-sorted-direct-root-window-unboxed-bound-add,1011892,49.694965,1791,38.2734375,8.00148,9.79361
sum_of_elements,0,fragments,183.0101799999975,602.5217819999974,0,1048576,,21502,0,5,70.749418,-728976.9443359375,,0,0,229,0,794,60.645069,int-list-views-typed-sorted-direct-root-window-unboxed-bound-add,1011948,50.584684,1787,40.6279296875,9.226962000000004,9.788065
sum_of_elements,0,fragments,183.0101799999975,669.2168119999974,0,1048576,,16384,0,6,66.69503,-704882.90625,,0,0,247,0,776,57.479282,int-list-views-typed-sorted-direct-root-window-unboxed-bound-add,1011984,49.171866,1741,41.9580078125,7.529746999999996,8.864233
sum_of_elements,0,fragments,183.0101799999975,735.4447819999974,0,1048576,,24342,0,7,66.22797,-672290.666015625,,0,0,200,0,823,56.193745,int-list-views-typed-sorted-direct-root-window-unboxed-bound-add,1012040,47.944561,1743,44.212890625,7.495783,9.722825
sum_of_elements,0,fragments,183.0101799999975,803.9006739999975,0,1048576,,19376,0,8,68.455892,-635633.958984375,,0,0,176,0,847,57.836673,int-list-views-typed-sorted-direct-root-window-unboxed-bound-add,1012076,48.557748,1792,46.1201171875,8.510147999999997,10.323475
sum_of_elements,0,fragments,183.0101799999975,872.4729279999975,0,1048576,,22660,0,9,68.572254,-616780.6279296875,,0,0,203,0,820,57.412872,int-list-views-typed-sorted-direct-root-window-unboxed-bound-add,1012140,48.65993,1786,47.982421875,7.942968999999998,10.791903
sum_of_elements,0,fragments,183.0101799999975,942.5791569999975,0,1048576,,29331,0,10,70.106229,-583367.939453125,,0,0,153,0,870,58.227822,int-list-views-typed-sorted-direct-root-window-unboxed-bound-add,1012260,48.999046,1788,51.6318359375,8.408671000000004,11.56662
sum_of_elements,0,fragments,183.0101799999975,1013.6384619999975,0,1048576,,22203,0,11,71.059305,-537288.798828125,,0,0,185,0,838,59.229768,int-list-views-typed-sorted-direct-root-window-unboxed-bound-add,1012460,50.194201,1777,54.8134765625,8.227131,11.50179
sum_of_elements,0,fragments,183.0101799999975,1085.2165979999975,0,1048576,,32166,0,12,71.578136,-482484.736328125,,0,0,154,0,869,59.437085,int-list-views-typed-sorted-direct-root-window-unboxed-bound-add,1012580,50.598518,1788,56.9892578125,7.988752000000003,11.807287
sum_of_elements,0,fragments,183.0101799999975,1157.5736049999975,0,1048576,,30960,0,13,72.357007,-449591.8671875,,0,0,152,0,871,60.387438,int-list-views-typed-sorted-direct-root-window-unboxed-bound-add,1012724,51.171416,1843,59.83203125,8.351790000000005,11.647732
sum_of_elements,0,fragments,183.0101799999975,1230.1934709999975,0,1048576,,40162,0,14,72.619866,-413651.4423828125,,0,0,174,0,849,59.337425,int-list-views-typed-sorted-direct-root-window-unboxed-bound-add,1013036,50.03107,1881,63.0390625,8.435979000000001,12.935598
sum_of_elements,0,fragments,183.0101799999975,1305.8807629999976,0,1048576,,46451,0,15,75.687292,-348240.109375,,0,0,158,0,865,60.981744,int-list-views-typed-sorted-direct-root-window-unboxed-bound-add,1013292,51.106556,1855,65.599609375,9.038972999999997,14.35463
sum_of_elements,0,fragments,183.0101799999975,1382.6429219999977,0,1048576,,39627,0,16,76.762159,-300027.15625,,0,0,171,0,852,62.107595,int-list-views-typed-sorted-direct-root-window-unboxed-bound-add,1013564,51.963471,1808,69.3759765625,9.296171000000003,14.29225
sum_of_elements,0,fragments,183.0101799999975,1461.8292469999976,0,1048576,,29800,0,17,79.186325,-244432.466796875,,0,0,168,0,855,64.011621,int-list-views-typed-sorted-direct-root-window-unboxed-bound-add,1013888,54.178836,1809,72.51171875,8.976082000000005,14.803492
sum_of_elements,0,fragments,183.0101799999975,1543.6022299999977,0,1048576,,67504,0,18,81.772983,-230000.7265625,,0,0,149,0,874,65.941893,int-list-views-typed-sorted-direct-root-window-unboxed-bound-add,1014268,55.285441,1827,73.66796875,9.76288899999999,15.475266
sum_of_elements,0,fragments,183.0101799999975,1626.3826869999978,0,1048576,,45779,0,19,82.780457,-178491.490234375,,0,0,142,0,881,66.801027,int-list-views-typed-sorted-direct-root-window-unboxed-bound-add,1014652,56.068115,1892,77.6865234375,9.807447000000007,15.60362
sum_of_elements,0,fragments,183.0101799999975,1709.0683689999978,0,1048576,,54373,0,20,82.685682,-166655.41015625,,0,0,146,0,877,66.762281,int-list-views-typed-sorted-direct-root-window-unboxed-bound-add,1015040,56.523974,1969,80.7265625,9.358632000000002,15.515847
sum_of_elements,0,fragments,183.0101799999975,1793.1140739999978,0,1048576,,52013,0,21,84.045705,-162986.9072265625,,0,0,128,0,895,66.741839,int-list-views-typed-sorted-direct-root-window-unboxed-bound-add,1015460,56.166279,1994,83.9013671875,9.687228999999999,16.898699
sum_of_elements,0,fragments,183.0101799999975,1877.9659689999978,0,1048576,,67197,0,22,84.851895,-165164.3037109375,,0,0,143,0,880,67.264851,int-list-views-typed-sorted-direct-root-window-unboxed-bound-add,1016260,56.101278,2012,85.0537109375,10.246331999999992,17.199128
sum_of_elements,0,fragments,183.0101799999975,1964.9636409999978,0,1048576,,59518,0,23,86.997672,-132929.54296875,,0,0,121,0,902,69.165946,int-list-views-typed-sorted-direct-root-window-unboxed-bound-add,1016824,58.559098,2048,86.77734375,9.669768000000007,17.42773
sum_of_elements,0,fragments,183.0101799999975,2051.9665359999976,0,1048576,,46864,0,24,87.002895,-137441.1767578125,,0,0,131,0,892,68.846417,int-list-views-typed-sorted-direct-root-window-unboxed-bound-add,1017552,57.961965,2050,89.0107421875,9.955638000000002,17.760074
sum_of_elements,0,fragments,183.0101799999975,2139.0463319999976,0,1048576,,76470,0,25,87.079796,-161824.638671875,,0,0,131,0,892,68.468558,int-list-views-typed-sorted-direct-root-window-unboxed-bound-add,1018172,57.53247,2040,91.013671875,10.034020000000002,18.194497
sum_of_elements,0,fragments,183.0101799999975,2229.1405529999975,0,1048576,,48219,0,26,90.094221,-135503.7763671875,,0,0,111,0,912,70.839643,int-list-views-typed-sorted-direct-root-window-unboxed-bound-add,1018536,59.559638,2057,92.384765625,10.379721999999989,18.852117
sum_of_elements,0,fragments,183.0101799999975,2320.1851229999975,0,1048576,,63943,0,27,91.04457,-130322.353515625,,0,0,116,0,907,72.083928,int-list-views-typed-sorted-direct-root-window-unboxed-bound-add,1019176,60.002974,2081,93.7724609375,11.102172,18.501136
sum_of_elements,0,fragments,183.0101799999975,2411.4939829999976,0,1048576,,61051,0,28,91.30886,-134547.3056640625,,0,0,126,0,897,70.377016,int-list-views-typed-sorted-direct-root-window-unboxed-bound-add,1019548,59.134736,2051,95.8056640625,10.290745000000005,20.523975
sum_of_elements,0,fragments,183.0101799999975,2503.2871959999975,0,1048576,,65409,0,29,91.793213,-118309.6455078125,,0,0,101,0,922,72.232279,int-list-views-typed-sorted-direct-root-window-unboxed-bound-add,1019968,60.475875,2132,95.0234375,10.847694000000004,19.156018
sum_of_elements,0,fragments,183.0101799999975,2597.4607389999974,0,1048576,,59494,0,30,94.173543,-116497.5322265625,,0,0,127,0,896,72.023842,int-list-views-typed-sorted-direct-root-window-unboxed-bound-add,1021060,60.4546,2100,96.4365234375,10.642502000000006,21.67272
sum_of_elements,0,fragments,183.0101799999975,2688.3552969999973,0,1048576,,56933,0,31,90.894558,-121626.4267578125,,0,0,115,0,908,71.005767,int-list-views-typed-sorted-direct-root-window-unboxed-bound-add,1021616,58.824961,2096,98.1025390625,11.243962000000003,19.453281
sum_of_elements,0,fragments,183.0101799999975,2782.5499499999974,0,1048576,,45796,0,32,94.194653,-115742.25390625,,0,0,113,0,910,72.540528,int-list-views-typed-sorted-direct-root-window-unboxed-bound-add,1022088,61.204326,2095,101.0146484375,10.419159999999993,21.242245
sum_of_elements,0,fragments,183.0101799999975,2879.9099299999975,0,1048576,,49702,0,33,97.35998,-104925.9541015625,,0,0,118,0,905,75.944008,int-list-views-typed-sorted-direct-root-window-unboxed-bound-add,1022976,63.608,2087,104.4306640625,11.396647999999995,21.030638
sum_of_elements,0,fragments,183.0101799999975,3043.6736439999977,0,1048576,,44172,0,34,163.763714,-106029.79296875,,0,0,106,0,917,141.525844,int-list-views-typed-sorted,1024124,129.613693,2098,104.654296875,10.80440400000002,21.80271
sum_of_elements,0,fragments,183.0101799999975,3204.874384999998,0,1048576,,43830,0,35,161.200741,-104945.8125,,0,0,108,0,915,138.314615,int-list-views-typed-sorted,1024756,125.876192,2108,106.5576171875,11.410646999999996,22.426624
sum_of_elements,0,fragments,183.0101799999975,3302.874977999998,0,1048576,,41937,0,36,98.000593,-102348.85546875,,0,0,114,0,909,74.91285,int-list-views-typed-sorted-direct-root-window-unboxed-bound-add,1025996,62.270316,2116,106.5126953125,11.520209999999999,22.671351
sum_of_elements,0,fragments,183.0101799999975,3401.269545999998,0,1048576,,39389,0,37,98.394568,-96346.0908203125,,0,0,116,0,907,74.200761,int-list-views-typed-sorted-direct-root-window-unboxed-bound-add,1026736,61.374247,2107,107.5146484375,11.725011999999996,23.759369
sum_of_elements,0,fragments,183.0101799999975,3500.371573999998,0,1048576,,50094,0,38,99.102028,-102573.8896484375,,0,0,109,0,914,74.557873,int-list-views-typed-sorted-direct-root-window-unboxed-bound-add,1027516,61.983855,2097,107.9658203125,11.502200000000006,24.106718
sum_of_elements,0,fragments,183.0101799999975,3600.796769999998,0,1048576,,62372,0,39,100.425196,-109320.4775390625,,0,0,99,0,924,74.673649,int-list-views-typed-sorted-direct-root-window-unboxed-bound-add,1028408,61.208532,2076,107.5615234375,12.290624999999995,25.210814
sum_of_elements,0,fragments,183.0101799999975,3701.3316729999983,0,1048576,,46833,0,40,100.534903,-102870.3779296875,,0,0,93,0,930,75.87223,int-list-views-typed-sorted-direct-root-window-unboxed-bound-add,1028980,63.054351,2079,111.58203125,11.704757,24.2248
sum_of_elements,0,fragments,183.0101799999975,3801.8907959999983,0,1048576,,49630,0,41,100.559123,-96646.5859375,,0,0,120,0,903,76.183824,int-list-views-typed-sorted-direct-root-window-unboxed-bound-add,1030560,63.345849,2109,115.869140625,11.779748999999999,23.958208
sum_of_elements,0,fragments,183.0101799999975,3902.2707129999985,0,1048576,,41681,0,42,100.379917,-105108.38671875,,0,0,106,0,917,75.217967,int-list-views-typed-sorted-direct-root-window-unboxed-bound-add,1031920,62.31585,2112,117.1240234375,11.814820000000008,24.722055
sum_of_elements,0,fragments,183.0101799999975,4001.5411319999985,0,1048576,,45526,0,43,99.270419,-93252.150390625,,0,0,103,0,920,75.04453,int-list-views-typed-sorted-direct-root-window-unboxed-bound-add,1034080,61.892142,2141,121.2490234375,12.017144,23.790473
sum_of_elements,0,fragments,183.0101799999975,4105.602498999999,0,1048576,,43210,0,44,104.061367,-84944.0048828125,,0,0,84,0,939,77.024668,int-list-views-typed-sorted-direct-root-window-unboxed-bound-add,1036668,64.500311,2144,124.06640625,11.463376,26.598454
sum_of_elements,0,fragments,183.0101799999975,4212.576651999999,0,1048576,,32608,0,45,106.974153,-73623.732421875,,0,0,90,0,933,79.611222,int-list-views-typed-sorted-direct-root-window-unboxed-bound-add,1038480,65.961422,2159,125.2060546875,12.542256999999992,26.912288
sum_of_elements,0,fragments,183.0101799999975,4316.876639999999,0,1048576,,50770,0,46,104.299988,-99870.6806640625,,0,0,125,0,898,76.906053,int-list-views-typed-sorted-direct-root-window-unboxed-bound-add,1039900,62.919045,2136,128.33203125,12.870368000000006,26.933559
sum_of_elements,0,fragments,183.0101799999975,4486.521370999999,0,1048576,,50777,0,47,169.644731,-86359.7490234375,,0,0,105,0,918,140.752616,int-list-views-typed-sorted,1042256,127.365124,2125,130.5595703125,12.184026999999983,28.449059
sum_of_elements,0,fragments,183.0101799999975,4591.891427999999,0,1048576,,45865,0,48,105.370057,-81650.4521484375,,0,0,94,0,929,76.230498,int-list-views-typed-sorted-direct-root-window-unboxed-bound-add,1044360,62.053622,2135,133.1376953125,13.036896999999996,28.693398
sum_of_elements,0,fragments,183.0101799999975,4759.685444999999,0,1048576,,54078,0,49,167.794017,-100087.1611328125,,0,0,91,0,932,138.003338,int-list-views-typed-sorted,1046816,123.835756,2129,135.76953125,13.044614000000005,29.358511
sum_of_elements,0,fragments,183.0101799999975,4929.255748,0,1048576,,45317,0,50,169.570303,-83338.91796875,,0,0,116,0,907,139.589142,int-list-views-typed-sorted,1048552,125.316055,2139,136.3505859375,13.092714000000004,29.520104
sum_of_elements,0,fragments,183.0101799999975,5096.939668999999,0,1048576,,49134,0,51,167.683921,-94211.4833984375,,0,0,93,0,930,137.94332,int-list-views-typed-sorted,1051356,123.876769,2137,139.9140625,12.898910000000011,29.291154
sum_of_elements,0,fragments,183.0101799999975,5270.426758,0,1048576,,46579,0,52,173.487089,-90356.0322265625,,0,0,81,0,942,142.225771,int-list-views-typed-sorted,1054632,127.85641,2149,144.0556640625,13.23143200000002,30.703735
sum_of_elements,0,fragments,183.0101799999975,5440.2495579999995,0,1048576,,38221,0,53,169.8228,-75796.1845703125,,0,0,87,0,936,138.291787,int-list-views-typed-sorted,1056704,123.656221,2137,147.53515625,13.462884000000011,31.087584
sum_of_elements,0,fragments,183.0101799999975,5612.113144,0,1048576,,41716,0,54,171.863586,-78035.5380859375,,0,0,108,0,915,139.014846,int-list-views-typed-sorted,1058916,124.370728,2161,147.9130859375,13.519460999999998,32.400775
sum_of_elements,0,fragments,183.0101799999975,5787.9394999999995,0,1048576,,40018,0,55,175.826356,-80339.1005859375,,0,0,79,0,944,141.604331,int-list-views-typed-sorted,1062204,126.706659,2117,150.0888671875,13.680081,33.765243
sum_of_elements,0,fragments,183.0101799999975,5958.635536,0,1048576,,31251,0,56,170.696036,-66582.9619140625,,0,0,128,0,895,136.840093,int-list-views-typed-sorted,1063672,121.655639,2115,151.85546875,13.989064999999995,33.393306
sum_of_elements,0,fragments,183.0101799999975,6130.98813,0,1048576,,38532,0,57,172.352594,-70715.0126953125,,0,0,94,0,929,137.881108,int-list-views-typed-sorted,1067072,122.953295,2132,154.7548828125,13.803035000000001,33.988923
sum_of_elements,0,fragments,183.0101799999975,6310.765187,0,1048576,,49174,0,58,179.777057,-79655.4658203125,,0,0,118,0,905,145.074824,int-list-views-typed-sorted,1070244,129.860096,2136,154.7294921875,14.085031999999995,34.246294
sum_of_elements,0,fragments,183.0101799999975,6485.275286,0,1048576,,40559,0,59,174.510099,-73314.26953125,,0,0,93,0,930,139.095737,int-list-views-typed-sorted,1072380,124.0011,2126,158.783203125,13.913132000000017,34.942541
sum_of_elements,0,fragments,183.0101799999975,6662.719832,0,1048576,,31502,0,60,177.444546,-74591.3232421875,,0,0,96,0,927,141.748734,int-list-views-typed-sorted,1074592,126.552927,2156,160.232421875,13.977362000000005,35.239139
sum_of_elements,0,fragments,183.0101799999975,6840.330172,0,1048576,,40548,0,61,177.61034,-79906.1669921875,,0,0,98,0,925,142.034463,int-list-views-typed-sorted,1076744,126.382323,2130,166.1533203125,14.368624999999994,35.047888
sum_of_elements,0,fragments,183.0101799999975,7016.320622,0,1048576,,36326,0,62,175.99045,-84138.7275390625,,0,0,100,0,923,139.714474,int-list-views-typed-sorted,1080244,124.875096,2131,169.966796875,13.609974000000003,35.821118
sum_of_elements,0,fragments,183.0101799999975,7197.254028,0,1048576,,34019,0,63,180.933406,-71128.6044921875,,0,0,101,0,922,143.618587,int-list-views-typed-sorted,1082692,128.566607,2150,170.17578125,13.883631999999983,36.851485
sum_of_elements,0,fragments,183.0101799999975,7382.406205,0,1048576,,32307,0,64,185.152177,-66870.6357421875,,0,0,91,0,932,147.441545,int-list-views-typed-sorted,1085648,132.058764,2173,175.8662109375,14.162030999999992,37.262031
sum_of_elements,0,fragments,183.0101799999975,7568.989417000001,0,1048576,,32024,0,65,186.583212,-81489.705078125,,0,0,94,0,929,146.733675,int-list-views-typed-sorted,1089024,130.182718,2178,183.4990234375,15.332173000000012,39.321672
sum_of_elements,0,fragments,183.0101799999975,7752.914583000001,0,1048576,,23359,0,66,183.925166,-61179.7431640625,,0,0,100,0,923,143.754919,int-list-views-typed-sorted,1093188,128.471247,2153,185.732421875,14.089827000000009,39.683899
sum_of_elements,0,fragments,183.0101799999975,7943.792436000001,0,1048576,,32398,0,67,190.877853,-65309.63671875,,0,0,86,0,937,150.658419,int-list-views-typed-sorted,1097980,133.652306,2161,192.068359375,15.61869900000001,39.561051
sum_of_elements,0,fragments,183.0101799999975,8126.226848,0,1048576,,32708,0,68,182.434412,-66054.125,,0,0,81,0,942,140.411834,int-list-views-typed-sorted,1102968,124.734526,2178,194.5595703125,14.398417000000013,41.531813
sum_of_elements,0,fragments,183.0101799999975,8315.466857,0,1048576,,31080,0,69,189.240009,-65798.6806640625,,0,0,101,0,922,148.268803,int-list-views-typed-sorted,1105600,131.903975,2160,194.1416015625,15.063857,40.449895
sum_of_elements,0,fragments,183.0101799999975,8506.780201,0,1048576,,25737,0,70,191.313344,-58311.669921875,,0,0,95,0,928,149.743288,int-list-views-typed-sorted,1107792,133.741872,2190,196.8515625,14.598758999999994,41.100659
sum_of_elements,0,fragments,183.0101799999975,8698.802467,0,1048576,,41369,0,71,192.022266,-72132.376953125,,0,0,96,0,927,147.623482,int-list-views-typed-sorted,1111280,131.368154,2177,200.6494140625,14.870784000000006,43.919742
sum_of_elements,0,fragments,183.0101799999975,8892.743032,0,1048576,,31069,0,72,193.940565,-64764.3740234375,,0,0,97,0,926,149.842341,int-list-views-typed-sorted,1114008,133.466793,2151,204.17578125,15.056458999999997,43.580447
sum_of_elements,0,fragments,183.0101799999975,9089.939162,0,1048576,,25670,0,73,197.19613,-48904.4033203125,,0,0,97,0,926,151.308629,int-list-views-typed-sorted,1117456,134.628187,2105,209.1416015625,15.350947000000001,45.410314
sum_of_elements,0,fragments,183.0101799999975,9284.834853,0,1048576,,23712,0,74,194.895691,-53740.0498046875,,0,0,95,0,928,151.536286,int-list-views-typed-sorted,1119520,134.435378,2136,211.974609375,15.731532999999988,42.846491
sum_of_elements,0,fragments,183.0101799999975,9481.510075,0,1048576,,30765,0,75,196.675222,-62139.87109375,,0,0,108,0,915,153.020894,int-list-views-typed-sorted,1121308,136.05463,2156,214.7158203125,15.629213999999997,43.1826
sum_of_elements,0,fragments,183.0101799999975,9677.808516000001,0,1048576,,43909,0,76,196.298441,-68191.3076171875,,0,0,84,0,939,147.151718,int-list-views-typed-sorted,1123712,129.364065,2138,215.212890625,16.41303099999999,48.674553
sum_of_elements,0,fragments,183.0101799999975,9873.303197000001,0,1048576,,34130,0,77,195.494681,-67961.029296875,,0,0,99,0,924,149.867831,int-list-views-typed-sorted,1126280,131.889203,2139,221.470703125,16.520403999999992,44.872219
sum_of_elements,0,fragments,183.0101799999975,10072.555143000001,0,1048576,,33735,0,78,199.251946,-52691.193359375,,0,0,104,0,919,151.949905,int-list-views-typed-sorted,1128152,134.9364,2160,221.5693359375,15.624779999999989,46.778202
sum_of_elements,0,fragments,183.0101799999975,10266.797579000002,0,1048576,,27420,0,79,194.242436,-50290.3115234375,,0,0,81,0,942,145.741268,int-list-views-typed-sorted,1133228,128.762931,2170,226.4560546875,15.584857000000001,48.021824
sum_of_elements,0,fragments,183.0101799999975,10469.163983000002,0,1048576,,29953,0,80,202.366404,-60272.869140625,,0,0,101,0,922,150.312306,int-list-views-typed-sorted,1137272,133.372478,2137,233.1748046875,15.591601000000004,51.534053
sum_of_elements,0,fragments,183.0101799999975,10678.163070000002,0,1048576,,34070,0,81,208.999087,-56580.8515625,,0,0,86,0,937,156.396747,int-list-views-typed-sorted,1140728,137.341972,2145,242.029296875,17.612519999999996,52.115501
sum_of_elements,0,fragments,183.0101799999975,10878.726234000002,0,1048576,,27552,0,82,200.563164,-52996.427734375,,0,0,85,0,938,149.487484,int-list-views-typed-sorted,1149576,129.656856,2154,241.3935546875,18.297722000000007,50.535758
sum_of_elements,0,fragments,183.0101799999975,11080.952728000002,0,1048576,,27190,0,83,202.226494,-47729.203125,,0,0,97,0,926,150.999559,int-list-views-typed-sorted,1151792,132.250433,2160,243.0380859375,17.248158000000018,50.674356
sum_of_elements,0,fragments,183.0101799999975,11288.095834000002,0,1048576,,34080,0,84,207.143106,-59556.044921875,,0,0,89,0,934,154.300678,int-list-views-typed-sorted,1154192,135.000174,2176,245.9228515625,17.866031999999997,52.308735
sum_of_elements,0,fragments,183.0101799999975,11491.192808000002,0,1048576,,27428,0,85,203.096974,-45987.912109375,,0,0,87,0,936,149.456569,int-list-views-typed-sorted,1157720,129.366826,2165,249.3857421875,18.626520999999997,53.1508
sum_of_elements,0,fragments,183.0101799999975,11697.329445000001,0,1048576,,17322,0,86,206.136637,-40202.0302734375,,0,0,91,0,932,152.408864,int-list-views-typed-sorted,1159716,131.985114,2173,249.3740234375,18.874502,53.127404
sum_of_elements,0,fragments,183.0101799999975,11906.303337000001,0,1048576,,19526,0,87,208.973892,-45663.9521484375,,0,0,90,0,933,153.188219,int-list-views-typed-sorted,1161972,133.568865,2154,250.2841796875,17.919953000000007,55.302007
sum_of_elements,0,fragments,183.0101799999975,12110.286581,0,1048576,,30916,0,88,203.983244,-54375.5263671875,,0,0,88,0,935,150.036446,int-list-views-typed-sorted,1164136,130.058997,2182,255.759765625,18.31606000000001,53.419286
sum_of_elements,0,fragments,183.0101799999975,12316.014086000001,0,1048576,,24251,0,89,205.727505,-58002.3876953125,,0,0,85,0,938,150.379639,int-list-views-typed-sorted,1166016,131.174139,2185,253.5087890625,17.71399199999999,54.850443
sum_of_elements,0,fragments,183.0101799999975,12516.280235,0,1048576,,30832,0,90,200.266149,-57640.2275390625,,0,0,80,0,943,146.689647,int-list-views-typed-sorted,1167936,128.061496,2161,255.0087890625,17.07862400000002,53.075214
sum_of_elements,0,fragments,183.0101799999975,12723.260395,0,1048576,,39760,0,91,206.98016,-60907.98046875,,0,0,79,0,944,150.445208,int-list-views-typed-sorted,1171484,131.158292,2143,261.65234375,17.828115999999998,56.047677
sum_of_elements,0,fragments,183.0101799999975,12931.9373,0,1048576,,24144,0,92,208.676905,-46964.1552734375,,0,0,101,0,922,152.289656,int-list-views-typed-sorted,1174504,131.898351,2144,263.9931640625,18.926198000000014,55.885582
sum_of_elements,0,fragments,183.0101799999975,13142.445048,0,1048576,,26274,0,93,210.507748,-45188.251953125,,0,0,92,0,931,152.945002,int-list-views-typed-sorted,1177108,132.301025,2146,269.3916015625,19.124507,57.094405
sum_of_elements,0,fragments,183.0101799999975,13359.642985999999,0,1048576,,29641,0,94,217.197938,-49776.873046875,,0,0,94,0,929,157.41268,int-list-views-typed-sorted,1179652,136.962001,2159,271.853515625,18.926228000000005,59.221828
sum_of_elements,0,fragments,183.0101799999975,13572.728998999999,0,1048576,,32245,0,95,213.086013,-52175.0390625,,0,0,93,0,930,154.432991,int-list-views-typed-sorted,1183856,132.934348,2170,278.837890625,19.972635999999973,58.131408
sum_of_elements,0,fragments,183.0101799999975,13783.73354,0,1048576,,27603,0,96,211.004541,-48348.2744140625,,0,0,93,0,930,153.501854,int-list-views-typed-sorted,1189564,133.294379,2178,278.3583984375,18.643662,56.996332
sum_of_elements,0,fragments,183.0101799999975,14003.417523999999,0,1048576,,27580,0,97,219.683984,-51260.05078125,,0,0,96,0,927,161.383846,int-list-views-typed-sorted,1192412,140.916539,2169,278.5927734375,18.915599000000014,57.806149
sum_of_elements,0,fragments,183.0101799999975,14221.341285999999,0,1048576,,37691,0,98,217.923762,-58756.787109375,,0,0,96,0,927,158.783727,int-list-views-typed-sorted,1194368,137.268746,2201,285.44140625,19.738782000000008,58.637917
sum_of_elements,0,fragments,183.0101799999975,14437.084853999999,0,1048576,,28981,0,99,215.743568,-56546.38671875,,0,0,89,0,934,156.161103,int-list-views-typed-sorted,1196180,134.46888,2210,281.4716796875,20.061742000000002,58.960356
sum_of_elements,0,fragments,183.0101799999975,14656.338894999999,0,1048576,,21257,0,100,219.254041,-45134.4501953125,,0,0,97,0,926,159.828454,int-list-views-typed-sorted,1198320,137.833475,2187,290.763671875,20.365549,58.89066
sum_of_elements,0,fragments,183.0101799999975,14876.291958,0,1048576,,32005,0,101,219.953063,-48134.9208984375,,0,0,97,0,926,157.659335,int-list-views-typed-sorted,1201444,136.41881,2142,291.2255859375,19.651526999999987,61.79083
sum_of_elements,0,fragments,183.0101799999975,15095.691370999999,0,1048576,,30982,0,102,219.399413,-49781.0087890625,,0,0,76,0,947,159.999131,int-list-views-typed-sorted,1203876,138.899174,2152,297.1474609375,19.557027000000005,58.904686
sum_of_elements,0,fragments,183.0101799999975,15324.140179999999,0,1048576,,13895,0,103,228.448809,-35529.2314453125,,0,0,94,0,929,164.244639,int-list-views-typed-sorted,1207048,143.848022,2150,301.021484375,18.822103,63.64446
sum_of_elements,0,fragments,183.0101799999975,15545.255597,0,1048576,,27829,0,104,221.115417,-46601.3671875,,0,0,83,0,940,158.468231,int-list-views-typed-sorted,1210012,136.515032,2175,299.8994140625,20.233578000000016,62.106144
sum_of_elements,0,fragments,183.0101799999975,15769.615753,0,1048576,,26489,0,105,224.360156,-45912.5986328125,,0,0,81,0,942,160.865142,int-list-views-typed-sorted,1212652,139.382942,2175,297.9033203125,19.773226,62.865422
sum_of_elements,0,fragments,183.0101799999975,15991.475433,0,1048576,,24616,0,106,221.85968,-46842.9443359375,,0,0,82,0,941,158.210543,int-list-views-typed-sorted,1215272,136.489186,2192,299.9853515625,20.099102000000013,63.052364
sum_of_elements,0,fragments,183.0101799999975,16214.901818999999,0,1048576,,26208,0,107,223.426386,-45823.0009765625,,0,0,86,0,937,160.154949,int-list-views-typed-sorted,1220676,138.737864,2213,308.736328125,19.770054999999992,62.686174
sum_of_elements,0,fragments,183.0101799999975,16436.200244,0,1048576,,29078,0,108,221.298425,-47261.9892578125,,0,0,95,0,928,154.02984,int-list-views-typed-sorted,1222088,132.173395,2166,311.8251953125,20.23025300000002,66.766277
sum_of_elements,0,fragments,183.0101799999975,16655.020087,0,1048576,,22306,0,109,218.819843,-37021.28515625,,0,0,79,0,944,153.720005,int-list-views-typed-sorted,1224276,131.253221,2179,316.4140625,20.824868,64.585562
sum_of_elements,0,fragments,183.0101799999975,16876.633642,0,1048576,,32661,0,110,221.613555,-55967.791015625,,0,0,87,0,936,152.994327,int-list-views-typed-sorted,1226388,130.385565,2166,327.2099609375,20.93654500000001,68.106677
sum_of_elements,0,fragments,183.0101799999975,17095.951540000002,0,1048576,,26872,0,111,219.317898,-49552.1357421875,,0,0,86,0,937,153.157092,int-list-views-typed-sorted,1230944,130.234601,2165,324.423828125,21.132592000000017,65.574754
sum_of_elements,0,fragments,183.0101799999975,17316.306299000003,0,1048576,,29018,0,112,220.354759,-52491.1279296875,,0,0,73,0,950,149.774295,int-list-views-typed-sorted,1236468,128.301008,2165,327.7802734375,19.849992000000007,70.067123
sum_of_elements,0,fragments,183.0101799999975,17556.103390000004,0,1048576,,31870,0,113,239.797091,-50958.3603515625,,0,0,81,0,942,167.432815,int-list-views-typed-sorted,1240432,144.719951,2131,328.1533203125,21.09448000000001,71.696608
sum_of_elements,0,fragments,183.0101799999975,17780.284810000005,0,1048576,,18148,0,114,224.18142,-42715.998046875,,0,0,93,0,930,154.577791,int-list-views-typed-sorted,1242720,131.762893,2170,328.630859375,21.12736499999999,69.096131
sum_of_elements,0,fragments,183.0101799999975,18003.021110000005,0,1048576,,31176,0,115,222.7363,-49279.8408203125,,0,0,89,0,934,156.268639,int-list-views-typed-sorted,1245748,132.971475,2159,328.1533203125,21.55976200000002,65.898597
sum_of_elements,0,fragments,183.0101799999975,18225.702684000004,0,1048576,,30245,0,116,222.681574,-49733.8251953125,,0,0,90,0,933,153.9127,int-list-views-typed-sorted,1247472,132.129216,2136,331.34765625,20.09601100000001,68.158719
sum_of_elements,0,fragments,183.0101799999975,18448.739380000003,0,1048576,,28650,0,117,223.036696,-48767.96484375,,0,0,90,0,933,156.892582,int-list-views-typed-sorted,1249508,134.683262,2199,338.7451171875,20.544367000000015,65.630088
sum_of_elements,0,fragments,183.0101799999975,18677.243856,0,1048576,,22460,0,118,228.504476,-43976.525390625,,0,0,90,0,933,159.563041,int-list-views-typed-sorted,1253700,137.428711,2185,342.66796875,20.407497999999997,68.421857
sum_of_elements,0,fragments,183.0101799999975,18912.935293000002,0,1048576,,22849,0,119,235.691437,-39854.0966796875,,0,0,89,0,934,163.201788,int-list-views-typed-sorted,1257860,141.029879,2181,340.119140625,20.45424299999999,71.97568
sum_of_elements,0,fragments,183.0101799999975,19148.715757,0,1048576,,21641,0,120,235.780464,-36072.6474609375,,0,0,81,0,942,165.333476,int-list-views-typed-sorted,1261360,142.174975,2157,337.0693359375,21.439016999999993,69.785719
sum_of_elements,0,fragments,183.0101799999975,19381.324063,0,1048576,,26725,0,121,232.608306,-36960.8984375,,0,0,84,0,939,160.639564,int-list-views-typed-sorted,1263456,138.62086,2198,339.8759765625,20.265679999999996,71.356646
sum_of_elements,0,fragments,183.0101799999975,19615.905449,0,1048576,,27579,0,122,234.581386,-52609.65625,,0,0,78,0,945,164.554579,int-list-views-typed-sorted,1264708,141.785257,2207,342.994140625,21.080633999999982,69.544571
sum_of_elements,0,fragments,183.0101799999975,19856.847711000002,0,1048576,,23499,0,123,240.942262,-42245.6416015625,,0,0,83,0,940,167.87392,int-list-views-typed-sorted,1267208,144.802266,2179,339.6845703125,21.350836,72.562543
sum_of_elements,0,fragments,183.0101799999975,20094.660551,0,1048576,,21599,0,124,237.81284,-40405.3173828125,,0,0,94,0,929,161.962388,int-list-views-typed-sorted,1272464,139.583993,2180,333.154296875,20.635316000000003,75.334651
sum_of_elements,0,fragments,183.0101799999975,20336.753997,0,1048576,,25573,0,125,242.093446,-40984.6376953125,,0,0,79,0,944,169.166107,int-list-views-typed-sorted,1273592,145.143149,2183,348.8876953125,22.272517000000015,72.351952
sum_of_elements,0,fragments,183.0101799999975,20577.657121,0,1048576,,22571,0,126,240.903124,-40244.1953125,,0,0,83,0,940,165.90152,int-list-views-typed-sorted,1278188,142.070235,2189,354.3095703125,22.103540999999993,74.386905
sum_of_elements,0,fragments,183.0101799999975,20818.838681,0,1048576,,22780,0,127,241.18156,-34528.56640625,,0,0,84,0,939,170.549883,int-list-views-typed-sorted,1280940,146.051227,2209,354.111328125,22.578741999999984,70.065458
sum_of_elements,1,native,147.75645799999947,353.10796699999946,0,1048576,1185,318332,0,0,205.351509,-873309.2548828125,0,0,0,175,0,,,,,,,,,
sum_of_elements,1,native,147.75645799999947,548.6441849999994,0,1048576,1164,90604,0,1,195.536218,-821682.416015625,0,0,0,160,0,,,,,,,,,
sum_of_elements,1,native,147.75645799999947,744.2773649999995,0,1048576,1160,24570,0,2,195.63318,-795658.2568359375,0,0,0,157,0,,,,,,,,,
sum_of_elements,1,native,147.75645799999947,957.2130999999995,0,1048576,1215,21465,0,3,212.935735,-782082.265625,0,0,0,129,0,,,,,,,,,
sum_of_elements,1,native,147.75645799999947,1134.3928619999995,0,1048576,1181,11262,0,4,177.179762,-764530.3759765625,2,0,0,151,0,,,,,,,,,
sum_of_elements,1,native,147.75645799999947,1309.6231749999995,0,1048576,1194,14542,0,5,175.230313,-749084.90625,4,0,0,153,0,,,,,,,,,
sum_of_elements,1,native,147.75645799999947,1485.6314409999995,0,1048576,1249,18640,0,6,176.008266,-723388.486328125,0,0,0,108,0,,,,,,,,,
sum_of_elements,1,native,147.75645799999947,1659.3457179999996,0,1048576,1196,15304,0,7,173.714277,-696163.1875,2,0,0,120,0,,,,,,,,,
sum_of_elements,1,native,147.75645799999947,1836.1366619999997,0,1048576,1195,13306,0,8,176.790944,-659995.96484375,2,0,0,123,0,,,,,,,,,
sum_of_elements,1,native,147.75645799999947,2026.6189579999996,0,1048576,1218,17388,0,9,190.482296,-634326.8759765625,4,0,0,128,0,,,,,,,,,
sum_of_elements,1,native,147.75645799999947,2215.4595779999995,0,1048576,1190,19443,0,10,188.84062,-597652.0009765625,6,0,0,117,0,,,,,,,,,
sum_of_elements,1,native,147.75645799999947,2485.9880659999994,0,1048576,1216,10226,0,11,270.528488,-533908.3662109375,8,0,0,115,0,,,,,,,,,
sum_of_elements,1,native,147.75645799999947,2757.8121129999995,0,1048576,1211,21293,0,12,271.824047,-497223.8369140625,20,0,0,126,0,,,,,,,,,
sum_of_elements,1,native,147.75645799999947,3039.8487769999992,0,1048576,1223,22111,0,13,282.036664,-423494.427734375,12,0,0,106,0,,,,,,,,,
sum_of_elements,1,native,147.75645799999947,3322.0430929999993,0,1048576,1191,27429,0,14,282.194316,-373318.7041015625,22,0,0,136,0,,,,,,,,,
sum_of_elements,1,native,147.75645799999947,3611.2141959999994,0,1048576,1169,28866,0,15,289.171103,-313118.2255859375,10,0,0,141,0,,,,,,,,,
sum_of_elements,1,native,147.75645799999947,3906.0334919999996,0,1048576,1211,21695,0,16,294.819296,-245833.1201171875,24,0,0,128,0,,,,,,,,,
sum_of_elements,1,native,147.75645799999947,4206.9868369999995,0,1048576,1205,17870,0,17,300.953345,-216760.3193359375,24,0,0,144,0,,,,,,,,,
sum_of_elements,1,native,147.75645799999947,4513.1731389999995,0,1048576,1172,21492,0,18,306.186302,-179509.95703125,20,0,0,158,0,,,,,,,,,
sum_of_elements,1,native,147.75645799999947,4817.9767999999995,0,1048576,1165,29771,0,19,304.803661,-171876.083984375,32,0,0,143,0,,,,,,,,,
sum_of_elements,1,native,147.75645799999947,5125.894531,0,1048576,1218,22615,0,20,307.917731,-152423.408203125,26,0,0,124,0,,,,,,,,,
sum_of_elements,1,native,147.75645799999947,5445.176869,0,1048576,1162,12407,0,21,319.282338,-160237.462890625,40,0,0,163,0,,,,,,,,,
sum_of_elements,1,native,147.75645799999947,5770.7291399999995,0,1048576,1168,18383,0,22,325.552271,-143869.1328125,28,0,0,173,0,,,,,,,,,
sum_of_elements,1,native,147.75645799999947,6098.5177029999995,0,1048576,1170,9416,0,23,327.788563,-139358.611328125,20,0,0,151,0,,,,,,,,,
sum_of_elements,1,native,147.75645799999947,6429.421778999999,0,1048576,1183,10654,0,24,330.904076,-129142.9169921875,24,0,0,148,0,,,,,,,,,
sum_of_elements,1,native,147.75645799999947,6769.744529999999,0,1048576,1211,13514,0,25,340.322751,-132312.232421875,20,0,0,134,0,,,,,,,,,
sum_of_elements,1,native,147.75645799999947,7122.172887999999,0,1048576,1207,19435,0,26,352.428358,-130286.8125,30,0,0,150,0,,,,,,,,,
sum_of_elements,1,native,147.75645799999947,7476.6574709999995,0,1048576,1151,16367,0,27,354.484583,-98946.783203125,22,0,0,185,0,,,,,,,,,
sum_of_elements,1,native,147.75645799999947,7835.768321,0,1048576,1219,20383,0,28,359.11085,-113782.56640625,16,0,0,129,0,,,,,,,,,
sum_of_elements,1,native,147.75645799999947,8217.147444999999,0,1048576,1182,21496,0,29,381.379124,-108533.4306640625,22,0,0,170,0,,,,,,,,,
sum_of_elements,1,native,147.75645799999947,8588.965384,0,1048576,1192,19424,0,30,371.817939,-104234.201171875,24,0,0,134,0,,,,,,,,,
sum_of_elements,1,native,147.75645799999947,8969.362909,0,1048576,1206,19437,0,31,380.397525,-105937.0078125,28,0,0,138,0,,,,,,,,,
sum_of_elements,1,fragments,182.03476900000896,258.827991000009,0,1048576,,318332,0,0,76.793222,-873309.2548828125,,0,0,141,0,882,55.372386,int-list-views-typed-sorted-direct-root-window-unboxed-bound-add,1010276,44.112874,2338,52.04296875,10.256017999999997,20.825398
sum_of_elements,1,fragments,182.03476900000896,331.56107000000895,0,1048576,,110121,0,1,72.733079,-825211.21875,,0,0,207,0,816,60.365259,int-list-views-typed-sorted-direct-root-window-unboxed-bound-add,1010684,51.56121,2064,45.0302734375,7.995687000000002,11.943191
sum_of_elements,1,fragments,182.03476900000896,404.20014500000894,0,1048576,,26922,0,2,72.639075,-797412.857421875,,0,0,236,0,787,62.076201,int-list-views-typed-sorted-direct-root-window-unboxed-bound-add,1010972,53.698374,1891,42.763671875,7.5946099999999985,10.218059
sum_of_elements,1,fragments,182.03476900000896,481.75282800000895,0,1048576,,13203,0,3,77.552683,-779611.2265625,,0,0,220,0,803,67.870093,int-list-views-typed-sorted-direct-root-window-unboxed-bound-add,1011056,59.907791,1852,41.2587890625,7.220565999999994,9.353725
sum_of_elements,1,fragments,182.03476900000896,554.5022750000089,0,1048576,,25584,0,4,72.749447,-761140.2802734375,,0,0,236,0,787,63.140623,int-list-views-typed-sorted-direct-root-window-unboxed-bound-add,1011116,54.393355,1830,39.0234375,7.8470739999999966,9.308569
sum_of_elements,1,fragments,182.03476900000896,626.6988440000089,0,1048576,,17375,0,5,72.196569,-745137.814453125,,0,0,241,0,782,62.817851,int-list-views-typed-sorted-direct-root-window-unboxed-bound-add,1011172,54.294643,1803,41.1982421875,7.740501999999997,9.076936
sum_of_elements,1,fragments,182.03476900000896,693.7522570000089,0,1048576,,22452,0,6,67.053413,-721883.2265625,,0,0,201,0,822,57.480035,int-list-views-typed-sorted-direct-root-window-unboxed-bound-add,1011204,49.268561,1805,44.810546875,7.464744,9.230542
sum_of_elements,1,fragments,182.03476900000896,768.1041790000088,0,1048576,,21494,0,7,74.351922,-674159.0390625,,0,0,203,0,820,63.810287,int-list-views-typed-sorted-direct-root-window-unboxed-bound-add,1011224,55.115833,1802,49.708984375,7.939556000000001,10.207903
sum_of_elements,1,fragments,182.03476900000896,838.0941670000088,0,1048576,,21493,0,8,69.989988,-635861.814453125,,0,0,193,0,830,58.498101,int-list-views-typed-sorted-direct-root-window-unboxed-bound-add,1011300,49.475737,1788,56.041015625,8.170473999999999,11.176912
sum_of_elements,1,fragments,182.03476900000896,908.9193920000089,0,1048576,,33766,0,9,70.825225,-578437.4453125,,0,0,177,0,846,58.278294,int-list-views-typed-sorted-direct-root-window-unboxed-bound-add,1011644,48.688641,1821,60.1396484375,8.742584,12.205337
sum_of_elements,1,fragments,182.03476900000896,979.8212860000089,0,1048576,,35814,0,10,70.901894,-517942.8974609375,,0,0,166,0,857,57.463161,int-list-views-typed-sorted-direct-root-window-unboxed-bound-add,1011888,48.293161,1837,66.8056640625,8.343099,13.091403
sum_of_elements,1,fragments,182.03476900000896,1055.0732930000088,0,1048576,,34988,0,11,75.252007,-429982.951171875,,0,0,160,0,863,59.368255,int-list-views-typed-sorted-direct-root-window-unboxed-bound-add,1012340,49.224321,1797,74.712890625,9.237146999999997,15.54781
sum_of_elements,1,fragments,182.03476900000896,1132.2271180000089,0,1048576,,46270,0,12,77.153825,-337460.4814453125,,0,0,162,0,861,60.372747,int-list-views-typed-sorted-direct-root-window-unboxed-bound-add,1012888,49.94403,1802,80.939453125,9.504539999999999,16.421742
sum_of_elements,1,fragments,182.03476900000896,1211.045096000009,0,1048576,,48308,0,13,78.817978,-243257.7001953125,,0,0,143,0,880,61.331491,int-list-views-typed-sorted-direct-root-window-unboxed-bound-add,1013540,50.388514,1799,86.7685546875,10.016057000000004,17.126274
sum_of_elements,1,fragments,182.03476900000896,1290.074594000009,0,1048576,,58538,0,14,79.029498,-188159.240234375,,0,0,132,0,891,60.995428,int-list-views-typed-sorted-direct-root-window-unboxed-bound-add,1014528,49.828733,1858,90.8994140625,10.274625999999998,17.663435
sum_of_elements,1,fragments,182.03476900000896,1370.803671000009,0,1048576,,53224,0,15,80.729077,-149180.5947265625,,0,0,140,0,883,61.084735,int-list-views-typed-sorted-direct-root-window-unboxed-bound-add,1015728,50.055303,1892,94.591796875,10.100321000000003,19.259236
sum_of_elements,1,fragments,182.03476900000896,1452.775602000009,0,1048576,,54447,0,16,81.971931,-110954.9873046875,,0,0,133,0,890,62.127972,int-list-views-typed-sorted-direct-root-window-unboxed-bound-add,1016704,50.657693,1958,96.1376953125,10.543436999999997,19.452706
sum_of_elements,1,fragments,182.03476900000896,1533.860816000009,0,1048576,,60366,0,17,81.085214,-131237.513671875,,0,0,114,0,909,61.204868,int-list-views-typed-sorted-direct-root-window-unboxed-bound-add,1017472,49.685907,1982,97.3193359375,10.602378999999996,19.494173
sum_of_elements,1,fragments,182.03476900000896,1616.118852000009,0,1048576,,56300,0,18,82.258036,-126706.7666015625,,0,0,119,0,904,61.647211,int-list-views-typed-sorted-direct-root-window-unboxed-bound-add,1017904,50.265334,2021,98.8330078125,10.433129999999998,20.208176
sum_of_elements,1,fragments,182.03476900000896,1699.393898000009,0,1048576,,59368,0,19,83.275046,-125728.5859375,,0,0,120,0,903,61.647123,int-list-views-typed-sorted-direct-root-window-unboxed-bound-add,1019692,49.678244,2030,99.8974609375,11.051539000000002,21.23062
sum_of_elements,1,fragments,182.03476900000896,1782.924402000009,0,1048576,,57318,0,20,83.530504,-120409.513671875,,0,0,118,0,905,62.274982,int-list-views-typed-sorted-direct-root-window-unboxed-bound-add,1021904,50.581012,2051,102.98046875,10.757627,20.849576
sum_of_elements,1,fragments,182.03476900000896,1867.179673000009,0,1048576,,41968,0,21,84.255271,-93683.0458984375,,0,0,107,0,916,61.155471,int-list-views-typed-sorted-direct-root-window-unboxed-bound-add,1024828,49.712407,2085,104.9755859375,10.458427999999994,22.670185
sum_of_elements,1,fragments,182.03476900000896,1952.8819730000089,0,1048576,,48116,0,22,85.7023,-102315.830078125,,0,0,116,0,907,61.89089,int-list-views-typed-sorted-direct-root-window-unboxed-bound-add,1026404,49.302539,2078,108.876953125,11.511517999999999,23.352581
sum_of_elements,1,fragments,182.03476900000896,2037.9724110000088,0,1048576,,48460,0,23,85.090438,-108009.48828125,,0,0,108,0,915,61.491913,int-list-views-typed-sorted-direct-root-window-unboxed-bound-add,1028740,48.376364,2089,109.9892578125,12.081109,23.099412
sum_of_elements,1,fragments,182.03476900000896,2123.727514000009,0,1048576,,34792,0,24,85.755103,-104770.9345703125,,0,0,113,0,910,61.325315,int-list-views-typed-sorted-direct-root-window-unboxed-bound-add,1029908,49.321838,2069,111.876953125,10.963875000000002,23.989979
sum_of_elements,1,fragments,182.03476900000896,2208.9387330000086,0,1048576,,47297,0,25,85.211219,-108377.388671875,,0,0,111,0,912,61.465818,int-list-views-typed-sorted-direct-root-window-unboxed-bound-add,1030836,48.936799,2084,113.2353515625,11.482133999999997,23.238013
sum_of_elements,1,fragments,182.03476900000896,2297.5367880000085,0,1048576,,51581,0,26,88.598055,-125865.4873046875,,0,0,128,0,895,63.368073,int-list-views-typed-sorted-direct-root-window-unboxed-bound-add,1032196,50.630585,2079,114.5732421875,11.568783,24.668862
sum_of_elements,1,fragments,182.03476900000896,2389.1105270000085,0,1048576,,46046,0,27,91.573739,-107421.19140625,,0,0,119,0,904,64.651117,int-list-views-typed-sorted-direct-root-window-unboxed-bound-add,1033940,50.958417,2103,117.78125,12.476598000000001,26.306083
sum_of_elements,1,fragments,182.03476900000896,2478.5920380000084,0,1048576,,37880,0,28,89.481511,-96769.056640625,,0,0,120,0,903,63.818267,int-list-views-typed-sorted-direct-root-window-unboxed-bound-add,1035512,50.792667,2112,121.015625,11.924008,25.224757
sum_of_elements,1,fragments,182.03476900000896,2570.6421600000085,0,1048576,,42886,0,29,92.050122,-83948.40625,,0,0,106,0,917,64.724972,int-list-views-typed-sorted-direct-root-window-unboxed-bound-add,1038136,51.734144,2136,124.00390625,11.883235999999993,26.90456
sum_of_elements,1,fragments,182.03476900000896,2662.3223040000084,0,1048576,,44206,0,30,91.680144,-92469.5380859375,,0,0,118,0,905,64.063524,int-list-views-typed-sorted-direct-root-window-unboxed-bound-add,1041680,50.850488,2129,124.70703125,12.108446000000004,27.133985
sum_of_elements,1,fragments,182.03476900000896,2756.1586530000086,0,1048576,,38048,0,31,93.836349,-86741.19921875,,0,0,110,0,913,65.883404,int-list-views-typed-sorted-direct-root-window-unboxed-bound-add,1044716,52.252455,2128,126.015625,12.441009000000001,27.509527
sum_of_elements,1,fragments,182.03476900000896,2849.9477340000085,0,1048576,,33985,0,32,93.789081,-100094.173828125,,0,0,104,0,919,64.380491,int-list-views-typed-sorted-direct-root-window-unboxed-bound-add,1046172,51.489265,2121,127.85546875,11.768300000000005,28.880014
sum_of_elements,1,fragments,182.03476900000896,2946.6479130000084,0,1048576,,38898,0,33,96.700179,-95770.220703125,,0,0,103,0,920,65.781124,int-list-views-typed-sorted-direct-root-window-unboxed-bound-add,1047616,52.039862,2106,128.779296875,12.628934000000003,30.455907
sum_of_elements,1,fragments,182.03476900000896,3042.4735790000086,0,1048576,,40280,0,34,95.825666,-86209.3623046875,,0,0,94,0,929,66.32026,int-list-views-typed-sorted-direct-root-window-unboxed-bound-add,1049472,51.99822,2109,130.1884765625,13.148467000000007,29.056564
sum_of_elements,1,fragments,182.03476900000896,3140.1353910000084,0,1048576,,27636,0,35,97.661812,-81671.55078125,,0,0,98,0,925,65.985557,int-list-views-typed-sorted-direct-root-window-unboxed-bound-add,1052184,52.801946,2107,134.818359375,12.019036999999999,31.145942
sum_of_elements,1,fragments,182.03476900000896,3237.9210400000084,0,1048576,,35769,0,36,97.785649,-79887.6396484375,,0,0,108,0,915,66.196504,int-list-views-typed-sorted-direct-root-window-unboxed-bound-add,1053724,52.251655,2097,134.25390625,12.820532000000007,31.137762
sum_of_elements,1,fragments,182.03476900000896,3333.9854560000085,0,1048576,,32932,0,37,96.064416,-86484.1328125,,0,0,111,0,912,65.766625,int-list-views-typed-sorted-direct-root-window-unboxed-bound-add,1055388,52.166701,2108,137.7197265625,12.478992000000003,29.840647
sum_of_elements,1,fragments,182.03476900000896,3433.0814430000087,0,1048576,,27825,0,38,99.095987,-75109.763671875,,0,0,114,0,909,66.765803,int-list-views-typed-sorted-direct-root-window-unboxed-bound-add,1057736,52.541264,2117,138.50390625,13.052210000000004,31.877598
sum_of_elements,1,fragments,182.03476900000896,3533.1257440000086,0,1048576,,31963,0,39,100.044301,-86400.6767578125,,0,0,99,0,924,68.060247,int-list-views-typed-sorted-direct-root-window-unboxed-bound-add,1059900,53.889575,2111,142.8818359375,12.976997,31.531228
sum_of_elements,1,fragments,182.03476900000896,3636.9813940000085,0,1048576,,31626,0,40,103.85565,-74343.2099609375,,0,0,102,0,921,68.37982,int-list-views-typed-sorted-direct-root-window-unboxed-bound-add,1063428,54.182992,2108,145.734375,13.082378999999996,35.022223
sum_of_elements,1,fragments,182.03476900000896,3740.3958790000083,0,1048576,,35016,0,41,103.414485,-79411.8388671875,,0,0,98,0,925,70.036314,int-list-views-typed-sorted-direct-root-window-unboxed-bound-add,1065688,54.641528,2117,149.3662109375,14.276965000000002,32.919198
sum_of_elements,1,fragments,182.03476900000896,3844.3962410000086,0,1048576,,24572,0,42,104.000362,-63712.423828125,,0,0,96,0,927,67.988701,int-list-views-typed-sorted-direct-root-window-unboxed-bound-add,1068580,54.040367,2127,151.9306640625,12.814338000000008,35.537952
sum_of_elements,1,fragments,182.03476900000896,3947.5947150000084,0,1048576,,34469,0,43,103.198474,-67916.75,,0,0,102,0,921,66.945303,int-list-views-typed-sorted-direct-root-window-unboxed-bound-add,1070532,52.203548,2143,152.58203125,13.594801999999996,35.750562
sum_of_elements,1,fragments,182.03476900000896,4051.9685690000083,0,1048576,,39918,0,44,104.373854,-75747.3134765625,,0,0,92,0,931,68.183612,int-list-views-typed-sorted-direct-root-window-unboxed-bound-add,1071976,52.979113,2157,153.2177734375,13.973365999999999,35.720502
sum_of_elements,1,fragments,182.03476900000896,4154.114379000009,0,1048576,,45159,0,45,102.14581,-81709.66796875,,0,0,85,0,938,66.36807,int-list-views-typed-sorted-direct-root-window-unboxed-bound-add,1075176,51.607827,2129,153.39453125,13.601603,35.284509
sum_of_elements,1,fragments,182.03476900000896,4322.732329000009,0,1048576,,28655,0,46,168.61795,-71213.1669921875,,0,0,109,0,914,132.417072,int-list-views-typed-sorted,1077176,117.51395,2105,157.7216796875,13.721895999999992,35.744035
sum_of_elements,1,fragments,182.03476900000896,4485.463263000009,0,1048576,,31734,0,47,162.730934,-72739.8642578125,,0,0,94,0,929,127.644214,int-list-views-typed-sorted,1080344,112.590243,2137,159.5322265625,13.856896000000008,34.63796
sum_of_elements,1,fragments,182.03476900000896,4589.989876000009,0,1048576,,42822,0,48,104.526613,-80608.431640625,,0,0,114,0,909,67.180974,int-list-views-typed-sorted-direct-root-window-unboxed-bound-add,1082544,52.688863,2149,163.673828125,13.256787000000006,36.873342
sum_of_elements,1,fragments,182.03476900000896,4698.431646000009,0,1048576,,26602,0,49,108.44177,-64141.529296875,,0,0,95,0,928,69.742005,int-list-views-typed-sorted-direct-root-window-unboxed-bound-add,1085628,55.441039,2132,167.9091796875,13.123652000000002,38.185745
sum_of_elements,1,fragments,182.03476900000896,4807.742009000009,0,1048576,,25592,0,50,109.310363,-55171.03515625,,0,0,99,0,924,69.482465,int-list-views-typed-sorted-direct-root-window-unboxed-bound-add,1088740,54.017318,2126,168.80859375,14.243205000000003,39.282109
sum_of_elements,1,fragments,182.03476900000896,4975.211015000009,0,1048576,,31619,0,51,167.469006,-66222.5390625,,0,0,85,0,938,128.807725,int-list-views-typed-sorted,1091428,113.728904,2143,172.7353515625,13.856809,38.148908
sum_of_elements,1,fragments,182.03476900000896,5142.458021000009,0,1048576,,37211,0,52,167.247006,-72559.5439453125,,0,0,99,0,924,126.827395,int-list-views-typed-sorted,1093840,111.952564,2178,178.40234375,13.71541799999999,39.947102
sum_of_elements,1,fragments,182.03476900000896,5314.826172000008,0,1048576,,22736,0,53,172.368151,-57488.4345703125,,0,0,101,0,922,132.613117,int-list-views-typed-sorted,1098280,116.681374,2170,182.78125,14.659179999999985,39.271694
sum_of_elements,1,fragments,182.03476900000896,5489.683976000008,0,1048576,,20476,0,54,174.857804,-48522.5224609375,,0,0,106,0,917,132.007749,int-list-views-typed-sorted,1102716,115.680915,2180,181.6630859375,15.136951999999994,42.372726
sum_of_elements,1,fragments,182.03476900000896,5664.187789000009,0,1048576,,26846,0,55,174.503813,-62704.41796875,,0,0,104,0,919,132.024664,int-list-views-typed-sorted,1106016,116.081142,2189,187.4013671875,14.752001000000003,41.984942
sum_of_elements,1,fragments,182.03476900000896,5782.470071000009,0,1048576,,21498,0,56,118.282282,-56051.58203125,,0,0,100,0,923,75.295907,int-list-views-typed-sorted-direct-root-window-unboxed-bound-add,1109724,56.840498,2149,189.5234375,17.084271,42.458858
sum_of_elements,1,fragments,182.03476900000896,5897.910139000009,0,1048576,,31728,0,57,115.440068,-57525.6748046875,,0,0,96,0,927,71.102961,int-list-views-typed-sorted-direct-root-window-unboxed-bound-add,1112320,55.838654,2135,190.52734375,14.047564999999986,43.852142
sum_of_elements,1,fragments,182.03476900000896,6012.7513900000085,0,1048576,,24563,0,58,114.841251,-59112.63671875,,0,0,110,0,913,70.500656,int-list-views-typed-sorted-direct-root-window-unboxed-bound-add,1114192,54.587298,2112,193.283203125,14.623858000000004,43.822527
sum_of_elements,1,fragments,182.03476900000896,6129.755234000008,0,1048576,,36052,0,59,117.003844,-62981.9326171875,,0,0,104,0,919,71.984132,int-list-views-typed-sorted-direct-root-window-unboxed-bound-add,1116104,55.466527,2109,196.662109375,15.236260000000009,44.565215
sum_of_elements,1,fragments,182.03476900000896,6249.627886000008,0,1048576,,23546,0,60,119.872652,-53191.7568359375,,0,0,85,0,938,74.238823,int-list-views-typed-sorted-direct-root-window-unboxed-bound-add,1119672,57.625267,2146,200.603515625,15.317272999999998,45.126962
sum_of_elements,1,fragments,182.03476900000896,6368.878613000008,0,1048576,,20695,0,61,119.250727,-55227.990234375,,0,0,86,0,937,73.557375,int-list-views-typed-sorted-direct-root-window-unboxed-bound-add,1122704,56.852755,2170,200.6201171875,15.403464999999997,45.193342
sum_of_elements,1,fragments,182.03476900000896,6487.825099000008,0,1048576,,30826,0,62,118.946486,-61410.8330078125,,0,0,91,0,932,72.7218,int-list-views-typed-sorted-direct-root-window-unboxed-bound-add,1124732,56.680015,2149,200.099609375,14.775232999999997,45.721276
sum_of_elements,1,fragments,182.03476900000896,6608.000901000008,0,1048576,,29898,0,63,120.175802,-74263.1279296875,,0,0,103,0,920,73.718861,int-list-views-typed-sorted-direct-root-window-unboxed-bound-add,1126284,57.126303,2130,201.7060546875,15.360217999999998,45.944704
sum_of_elements,1,fragments,182.03476900000896,6729.790765000008,0,1048576,,33770,0,64,121.789864,-64663.662109375,,0,0,88,0,935,73.986107,int-list-views-typed-sorted-direct-root-window-unboxed-bound-add,1127804,57.035839,2123,204.77734375,15.689076,47.273387
sum_of_elements,1,fragments,182.03476900000896,6908.724118000008,0,1048576,,28668,0,65,178.933353,-58506.3896484375,,0,0,105,0,918,133.316016,int-list-views-typed-sorted,1131116,116.75859,2099,203.431640625,15.30993799999999,45.082197
sum_of_elements,1,fragments,182.03476900000896,7088.120706000008,0,1048576,,27854,0,66,179.396588,-57691.8876953125,,0,0,92,0,931,133.528285,int-list-views-typed-sorted,1132404,117.279292,2145,205.26171875,14.969161000000016,45.389515
sum_of_elements,1,fragments,182.03476900000896,7210.9123330000075,0,1048576,,20477,0,67,122.791627,-45537.5927734375,,0,0,87,0,936,77.773024,int-list-views-typed-sorted-direct-root-window-unboxed-bound-add,1133184,60.696588,2153,200.2646484375,15.792649000000003,44.539724
sum_of_elements,1,fragments,182.03476900000896,7391.450057000007,0,1048576,,27528,0,68,180.537724,-58945.51953125,,0,0,83,0,940,134.595119,int-list-views-typed-sorted,1133936,118.667588,2158,203.822265625,14.701593000000013,45.426046
sum_of_elements,1,fragments,182.03476900000896,7575.622613000007,0,1048576,,25594,0,69,184.172556,-58594.9677734375,,0,0,106,0,917,136.665319,int-list-views-typed-sorted,1134360,119.85203,2156,205.5810546875,15.584937000000023,47.042514
sum_of_elements,1,fragments,182.03476900000896,7760.124062000007,0,1048576,,23545,0,70,184.501449,-52385.8623046875,,0,0,83,0,940,137.431609,int-list-views-typed-sorted,1135608,120.572478,2156,210.6455078125,15.634801000000007,46.578247
sum_of_elements,1,fragments,182.03476900000896,7944.300271000007,0,1048576,,29299,0,71,184.176209,-64140.4208984375,,0,0,95,0,928,136.537967,int-list-views-typed-sorted,1136436,119.33836,2161,210.8056640625,15.900150000000004,47.161087
sum_of_elements,1,fragments,182.03476900000896,8127.439489000008,0,1048576,,21701,0,72,183.139218,-55127.05859375,,0,0,100,0,923,135.243216,int-list-views-typed-sorted,1139140,118.026158,2164,212.23828125,15.87490999999999,47.419797
sum_of_elements,1,fragments,182.03476900000896,8311.331959000008,0,1048576,,28662,0,73,183.89247,-49556.2744140625,,0,0,101,0,922,134.29975,int-list-views-typed-sorted,1140860,116.817783,2160,214.1669921875,16.126889999999996,49.114585
sum_of_elements,1,fragments,182.03476900000896,8495.022965000007,0,1048576,,30923,0,74,183.691006,-53669.5556640625,,0,0,109,0,914,137.04837,int-list-views-typed-sorted,1141092,119.082151,2138,215.109375,16.563613999999998,46.1672
sum_of_elements,1,fragments,182.03476900000896,8678.009748000008,0,1048576,,34796,0,75,182.986783,-65023.783203125,,0,0,98,0,925,135.110988,int-list-views-typed-sorted,1143696,118.562788,2149,217.3154296875,15.135924000000005,47.379997
sum_of_elements,1,fragments,182.03476900000896,8864.522030000007,0,1048576,,29100,0,76,186.512282,-59897.4443359375,,0,0,102,0,921,138.116584,int-list-views-typed-sorted,1145108,121.680186,2166,221.15625,15.06329599999999,47.907483
sum_of_elements,1,fragments,182.03476900000896,9054.381255000008,0,1048576,,22312,0,77,189.859225,-45334.87109375,,0,0,108,0,915,138.890632,int-list-views-typed-sorted,1146704,120.981379,2141,225.3251953125,16.54019500000001,50.498081
sum_of_elements,1,fragments,182.03476900000896,9246.169289000007,0,1048576,,19403,0,78,191.788034,-43652.669921875,,0,0,111,0,912,141.510421,int-list-views-typed-sorted,1148152,123.666906,2132,228.1298828125,16.489200000000015,49.791131
sum_of_elements,1,fragments,182.03476900000896,9432.896818000007,0,1048576,,36044,0,79,186.727529,-60288.93359375,,0,0,108,0,915,136.067441,int-list-views-typed-sorted,1150808,118.439644,2142,232.544921875,16.214015,50.192969
sum_of_elements,1,fragments,182.03476900000896,9622.290899000007,0,1048576,,24570,0,80,189.394081,-53564.7724609375,,0,0,105,0,918,138.226525,int-list-views-typed-sorted,1154992,120.210325,2140,239.5166015625,16.625011000000008,50.684979
sum_of_elements,1,fragments,182.03476900000896,9815.224912000007,0,1048576,,22522,0,81,192.934013,-45786.212890625,,0,0,100,0,923,139.02621,int-list-views-typed-sorted,1158984,121.035336,2151,245.9541015625,16.585661,53.430534
sum_of_elements,1,fragments,182.03476900000896,10010.926791000007,0,1048576,,27646,0,82,195.701879,-47216.158203125,,0,0,82,0,941,145.560143,int-list-views-typed-sorted,1166500,125.495349,2191,245.0087890625,18.583276999999995,49.666021
sum_of_elements,1,fragments,182.03476900000896,10204.015085000006,0,1048576,,38108,0,83,193.088294,-66074.7822265625,,0,0,94,0,929,138.055467,int-list-views-typed-sorted,1170220,119.636073,2191,248.6787109375,16.980552999999986,54.513782
sum_of_elements,1,fragments,182.03476900000896,10407.789731000006,0,1048576,,32867,0,84,203.774646,-55669.7998046875,,0,0,107,0,916,148.280903,int-list-views-typed-sorted,1172840,128.925691,2173,247.2890625,17.826822000000007,54.91537
sum_of_elements,1,fragments,182.03476900000896,10611.983745000007,0,1048576,,29119,0,85,204.194014,-49793.73828125,,0,0,105,0,918,147.105514,int-list-views-typed-sorted,1176168,127.517778,2150,249.8408203125,18.108078,56.597851
sum_of_elements,1,fragments,182.03476900000896,10815.026548000007,0,1048576,,31082,0,86,203.042803,-47737.4853515625,,0,0,71,0,952,148.828943,int-list-views-typed-sorted,1180480,128.637753,2203,253.0859375,18.680388000000015,53.673568
sum_of_elements,1,fragments,182.03476900000896,11014.246794000008,0,1048576,,23386,0,87,199.220246,-48322.7900390625,,0,0,101,0,922,144.009429,int-list-views-typed-sorted,1183328,125.4964,2159,251.21875,17.05838400000001,54.655688
sum_of_elements,1,fragments,182.03476900000896,11217.794072000008,0,1048576,,31969,0,88,203.547278,-54313.236328125,,0,0,103,0,920,148.192424,int-list-views-typed-sorted,1186436,129.603984,2159,249.453125,17.116782999999998,54.859259
sum_of_elements,1,fragments,182.03476900000896,11421.294212000008,0,1048576,,34805,0,89,203.50014,-60193.0849609375,,0,0,94,0,929,148.969414,int-list-views-typed-sorted,1188156,130.519344,2151,250.28125,16.983611999999994,54.039137
sum_of_elements,1,fragments,182.03476900000896,11626.844482000008,0,1048576,,26403,0,90,205.55027,-56714.3251953125,,0,0,80,0,943,149.491598,int-list-views-typed-sorted,1189604,131.208448,2174,257.26953125,16.845698999999996,55.543868
sum_of_elements,1,fragments,182.03476900000896,11839.362151000008,0,1048576,,30901,0,91,212.517669,-52909.6474609375,,0,0,93,0,930,153.588967,int-list-views-typed-sorted,1193048,134.220873,2161,262.384765625,17.91283499999999,58.424986
sum_of_elements,1,fragments,182.03476900000896,12049.069545000008,0,1048576,,30493,0,92,209.707394,-54008.1181640625,,0,0,106,0,917,153.806645,int-list-views-typed-sorted,1196712,134.215607,2158,269.8583984375,18.111876000000002,55.352606
sum_of_elements,1,fragments,182.03476900000896,12262.058043000008,0,1048576,,25777,0,93,212.988498,-54733.0390625,,0,0,77,0,946,157.303895,int-list-views-typed-sorted,1198404,137.90698,2169,271.42578125,17.836071000000004,55.162657
sum_of_elements,1,fragments,182.03476900000896,12476.245604000009,0,1048576,,30887,0,94,214.187561,-54550.412109375,,0,0,105,0,918,154.48101,int-list-views-typed-sorted,1203436,135.153982,2178,270,17.742257999999993,59.134571
sum_of_elements,1,fragments,182.03476900000896,12691.58431500001,0,1048576,,26838,0,95,215.338711,-42795.9716796875,,0,0,85,0,938,154.031851,int-list-views-typed-sorted,1207300,133.563136,2179,277.0595703125,18.94129899999998,60.730369
sum_of_elements,1,fragments,182.03476900000896,12911.14750500001,0,1048576,,25814,0,96,219.56319,-52717.1337890625,,0,0,113,0,910,159.686943,int-list-views-typed-sorted,1212204,138.262088,2161,280.017578125,19.83268400000001,59.38195
sum_of_elements,1,fragments,182.03476900000896,13127.97699300001,0,1048576,,22494,0,97,216.829488,-40701.044921875,,0,0,97,0,926,156.458187,int-list-views-typed-sorted,1213224,136.032953,2151,282.6728515625,18.838716000000012,59.730805
sum_of_elements,1,fragments,182.03476900000896,13344.701087000009,0,1048576,,29688,0,98,216.724094,-54370.4140625,,0,0,76,0,947,154.734625,int-list-views-typed-sorted,1215396,134.059148,2158,284.51171875,19.116287000000007,61.494632
sum_of_elements,1,fragments,182.03476900000896,13563.315495000008,0,1048576,,20470,0,99,218.614408,-46695.88671875,,0,0,90,0,933,158.233123,int-list-views-typed-sorted,1218904,137.577968,2154,287.056640625,19.153631999999995,59.871235
sum_of_elements,1,fragments,182.03476900000896,13778.797388000008,0,1048576,,26839,0,100,215.481893,-45584.6494140625,,0,0,75,0,948,152.558175,int-list-views-typed-sorted,1223888,132.184755,2178,288.8544921875,18.77111500000001,62.415143
sum_of_elements,1,fragments,182.03476900000896,13992.893764000008,0,1048576,,30716,0,101,214.096376,-46594.3984375,,0,0,73,0,950,152.130898,int-list-views-typed-sorted,1227120,131.188625,2202,288.7568359375,19.34416999999999,61.319603
sum_of_elements,1,fragments,182.03476900000896,14216.699779000008,0,1048576,,22526,0,102,223.806015,-50637.3662109375,,0,0,82,0,941,157.5178,int-list-views-typed-sorted,1229940,137.398186,2213,291.0087890625,18.604786000000004,65.749909
sum_of_elements,1,fragments,182.03476900000896,14438.598687000007,0,1048576,,20699,0,103,221.898908,-43962.494140625,,0,0,76,0,947,156.971674,int-list-views-typed-sorted,1233616,136.165411,2175,296.7177734375,19.181627000000013,64.435076
sum_of_elements,1,fragments,182.03476900000896,14657.634709000007,0,1048576,,20675,0,104,219.036022,-40814.2626953125,,0,0,93,0,930,154.536976,int-list-views-typed-sorted,1234996,134.146168,2167,300.51171875,18.855373000000004,63.986351
sum_of_elements,1,fragments,182.03476900000896,14884.504184000007,0,1048576,,29883,0,105,226.869475,-48378.3779296875,,0,0,89,0,934,160.504236,int-list-views-typed-sorted,1237716,139.504327,2172,307.310546875,19.345822999999996,65.861576
sum_of_elements,1,fragments,182.03476900000896,15108.853696000007,0,1048576,,17603,0,106,224.349512,-38864.3740234375,,0,0,84,0,939,158.592856,int-list-views-typed-sorted,1239596,137.636961,2162,316.4521484375,19.382786000000003,65.248309
sum_of_elements,1,fragments,182.03476900000896,15331.341679000008,0,1048576,,11465,0,107,222.487983,-33737.009765625,,0,0,87,0,936,154.980855,int-list-views-typed-sorted,1242360,133.749791,2186,316.921875,19.60050799999999,66.987126
sum_of_elements,1,fragments,182.03476900000896,15554.983915000008,0,1048576,,16583,0,108,223.642236,-34588.1328125,,0,0,90,0,933,157.863447,int-list-views-typed-sorted,1247132,135.979664,2158,316.466796875,20.215169999999997,65.237246
sum_of_elements,1,fragments,182.03476900000896,15775.909091000009,0,1048576,,27618,0,109,220.925176,-47605.4521484375,,0,0,91,0,932,153.465182,int-list-views-typed-sorted,1248520,131.996011,2179,319.611328125,19.87940199999999,66.937599
sum_of_elements,1,fragments,182.03476900000896,16003.59771000001,0,1048576,,20901,0,110,227.688619,-34413.376953125,,0,0,86,0,937,158.637733,int-list-views-typed-sorted,1251412,137.44335,2181,318.2119140625,19.587556000000006,68.538224
sum_of_elements,1,fragments,182.03476900000896,16231.845017000009,0,1048576,,31354,0,111,228.247307,-46820.693359375,,0,0,90,0,933,157.259707,int-list-views-typed-sorted,1255808,134.997423,2190,322.6591796875,20.471147999999985,70.370478
sum_of_elements,1,fragments,182.03476900000896,16461.06535700001,0,1048576,,14533,0,112,229.22034,-30200.7646484375,,0,0,94,0,929,156.769168,int-list-views-typed-sorted,1262712,135.479598,2166,322.6572265625,19.622370000000018,71.947229
sum_of_elements,1,fragments,182.03476900000896,16687.42196800001,0,1048576,,15360,0,113,226.356611,-30443.208984375,,0,0,89,0,934,156.386339,int-list-views-typed-sorted,1265076,134.158794,2169,327.986328125,20.55984599999999,69.414227
sum_of_elements,1,fragments,182.03476900000896,16918.27133600001,0,1048576,,15349,0,114,230.849368,-34517.9111328125,,0,0,84,0,939,157.160686,int-list-views-typed-sorted,1268224,134.706128,2155,330.3828125,20.809614999999987,73.169154
sum_of_elements,1,fragments,182.03476900000896,17151.926227000007,0,1048576,,21496,0,115,233.654891,-36681.5849609375,,0,0,87,0,936,163.442759,int-list-views-typed-sorted,1269500,140.117603,2179,339.0986328125,21.601345,69.712834
sum_of_elements,1,fragments,182.03476900000896,17391.006991000006,0,1048576,,12495,0,116,239.080764,-30952.923828125,,0,0,74,0,949,165.387642,int-list-views-typed-sorted,1272140,143.366344,2190,340.5654296875,20.318931000000013,73.175737
sum_of_elements,1,fragments,182.03476900000896,17630.125474000004,0,1048576,,25006,0,117,239.118483,-50618.08203125,,0,0,80,0,943,164.577631,int-list-views-typed-sorted,1275188,141.725948,2179,350.83984375,21.168271999999995,74.028953
sum_of_elements,1,fragments,182.03476900000896,17860.462868000002,0,1048576,,16588,0,118,230.337394,-31456.482421875,,0,0,82,0,941,157.723587,int-list-views-typed-sorted,1282900,133.886177,2179,352.0263671875,22.023143000000005,72.055889
sum_of_elements,1,fragments,182.03476900000896,18091.408618,0,1048576,,25821,0,119,230.94575,-47360.8046875,,0,0,82,0,941,156.897001,int-list-views-typed-sorted,1288660,134.621847,2157,355.9228515625,20.557430000000004,73.544173
sum_of_elements,1,fragments,182.03476900000896,18324.296932,0,1048576,,13312,0,120,232.888314,-32950.458984375,,0,0,98,0,925,161.798057,int-list-views-typed-sorted,1290152,138.909557,2186,353.8232421875,21.140434000000003,70.554866
sum_of_elements,1,fragments,182.03476900000896,18559.63161,0,1048576,,14559,0,121,235.334678,-31165.0859375,,0,0,98,0,925,161.090074,int-list-views-typed-sorted,1293688,138.62713,2183,359.27734375,20.699833999999974,73.711148
sum_of_elements,1,fragments,182.03476900000896,18811.667353,0,1048576,,15796,0,122,252.035743,-36498.748046875,,0,0,87,0,936,168.862732,int-list-views-typed-sorted,1296772,143.766075,2170,366.7763671875,23.233841,82.682435
sum_of_elements,1,fragments,182.03476900000896,19052.225853,0,1048576,,19450,0,123,240.5585,-37083.8203125,,0,0,91,0,932,161.395483,int-list-views-typed-sorted,1299368,137.934496,2174,371.484375,21.599670000000003,78.609946
sum_of_elements,1,fragments,182.03476900000896,19301.008904,0,1048576,,10236,0,124,248.783051,-29234.326171875,,0,0,88,0,935,169.663865,int-list-views-typed-sorted,1301488,143.485369,2175,369.48046875,24.18889699999999,78.599715
sum_of_elements,1,fragments,182.03476900000896,19551.117574,0,1048576,,20474,0,125,250.10867,-39761.1015625,,0,0,87,0,936,175.466083,int-list-views-typed-sorted,1303344,151.115606,2179,363.7333984375,22.48890000000001,74.120992
sum_of_elements,1,fragments,182.03476900000896,19795.639200999998,0,1048576,,8873,0,126,244.521627,-28556.57421875,,0,0,79,0,944,166.017001,int-list-views-typed-sorted,1304540,142.707337,2188,360.7978515625,21.484808999999984,77.972669
sum_of_elements,1,fragments,182.03476900000896,20039.659157,0,1048576,,16370,0,127,244.019956,-35206.6884765625,,0,0,89,0,934,167.038769,int-list-views-typed-sorted,1305864,143.158286,2180,370.6279296875,22.062244999999997,76.427133
sum_of_elements,2,native,148.12661700000237,369.6261740000024,0,1048576,1175,318332,0,0,221.499557,-873309.2548828125,0,0,0,144,0,,,,,,,,,
sum_of_elements,2,native,148.12661700000237,567.4871670000024,0,1048576,1201,125515,0,1,197.860993,-828754.11328125,0,0,0,130,0,,,,,,,,,
sum_of_elements,2,native,148.12661700000237,751.3441430000024,0,1048576,1190,29684,0,2,183.856976,-802242.4189453125,0,0,0,129,0,,,,,,,,,
sum_of_elements,2,native,148.12661700000237,927.9655990000024,0,1048576,1154,18426,0,3,176.621456,-788483.5361328125,0,0,0,151,0,,,,,,,,,
sum_of_elements,2,native,148.12661700000237,1103.1787680000025,0,1048576,1230,18421,0,4,175.213169,-776432.49609375,6,0,0,115,0,,,,,,,,,
sum_of_elements,2,native,148.12661700000237,1279.5520570000026,0,1048576,1213,27617,0,5,176.373289,-774134.033203125,0,0,0,115,0,,,,,,,,,
sum_of_elements,2,native,148.12661700000237,1456.4627140000025,0,1048576,1198,15356,0,6,176.910657,-754766.0693359375,6,0,0,136,0,,,,,,,,,
sum_of_elements,2,native,148.12661700000237,1636.1932950000025,0,1048576,1237,8192,0,7,179.730581,-740690.943359375,8,0,0,105,0,,,,,,,,,
sum_of_elements,2,native,148.12661700000237,1818.1661290000025,0,1048576,1206,16384,0,8,181.972834,-720551.267578125,4,0,0,111,0,,,,,,,,,
sum_of_elements,2,native,148.12661700000237,2006.4844510000025,0,1048576,1214,15356,0,9,188.318322,-696995.8173828125,6,0,0,105,0,,,,,,,,,
sum_of_elements,2,native,148.12661700000237,2198.4038180000025,0,1048576,1232,24562,0,10,191.919367,-664929.208984375,10,0,0,94,0,,,,,,,,,
sum_of_elements,2,native,148.12661700000237,2397.4170910000025,0,1048576,1212,28656,0,11,199.013273,-629641.9697265625,12,0,0,116,0,,,,,,,,,
sum_of_elements,2,native,148.12661700000237,2597.0023000000024,0,1048576,1212,27638,0,12,199.585209,-567611.9189453125,10,0,0,114,0,,,,,,,,,
sum_of_elements,2,native,148.12661700000237,2802.4541770000023,0,1048576,1191,29203,0,13,205.451877,-496717.537109375,10,0,0,133,0,,,,,,,,,
sum_of_elements,2,native,148.12661700000237,3020.036052000002,0,1048576,1218,25585,0,14,217.581875,-402888.26171875,4,0,0,132,0,,,,,,,,,
sum_of_elements,2,native,148.12661700000237,3243.0846160000024,0,1048576,1199,22726,0,15,223.048564,-318958.517578125,4,0,0,122,0,,,,,,,,,
sum_of_elements,2,native,148.12661700000237,3476.7425160000025,0,1048576,1223,23974,0,16,233.6579,-247297.806640625,2,0,0,120,0,,,,,,,,,
sum_of_elements,2,native,148.12661700000237,3727.2301270000025,0,1048576,1219,17839,0,17,250.487611,-187094.5615234375,4,0,0,132,0,,,,,,,,,
sum_of_elements,2,native,148.12661700000237,3966.4120470000025,0,1048576,1250,21465,0,18,239.18192,-152392.44140625,2,0,0,94,0,,,,,,,,,
sum_of_elements,2,native,148.12661700000237,4210.032442000002,0,1048576,1212,21494,0,19,243.620395,-163196.517578125,2,0,0,114,0,,,,,,,,,
sum_of_elements,2,native,148.12661700000237,4462.657709000003,0,1048576,1228,18417,0,20,252.625267,-144671.3408203125,2,0,0,105,0,,,,,,,,,
sum_of_elements,2,native,148.12661700000237,4723.2677280000025,0,1048576,1220,11256,0,21,260.610019,-135361.3369140625,4,0,0,128,0,,,,,,,,,
sum_of_elements,2,native,148.12661700000237,4991.5840240000025,0,1048576,1201,22513,0,22,268.316296,-128316.818359375,4,0,0,130,0,,,,,,,,,
sum_of_elements,2,native,148.12661700000237,5262.903575000002,0,1048576,1201,8187,0,23,271.319551,-119039.6904296875,2,0,0,119,0,,,,,,,,,
sum_of_elements,2,native,148.12661700000237,5534.064536000002,0,1048576,1227,13299,0,24,271.160961,-100519.9755859375,0,0,0,106,0,,,,,,,,,
sum_of_elements,2,native,148.12661700000237,5820.995856000001,0,1048576,1191,5336,0,25,286.93132,-102989.115234375,4,0,0,137,0,,,,,,,,,
sum_of_elements,2,native,148.12661700000237,6109.132775000001,0,1048576,1209,16370,0,26,288.136919,-118008.447265625,0,0,0,144,0,,,,,,,,,
sum_of_elements,2,native,148.12661700000237,6406.777034000001,0,1048576,1206,7160,0,27,297.644259,-106768.57421875,4,0,0,129,0,,,,,,,,,
sum_of_elements,2,native,148.12661700000237,6706.631091000001,0,1048576,1204,13288,0,28,299.854057,-111117.498046875,4,0,0,114,0,,,,,,,,,
sum_of_elements,2,native,148.12661700000237,7014.542390000001,0,1048576,1182,12288,0,29,307.911299,-106913.3681640625,0,0,0,134,0,,,,,,,,,
sum_of_elements,2,native,148.12661700000237,7328.8838780000015,0,1048576,1196,8190,0,30,314.341488,-99480.9541015625,6,0,0,151,0,,,,,,,,,
sum_of_elements,2,native,148.12661700000237,7654.932660000001,0,1048576,1192,10240,0,31,326.048782,-86275.310546875,0,0,0,138,0,,,,,,,,,
sum_of_elements,2,fragments,193.1825669999962,267.4977599999962,0,1048576,,318332,0,0,74.315193,-873309.2548828125,,0,0,157,0,866,54.900071,int-list-views-typed-sorted-direct-root-window-unboxed-bound-add,1010860,43.621215,2286,52.9736328125,10.282880999999994,18.813523
sum_of_elements,2,fragments,193.1825669999962,339.00166599999625,0,1048576,,103128,0,1,71.503906,-822247.494140625,,0,0,184,0,839,58.561213,int-list-views-typed-sorted-direct-root-window-unboxed-bound-add,1011324,50.058905,2055,42.1611328125,7.626484,12.470755
sum_of_elements,2,fragments,193.1825669999962,413.89372399999627,0,1048576,,30098,0,2,74.892058,-795035.361328125,,0,0,237,0,786,64.604692,int-list-views-typed-sorted-direct-root-window-unboxed-bound-add,1011652,56.09201,1894,42.412109375,7.721973000000002,9.927117
sum_of_elements,2,fragments,193.1825669999962,486.9062179999963,0,1048576,,15354,0,3,73.012494,-774305.6865234375,,0,0,240,0,783,63.245594,int-list-views-typed-sorted-direct-root-window-unboxed-bound-add,1011872,55.100414,1816,44.9140625,7.392028999999999,9.392906
sum_of_elements,2,fragments,193.1825669999962,558.3437149999962,0,1048576,,29135,0,4,71.437497,-763702.5322265625,,0,0,251,0,772,61.943716,int-list-views-typed-sorted-direct-root-window-unboxed-bound-add,1012020,53.447269,1775,46.8896484375,7.7151040000000055,9.169446
sum_of_elements,2,fragments,193.1825669999962,630.4887249999962,0,1048576,,16853,0,5,72.14501,-727715.8984375,,0,0,237,0,786,61.884506,int-list-views-typed-sorted-direct-root-window-unboxed-bound-add,1012084,53.4655,1797,47.6025390625,7.62649,9.936978
sum_of_elements,2,fragments,193.1825669999962,701.7824509999962,0,1048576,,14827,0,6,71.293726,-700245.9375,,0,0,199,0,824,59.984228,int-list-views-typed-sorted-direct-root-window-unboxed-bound-add,1012152,51.185661,1760,50.6376953125,7.999967000000005,10.992061
sum_of_elements,2,fragments,193.1825669999962,769.5000599999962,0,1048576,,26810,0,7,67.717609,-645322.9736328125,,0,0,186,0,837,56.408952,int-list-views-typed-sorted-direct-root-window-unboxed-bound-add,1012272,47.396045,1795,53.8857421875,8.166004000000003,10.982036
sum_of_elements,2,fragments,193.1825669999962,844.1695249999962,0,1048576,,16384,0,8,74.669465,-579887.1826171875,,0,0,169,0,854,62.185512,int-list-views-typed-sorted-direct-root-window-unboxed-bound-add,1012496,52.991057,1820,56.9384765625,8.387387,12.14747
sum_of_elements,2,fragments,193.1825669999962,916.0455509999962,0,1048576,,25061,0,9,71.876026,-523271.8369140625,,0,0,163,0,860,58.772956,int-list-views-typed-sorted-direct-root-window-unboxed-bound-add,1012628,49.158179,1846,60.61328125,8.790942999999999,12.766754
sum_of_elements,2,fragments,193.1825669999962,989.5965129999962,0,1048576,,29638,0,10,73.550962,-459143.8115234375,,0,0,171,0,852,58.794699,int-list-views-typed-sorted-direct-root-window-unboxed-bound-add,1012856,49.100815,1842,63.912109375,8.849613,14.413619
sum_of_elements,2,fragments,193.1825669999962,1064.6953739999963,0,1048576,,30514,0,11,75.098861,-386628.6083984375,,0,0,166,0,857,60.031701,int-list-views-typed-sorted-direct-root-window-unboxed-bound-add,1013300,48.896103,1850,68.318359375,10.201762999999996,14.713269
sum_of_elements,2,fragments,193.1825669999962,1140.3639139999962,0,1048576,,42795,0,12,75.66854,-295971.52734375,,0,0,146,0,877,59.46468,int-list-views-typed-sorted-direct-root-window-unboxed-bound-add,1013804,49.00011,1824,72.2529296875,9.604926000000006,15.838441
sum_of_elements,2,fragments,193.1825669999962,1217.6209869999961,0,1048576,,54140,0,13,77.257073,-235237.8271484375,,0,0,145,0,878,60.662036,int-list-views-typed-sorted-direct-root-window-unboxed-bound-add,1014204,49.830629,1828,74.15234375,9.938472000000004,16.223221
sum_of_elements,2,fragments,193.1825669999962,1292.4548679999962,0,1048576,,58270,0,14,74.833881,-192556.0966796875,,0,0,131,0,892,58.139341,int-list-views-typed-sorted-direct-root-window-unboxed-bound-add,1014680,46.969465,1880,74.794921875,10.294098000000004,16.321687
sum_of_elements,2,fragments,193.1825669999962,1369.1267329999962,0,1048576,,54352,0,15,76.671865,-164652.0234375,,0,0,116,0,907,59.618772,int-list-views-typed-sorted-direct-root-window-unboxed-bound-add,1015024,48.648456,1881,75.353515625,9.992043000000002,16.629354
sum_of_elements,2,fragments,193.1825669999962,1448.1203819999962,0,1048576,,67755,0,16,78.993649,-165218.7509765625,,0,0,147,0,876,60.368637,int-list-views-typed-sorted-direct-root-window-unboxed-bound-add,1015400,48.636591,1894,76.55078125,10.800094000000001,18.150193
sum_of_elements,2,fragments,193.1825669999962,1528.5561319999963,0,1048576,,67973,0,17,80.43575,-158817.267578125,,0,0,143,0,880,61.843665,int-list-views-typed-sorted-direct-root-window-unboxed-bound-add,1015808,49.034257,1925,77.564453125,11.806014000000001,18.155212
sum_of_elements,2,fragments,193.1825669999962,1608.6199729999962,0,1048576,,79959,0,18,80.063841,-163991.1904296875,,0,0,133,0,890,60.799901,int-list-views-typed-sorted-direct-root-window-unboxed-bound-add,1016120,48.110032,1982,79.595703125,11.582153000000002,18.840909
sum_of_elements,2,fragments,193.1825669999962,1692.358527999996,0,1048576,,56494,0,19,83.738555,-134921.33203125,,0,0,120,0,903,63.74861,int-list-views-typed-sorted-direct-root-window-unboxed-bound-add,1016604,50.680877,2013,82.0009765625,12.047478,19.50421
sum_of_elements,2,fragments,193.1825669999962,1777.114994999996,0,1048576,,76971,0,20,84.756467,-162225.6923828125,,0,0,126,0,897,62.247821,int-list-views-typed-sorted-direct-root-window-unboxed-bound-add,1017036,49.495592,2029,85.1337890625,11.796413,22.038847
sum_of_elements,2,fragments,193.1825669999962,1864.436298999996,0,1048576,,69426,0,21,87.321304,-139336.91796875,,0,0,118,0,905,63.71606,int-list-views-typed-sorted-direct-root-window-unboxed-bound-add,1017456,50.417319,2056,88.455078125,12.328748999999998,23.125112
sum_of_elements,2,fragments,193.1825669999962,1953.243441999996,0,1048576,,48416,0,22,88.807143,-113719.640625,,0,0,110,0,913,64.33611,int-list-views-typed-sorted-direct-root-window-unboxed-bound-add,1018032,50.877507,2074,90.275390625,12.437511000000004,23.973153
sum_of_elements,2,fragments,193.1825669999962,2040.257268999996,0,1048576,,56880,0,23,87.013827,-123637.6328125,,0,0,121,0,902,65.049906,int-list-views-typed-sorted-direct-root-window-unboxed-bound-add,1018660,51.609513,2062,92.345703125,12.404033999999992,21.480867
sum_of_elements,2,fragments,193.1825669999962,2124.1825739999963,0,1048576,,47923,0,24,83.925305,-111809.7998046875,,0,0,102,0,921,63.149833,int-list-views-typed-sorted-direct-root-window-unboxed-bound-add,1019432,51.80775,2081,94.1298828125,10.411887,20.33953
sum_of_elements,2,fragments,193.1825669999962,2211.442459999996,0,1048576,,58467,0,25,87.259886,-114480.943359375,,0,0,133,0,890,65.369037,int-list-views-typed-sorted-direct-root-window-unboxed-bound-add,1020764,53.99347,2058,97.140625,10.457716000000008,21.463954
sum_of_elements,2,fragments,193.1825669999962,2297.3530949999963,0,1048576,,57305,0,26,85.910635,-118260.7216796875,,0,0,123,0,900,63.703421,int-list-views-typed-sorted-direct-root-window-unboxed-bound-add,1021976,51.450706,2071,101.1376953125,11.259359,21.750474
sum_of_elements,2,fragments,193.1825669999962,2386.5029459999964,0,1048576,,50158,0,27,89.149851,-98781.7255859375,,0,0,109,0,914,65.359021,int-list-views-typed-sorted-direct-root-window-unboxed-bound-add,1023452,52.941747,2093,101.6943359375,11.493635999999999,23.328679
sum_of_elements,2,fragments,193.1825669999962,2475.1285839999964,0,1048576,,39907,0,28,88.625638,-89527.8896484375,,0,0,115,0,908,65.505318,int-list-views-typed-sorted-direct-root-window-unboxed-bound-add,1025044,53.352962,2110,102.79296875,11.233446,22.692212
sum_of_elements,2,fragments,193.1825669999962,2562.0516369999964,0,1048576,,50481,0,29,86.923053,-101794.8330078125,,0,0,135,0,888,64.819141,int-list-views-typed-sorted-direct-root-window-unboxed-bound-add,1025900,52.037875,2112,104.3466796875,11.861912000000004,21.652192
sum_of_elements,2,fragments,193.1825669999962,2652.0345789999965,0,1048576,,42131,0,30,89.982942,-95916.2724609375,,0,0,107,0,916,65.491674,int-list-views-typed-sorted-direct-root-window-unboxed-bound-add,1027264,53.496624,2109,107.060546875,11.002642000000002,24.044494
sum_of_elements,2,fragments,193.1825669999962,2742.9767319999964,0,1048576,,48080,0,31,90.942153,-92789.2158203125,,0,0,117,0,906,65.346162,int-list-views-typed-sorted-direct-root-window-unboxed-bound-add,1029824,52.67243,2078,110.1640625,11.617166000000008,25.1693
sum_of_elements,2,fragments,193.1825669999962,2835.1569479999966,0,1048576,,56246,0,32,92.180216,-92470.953125,,0,0,106,0,917,66.830678,int-list-views-typed-sorted-direct-root-window-unboxed-bound-add,1031612,54.238288,2097,112.2373046875,11.523834000000008,24.901666
sum_of_elements,2,fragments,193.1825669999962,2929.6722129999966,0,1048576,,52780,0,33,94.515265,-88400.71484375,,0,0,107,0,916,68.469235,int-list-views-typed-sorted-direct-root-window-unboxed-bound-add,1034808,55.655258,2144,116.916015625,11.764049999999994,25.615126
sum_of_elements,2,fragments,193.1825669999962,3026.5363379999967,0,1048576,,45512,0,34,96.864125,-87910.685546875,,0,0,117,0,906,68.61758,int-list-views-typed-sorted-direct-root-window-unboxed-bound-add,1037080,55.356424,2096,119.1474609375,12.173014000000002,27.798931
sum_of_elements,2,fragments,193.1825669999962,3121.788578999997,0,1048576,,52147,0,35,95.252241,-85154.8515625,,0,0,108,0,915,67.650568,int-list-views-typed-sorted-direct-root-window-unboxed-bound-add,1039404,54.419326,2126,120.2890625,12.116734000000008,27.136926
sum_of_elements,2,fragments,193.1825669999962,3216.846303999997,0,1048576,,60388,0,36,95.057725,-91360.654296875,,0,0,106,0,917,66.933835,int-list-views-typed-sorted-direct-root-window-unboxed-bound-add,1041760,53.474377,2108,123.3837890625,12.348151000000003,27.63667
sum_of_elements,2,fragments,193.1825669999962,3375.173885999997,0,1048576,,43882,0,37,158.327582,-74672.1689453125,,0,0,110,0,913,132.090517,int-list-views-typed-sorted,1043720,118.65768,2143,125.46484375,12.368330000000007,25.789796
sum_of_elements,2,fragments,193.1825669999962,3474.532938999997,0,1048576,,56158,0,38,99.359053,-94430.43359375,,0,0,106,0,917,70.668587,int-list-views-typed-sorted-direct-root-window-unboxed-bound-add,1046624,57.489727,2139,128.244140625,12.036140000000008,28.228953
sum_of_elements,2,fragments,193.1825669999962,3576.205319999997,0,1048576,,60392,0,39,101.672381,-91732.33203125,,0,0,110,0,913,71.342777,int-list-views-typed-sorted-direct-root-window-unboxed-bound-add,1048712,56.538711,2115,131.0244140625,13.665972000000005,29.741233
sum_of_elements,2,fragments,193.1825669999962,3676.748927999997,0,1048576,,40321,0,40,100.543608,-75922.6494140625,,0,0,117,0,906,70.306729,int-list-views-typed-sorted-direct-root-window-unboxed-bound-add,1050520,56.201611,2110,134.689453125,12.914882999999996,29.809265
sum_of_elements,2,fragments,193.1825669999962,3781.294072999997,0,1048576,,43956,0,41,104.545145,-69475.7177734375,,0,0,106,0,917,72.834643,int-list-views-typed-sorted-direct-root-window-unboxed-bound-add,1052416,58.752494,2125,137.7080078125,12.952338000000001,31.217909
sum_of_elements,2,fragments,193.1825669999962,3888.0993969999968,0,1048576,,46853,0,42,106.805324,-68919.5322265625,,0,0,91,0,932,74.427618,int-list-views-typed-sorted-direct-root-window-unboxed-bound-add,1054380,59.948251,2130,136.8466796875,13.26174499999999,31.84349
sum_of_elements,2,fragments,193.1825669999962,3990.776740999997,0,1048576,,47935,0,43,102.677344,-76674.3330078125,,0,0,121,0,902,70.421291,int-list-views-typed-sorted-direct-root-window-unboxed-bound-add,1055832,56.035367,2128,137.5146484375,13.180317999999993,31.782285
sum_of_elements,2,fragments,193.1825669999962,4095.543385999997,0,1048576,,44983,0,44,104.766645,-76108.8837890625,,0,0,104,0,919,72.152631,int-list-views-typed-sorted-direct-root-window-unboxed-bound-add,1058056,56.717731,2142,140.849609375,14.257547000000004,32.167689
sum_of_elements,2,fragments,193.1825669999962,4201.951413999997,0,1048576,,39893,0,45,106.408028,-67177.69921875,,0,0,124,0,899,72.553053,int-list-views-typed-sorted-direct-root-window-unboxed-bound-add,1060440,57.17893,2114,143.279296875,14.106243000000008,33.255336
sum_of_elements,2,fragments,193.1825669999962,4309.048023999997,0,1048576,,54150,0,46,107.09661,-82134.021484375,,0,0,118,0,905,71.894816,int-list-views-typed-sorted-direct-root-window-unboxed-bound-add,1063572,55.929777,2109,144.994140625,14.697909000000012,34.740221
sum_of_elements,2,fragments,193.1825669999962,4416.922869999997,0,1048576,,38891,0,47,107.874846,-72033.240234375,,0,0,116,0,907,73.979455,int-list-views-typed-sorted-direct-root-window-unboxed-bound-add,1066108,58.958939,2104,146.3916015625,13.805467999999996,33.429689
sum_of_elements,2,fragments,193.1825669999962,4522.652669999997,0,1048576,,42979,0,48,105.7298,-72177.6015625,,0,0,101,0,922,71.305773,int-list-views-typed-sorted-direct-root-window-unboxed-bound-add,1068240,56.733336,2131,148.849609375,13.404696000000003,33.955182
sum_of_elements,2,fragments,193.1825669999962,4631.5169579999965,0,1048576,,40104,0,49,108.864288,-65324.3662109375,,0,0,107,0,916,73.122993,int-list-views-typed-sorted-direct-root-window-unboxed-bound-add,1070628,59.082239,2118,149.1748046875,12.832191000000002,35.271605
sum_of_elements,2,fragments,193.1825669999962,4797.831756999996,0,1048576,,49319,0,50,166.314799,-78046.623046875,,0,0,106,0,917,131.773678,int-list-views-typed-sorted,1072672,116.896224,2123,151.95703125,13.734743999999996,34.067546
sum_of_elements,2,fragments,193.1825669999962,4903.915866999996,0,1048576,,47016,0,51,106.08411,-83663.638671875,,0,0,111,0,912,72.150693,int-list-views-typed-sorted-direct-root-window-unboxed-bound-add,1074412,56.961258,2131,154.9970703125,13.988902999999999,33.479736
sum_of_elements,2,fragments,193.1825669999962,5018.274190999996,0,1048576,,44777,0,52,114.358324,-70712.857421875,,0,0,108,0,915,74.950141,int-list-views-typed-sorted-direct-root-window-unboxed-bound-add,1075908,60.583116,2120,152.55859375,13.113845999999999,38.94753
sum_of_elements,2,fragments,193.1825669999962,5189.133764999996,0,1048576,,48116,0,53,170.859574,-80860.8271484375,,0,0,96,0,927,135.866021,int-list-views-typed-sorted,1077736,121.17885,2157,159.2646484375,13.51413599999998,34.470186
sum_of_elements,2,fragments,193.1825669999962,5362.578563999996,0,1048576,,41254,0,54,173.444799,-72752.07421875,,0,0,99,0,924,135.757037,int-list-views-typed-sorted,1080604,120.297559,2160,156.3671875,14.307272,37.205753
sum_of_elements,2,fragments,193.1825669999962,5534.596272999996,0,1048576,,42184,0,55,172.017709,-77690.9833984375,,0,0,124,0,899,133.5888,int-list-views-typed-sorted,1082188,118.138658,2106,156.9501953125,14.149890999999995,37.943893
sum_of_elements,2,fragments,193.1825669999962,5710.978333999996,0,1048576,,35806,0,56,176.382061,-66174.1767578125,,0,0,103,0,920,139.165471,int-list-views-typed-sorted,1083536,123.080915,2131,159.1083984375,14.924587000000006,36.734422
sum_of_elements,2,fragments,193.1825669999962,5884.341460999995,0,1048576,,40935,0,57,173.363127,-74199.333984375,,0,0,96,0,927,134.90108,int-list-views-typed-sorted,1084932,119.523821,2155,162.5732421875,14.214003000000018,37.955103
sum_of_elements,2,fragments,193.1825669999962,6060.677341999995,0,1048576,,40814,0,58,176.335881,-77712.359375,,0,0,94,0,929,137.589968,int-list-views-typed-sorted,1087288,121.2723,2129,161.7958984375,15.051899999999995,38.283543
sum_of_elements,2,fragments,193.1825669999962,6236.954674999995,0,1048576,,50088,0,59,176.277333,-88646.271484375,,0,0,110,0,913,135.676878,int-list-views-typed-sorted,1089060,120.192966,2078,164.064453125,14.335352999999998,40.128684
sum_of_elements,2,fragments,193.1825669999962,6409.224410999996,0,1048576,,47237,0,60,172.269736,-76874.2734375,,0,0,115,0,908,134.152568,int-list-views-typed-sorted,1089732,117.894003,2096,166.9912109375,15.033841999999993,37.654094
sum_of_elements,2,fragments,193.1825669999962,6580.8130939999955,0,1048576,,38480,0,61,171.588683,-74182.6513671875,,0,0,93,0,930,134.51731,int-list-views-typed-sorted,1090492,119.18728,2145,167.28125,14.12710500000002,36.605176
sum_of_elements,2,fragments,193.1825669999962,6755.445938999996,0,1048576,,36009,0,62,174.632845,-72631.833984375,,0,0,89,0,934,134.837589,int-list-views-typed-sorted,1091732,119.250701,2131,170.2587890625,14.435917000000009,39.30379
sum_of_elements,2,fragments,193.1825669999962,6932.649394999996,0,1048576,,46468,0,63,177.203456,-75096.828125,,0,0,114,0,909,137.923534,int-list-views-typed-sorted,1093560,121.362679,2109,168.8876953125,15.268742000000001,38.812606
sum_of_elements,2,fragments,193.1825669999962,7048.3733129999955,0,1048576,,31733,0,64,115.723918,-65409.58984375,,0,0,85,0,938,74.253687,int-list-views-typed-sorted-direct-root-window-unboxed-bound-add,1095328,58.309131,2122,173.1865234375,14.737837999999998,40.998894
sum_of_elements,2,fragments,193.1825669999962,7163.491870999996,0,1048576,,44002,0,65,115.118558,-74711.5791015625,,0,0,113,0,910,76.07795,int-list-views-typed-sorted-direct-root-window-unboxed-bound-add,1096080,60.038801,2137,175.83203125,14.811002000000004,38.507969
sum_of_elements,2,fragments,193.1825669999962,7279.888640999996,0,1048576,,41063,0,66,116.39677,-71125.0146484375,,0,0,99,0,924,75.183389,int-list-views-typed-sorted-direct-root-window-unboxed-bound-add,1097456,59.142588,2136,176.1943359375,14.823794000000007,40.757492
sum_of_elements,2,fragments,193.1825669999962,7396.4366429999955,0,1048576,,38048,0,67,116.548002,-62117.3095703125,,0,0,88,0,935,75.109031,int-list-views-typed-sorted-direct-root-window-unboxed-bound-add,1098628,59.424577,2165,178.8623046875,14.489959000000006,40.962042
sum_of_elements,2,fragments,193.1825669999962,7572.858128999996,0,1048576,,47206,0,68,176.421486,-69077.8359375,,0,0,100,0,923,134.912411,int-list-views-typed-sorted,1101568,118.629562,2175,183.123046875,15.109554999999993,40.963652
sum_of_elements,2,fragments,193.1825669999962,7753.792047999996,0,1048576,,27638,0,69,180.933919,-50330.1044921875,,0,0,114,0,909,138.399587,int-list-views-typed-sorted,1105312,121.859066,2152,187.5390625,15.311270999999985,42.054264
sum_of_elements,2,fragments,193.1825669999962,7931.648098999995,0,1048576,,38997,0,70,177.856051,-65318.2001953125,,0,0,96,0,927,133.124113,int-list-views-typed-sorted,1107788,116.751264,2156,193.806640625,15.121034999999992,44.223519
sum_of_elements,2,fragments,193.1825669999962,8112.828473999995,0,1048576,,35299,0,71,181.180375,-58680.5107421875,,0,0,98,0,925,138.075459,int-list-views-typed-sorted,1111268,120.704525,2135,197.1884765625,16.047899,42.615567
sum_of_elements,2,fragments,193.1825669999962,8299.721720999996,0,1048576,,28713,0,72,186.893247,-55846.900390625,,0,0,84,0,939,141.285829,int-list-views-typed-sorted,1114908,125.352666,2158,202.232421875,14.69596400000001,45.117785
sum_of_elements,2,fragments,193.1825669999962,8485.117850999995,0,1048576,,30653,0,73,185.39613,-58551.0029296875,,0,0,80,0,943,139.012002,int-list-views-typed-sorted,1118860,121.813766,2144,205.2470703125,15.902496,45.893843
sum_of_elements,2,fragments,193.1825669999962,8672.761276999996,0,1048576,,19382,0,74,187.643426,-39542.3671875,,0,0,93,0,930,142.327619,int-list-views-typed-sorted,1121824,125.221813,2162,209.216796875,15.823483999999985,44.838814
sum_of_elements,2,fragments,193.1825669999962,8861.374859999996,0,1048576,,28323,0,75,188.613583,-47179.8681640625,,0,0,96,0,927,140.756172,int-list-views-typed-sorted,1125332,123.236696,2156,213.912109375,16.180613,47.36652
sum_of_elements,2,fragments,193.1825669999962,9052.078619999997,0,1048576,,44717,0,76,190.70376,-66884.9619140625,,0,0,84,0,939,140.564215,int-list-views-typed-sorted,1128148,122.824155,2179,217.400390625,16.349979999999995,49.647503
sum_of_elements,2,fragments,193.1825669999962,9247.470342999997,0,1048576,,22886,0,77,195.391723,-52200.6435546875,,0,0,106,0,917,146.677974,int-list-views-typed-sorted,1132152,127.347042,2158,218.8388671875,17.813117000000013,48.224985
sum_of_elements,2,fragments,193.1825669999962,9441.866372999997,0,1048576,,30665,0,78,194.39603,-48202.7763671875,,0,0,95,0,928,143.449544,int-list-views-typed-sorted,1135324,125.48312,2165,220.5205078125,16.618085000000008,50.429182
sum_of_elements,2,fragments,193.1825669999962,9638.742457999997,0,1048576,,36030,0,79,196.876085,-61784.8974609375,,0,0,98,0,925,143.905816,int-list-views-typed-sorted,1138304,124.800189,2137,223.1162109375,17.65501499999998,52.478333
sum_of_elements,2,fragments,193.1825669999962,9829.121068999997,0,1048576,,29042,0,80,190.378611,-46546.2177734375,,0,0,97,0,926,142.809657,int-list-views-typed-sorted,1139552,123.996115,2149,227.458984375,17.45694899999998,47.068038
sum_of_elements,2,fragments,193.1825669999962,10027.350810999997,0,1048576,,32063,0,81,198.229742,-62463.9453125,,0,0,108,0,915,145.200709,int-list-views-typed-sorted,1142228,127.044539,2144,229.4814453125,16.753823999999994,52.462892
sum_of_elements,2,fragments,193.1825669999962,10222.813039999997,0,1048576,,32036,0,82,195.462229,-47974.9755859375,,0,0,95,0,928,144.761011,int-list-views-typed-sorted,1146560,124.912176,2158,231.11328125,18.352774999999983,50.16139
sum_of_elements,2,fragments,193.1825669999962,10418.134405999997,0,1048576,,27569,0,83,195.321366,-43718.3837890625,,0,0,99,0,924,144.776995,int-list-views-typed-sorted,1149144,126.349644,2190,229.20703125,17.00466499999999,50.046478
sum_of_elements,2,fragments,193.1825669999962,10616.401277999998,0,1048576,,28661,0,84,198.266872,-45537.9140625,,0,0,107,0,916,144.231017,int-list-views-typed-sorted,1151708,125.722637,2153,225.376953125,17.148898999999993,53.527611
sum_of_elements,2,fragments,193.1825669999962,10817.479438999997,0,1048576,,29669,0,85,201.078161,-47254.5126953125,,0,0,90,0,933,150.033972,int-list-views-typed-sorted,1152436,130.756671,2162,224.8837890625,17.760862000000017,50.571747
sum_of_elements,2,fragments,193.1825669999962,11016.356747999997,0,1048576,,33734,0,86,198.877309,-51833.921875,,0,0,92,0,931,143.576178,int-list-views-typed-sorted,1153312,125.289262,2152,227.408203125,16.899810999999996,54.796133
sum_of_elements,2,fragments,193.1825669999962,11222.923983999997,0,1048576,,31415,0,87,206.567236,-48674.01953125,,0,0,92,0,931,155.521135,int-list-views-typed-sorted,1154056,136.264355,2180,231.6484375,17.712370999999983,50.53807
sum_of_elements,2,fragments,193.1825669999962,11428.014839999998,0,1048576,,21467,0,88,205.090856,-34644.544921875,,0,0,107,0,916,150.672253,int-list-views-typed-sorted,1156784,132.048959,2165,239.8994140625,17.246213000000008,53.911707
sum_of_elements,2,fragments,193.1825669999962,11643.631523999999,0,1048576,,21663,0,89,215.616684,-34904.51953125,,0,0,91,0,932,162.300998,int-list-views-typed-sorted,1164164,140.857724,2139,243.44140625,19.849061999999996,52.695525
sum_of_elements,2,fragments,193.1825669999962,11849.938334999999,0,1048576,,21013,0,90,206.306811,-41827.111328125,,0,0,127,0,896,154.25684,int-list-views-typed-sorted,1165752,135.694642,2147,244.611328125,17.082421000000018,51.554593
sum_of_elements,2,fragments,193.1825669999962,12063.069707999999,0,1048576,,33784,0,91,213.131373,-55513.017578125,,0,0,96,0,927,155.230438,int-list-views-typed-sorted,1168888,135.61941,2131,245.70703125,18.154862,57.404259
sum_of_elements,2,fragments,193.1825669999962,12277.430107999999,0,1048576,,39239,0,92,214.3604,-61273.984375,,0,0,91,0,932,159.879126,int-list-views-typed-sorted,1172424,139.679607,2172,249.796875,18.72895400000001,53.938271
sum_of_elements,2,fragments,193.1825669999962,12491.135271,0,1048576,,27982,0,93,213.705163,-51125.9716796875,,0,0,102,0,921,158.158392,int-list-views-typed-sorted,1176720,138.123823,2163,255.83203125,18.514851000000004,55.048526
sum_of_elements,2,fragments,193.1825669999962,12708.389422999999,0,1048576,,36488,0,94,217.254152,-56125.833984375,,0,0,82,0,941,161.196989,int-list-views-typed-sorted,1181468,140.858824,2173,262.1845703125,18.837527,55.551498
sum_of_elements,2,fragments,193.1825669999962,12924.566055,0,1048576,,37729,0,95,216.176632,-56334.84765625,,0,0,78,0,945,159.512875,int-list-views-typed-sorted,1185508,139.471387,2195,264.720703125,18.575088000000008,56.151857
sum_of_elements,2,fragments,193.1825669999962,13146.697886,0,1048576,,39537,0,96,222.131831,-56200.0107421875,,0,0,102,0,921,161.285484,int-list-views-typed-sorted,1188800,140.656576,2145,265.791015625,19.08704699999999,60.234733
sum_of_elements,2,fragments,193.1825669999962,13360.018414,0,1048576,,27127,0,97,213.320528,-50647.2412109375,,0,0,91,0,932,155.34558,int-list-views-typed-sorted,1189984,133.783962,2149,268.3212890625,20.02338100000001,57.491585
sum_of_elements,2,fragments,193.1825669999962,13576.456841,0,1048576,,37903,0,98,216.438427,-53284.3095703125,,0,0,100,0,923,158.840046,int-list-views-typed-sorted,1192716,137.848761,2156,270.3046875,19.446451000000003,57.097109
sum_of_elements,2,fragments,193.1825669999962,13799.454794,0,1048576,,31914,0,99,222.997953,-45744.9052734375,,0,0,103,0,920,163.665876,int-list-views-typed-sorted,1194164,142.762641,2156,270.1513671875,19.377978,58.758434
sum_of_elements,2,fragments,193.1825669999962,14013.638282,0,1048576,,18608,0,100,214.183488,-35323.7939453125,,0,0,99,0,924,154.308622,int-list-views-typed-sorted,1197060,133.940808,2169,270.6689453125,18.811637000000026,59.336035
sum_of_elements,2,fragments,193.1825669999962,14226.128858,0,1048576,,29356,0,101,212.490576,-48584.0224609375,,0,0,93,0,930,149.516418,int-list-views-typed-sorted,1198536,128.874441,2172,271.6826171875,19.126479999999987,62.428283
sum_of_elements,2,fragments,193.1825669999962,14448.541691,0,1048576,,31623,0,102,222.412833,-49058.14453125,,0,0,93,0,930,160.356516,int-list-views-typed-sorted,1200252,138.195658,2166,273.3818359375,20.581236999999987,61.542837
sum_of_elements,2,fragments,193.1825669999962,14661.189249000001,0,1048576,,23931,0,103,212.647558,-35617.4052734375,,0,0,95,0,928,152.118579,int-list-views-typed-sorted,1202312,131.143663,2210,278.10546875,19.454714000000024,59.991771
sum_of_elements,2,fragments,193.1825669999962,14883.023902,0,1048576,,25424,0,104,221.834653,-40211.560546875,,0,0,88,0,935,160.324957,int-list-views-typed-sorted,1205072,139.737394,2195,277.328125,18.975541000000014,60.921562
sum_of_elements,2,fragments,193.1825669999962,15104.242757,0,1048576,,25896,0,105,221.218855,-43439.521484375,,0,0,92,0,931,156.041175,int-list-views-typed-sorted,1207736,135.706873,2176,276.3671875,18.72667900000001,64.615697
sum_of_elements,2,fragments,193.1825669999962,15317.504269,0,1048576,,25358,0,106,213.261512,-42102.0341796875,,0,0,92,0,931,152.900035,int-list-views-typed-sorted,1209384,131.996067,2182,279.869140625,19.338649000000004,59.824654
sum_of_elements,2,fragments,193.1825669999962,15534.668781999999,0,1048576,,18496,0,107,217.164513,-37875.4072265625,,0,0,97,0,926,154.017456,int-list-views-typed-sorted,1210664,134.013798,2153,277.06640625,18.475104,62.628527
sum_of_elements,2,fragments,193.1825669999962,15751.171191,0,1048576,,25954,0,108,216.502409,-39201.2802734375,,0,0,98,0,925,155.642366,int-list-views-typed-sorted,1211788,134.466725,2153,279.59765625,19.637532999999998,60.276142
sum_of_elements,2,fragments,193.1825669999962,15972.762765,0,1048576,,27726,0,109,221.591574,-46197.2197265625,,0,0,105,0,918,160.214894,int-list-views-typed-sorted,1212588,139.024641,2163,283.0654296875,19.571532999999995,60.82221
sum_of_elements,2,fragments,193.1825669999962,16195.090355999999,0,1048576,,33910,0,110,222.327591,-53805.24609375,,0,0,80,0,943,157.644887,int-list-views-typed-sorted,1213920,136.03588,2177,289.662109375,19.940631000000025,64.107069
sum_of_elements,2,fragments,193.1825669999962,16417.75421,0,1048576,,33076,0,111,222.663854,-44762.36328125,,0,0,102,0,921,158.910439,int-list-views-typed-sorted,1215072,137.189679,2183,293.095703125,20.090282000000006,63.217949
sum_of_elements,2,fragments,193.1825669999962,16647.793343999998,0,1048576,,22748,0,112,230.039134,-40515.8046875,,0,0,95,0,928,164.382245,int-list-views-typed-sorted,1216596,142.360049,2194,292.94921875,20.44400100000002,65.143292
sum_of_elements,2,fragments,193.1825669999962,16876.938058999996,0,1048576,,15793,0,113,229.144715,-32469.0703125,,0,0,84,0,939,160.714119,int-list-views-typed-sorted,1218992,139.098457,2166,293.9111328125,20.083977000000008,67.924731
sum_of_elements,2,fragments,193.1825669999962,17109.870899999998,0,1048576,,32745,0,114,232.932841,-45191.4892578125,,0,0,88,0,935,166.003634,int-list-views-typed-sorted,1221108,144.343109,2152,298.2685546875,20.097742999999998,66.406618
sum_of_elements,2,fragments,193.1825669999962,17339.267805,0,1048576,,24092,0,115,229.396905,-41071.201171875,,0,0,87,0,936,163.618821,int-list-views-typed-sorted,1225760,141.840705,2159,299.7734375,20.044384,65.257366
sum_of_elements,2,fragments,193.1825669999962,17565.322363,0,1048576,,19441,0,116,226.054558,-32747.564453125,,0,0,98,0,925,159.942603,int-list-views-typed-sorted,1227868,137.857009,2173,297.853515625,20.441615999999996,65.582512
sum_of_elements,2,fragments,193.1825669999962,17800.999594,0,1048576,,29589,0,117,235.677231,-46242.39453125,,0,0,100,0,923,166.647525,int-list-views-typed-sorted,1230376,144.592406,2136,303.2158203125,20.432976000000014,68.504869
sum_of_elements,2,fragments,193.1825669999962,18027.742748,0,1048576,,29565,0,118,226.743154,-47888.474609375,,0,0,95,0,928,160.665526,int-list-views-typed-sorted,1231824,137.478637,2158,310.810546875,21.425970999999993,65.540505
sum_of_elements,2,fragments,193.1825669999962,18259.390012,0,1048576,,22282,0,119,231.647264,-44393.0830078125,,0,0,112,0,911,165.871756,int-list-views-typed-sorted,1233312,143.522903,2157,313.1611328125,20.650275000000015,65.215592
sum_of_elements,2,fragments,193.1825669999962,18491.037345,0,1048576,,21829,0,120,231.647333,-37088.8134765625,,0,0,87,0,936,162.58829,int-list-views-typed-sorted,1236012,141.404339,2140,315.5966796875,19.56075399999999,68.520489
sum_of_elements,2,fragments,193.1825669999962,18726.679285000002,0,1048576,,21618,0,121,235.64194,-37630.1982421875,,0,0,107,0,916,168.294952,int-list-views-typed-sorted,1238652,145.830935,2155,319.224609375,20.778984999999984,66.786715
sum_of_elements,2,fragments,193.1825669999962,18966.072725,0,1048576,,14112,0,122,239.39344,-29535.6064453125,,0,0,108,0,915,172.052934,int-list-views-typed-sorted,1239960,149.330751,2180,323.0498046875,21.070866000000002,66.828172
sum_of_elements,2,fragments,193.1825669999962,19203.151892,0,1048576,,21836,0,123,237.079167,-44433.541015625,,0,0,90,0,933,166.95114,int-list-views-typed-sorted,1243644,144.308515,2158,325.1435546875,20.949725000000008,69.53603
sum_of_elements,2,fragments,193.1825669999962,19441.11719,0,1048576,,25735,0,124,237.965298,-34722.8837890625,,0,0,89,0,934,167.243641,int-list-views-typed-sorted,1249240,145.604136,2169,327.7548828125,20.033759999999994,70.207931
sum_of_elements,2,fragments,193.1825669999962,19696.808294000002,0,1048576,,24345,0,125,255.691104,-43796.603515625,,0,0,114,0,909,181.347676,int-list-views-typed-sorted,1251512,158.379643,2099,328.765625,21.263388999999997,73.756892
sum_of_elements,2,fragments,193.1825669999962,19931.950012,0,1048576,,26294,0,126,235.141718,-40307.8427734375,,0,0,92,0,931,163.612255,int-list-views-typed-sorted,1254132,139.59417,2134,330.048828125,22.28737400000002,71.035587
sum_of_elements,2,fragments,193.1825669999962,20172.967696,0,1048576,,16254,0,127,241.017684,-33592.3369140625,,0,0,97,0,926,167.967386,int-list-views-typed-sorted,1258040,144.84644,2165,333.9853515625,21.500727999999995,72.540408
house_robber,0,native,137.87509599999916,353.66092599999917,-8503,1048576,1211,0,0,0,215.78583,-117310.05859375,0,0,0,109,0,,,,,,,,,
house_robber,0,native,137.87509599999916,535.3651369999991,-9271,1048576,1223,0,0,1,181.704211,-74130.099609375,0,0,0,102,0,,,,,,,,,
house_robber,0,native,137.87509599999916,698.3072439999991,-8647,1048576,1213,0,0,2,162.942107,-65447.4697265625,0,0,0,144,0,,,,,,,,,
house_robber,0,native,137.87509599999916,840.442075999999,-8479,1048576,1190,0,0,3,142.134832,-66115.5439453125,0,0,0,116,0,,,,,,,,,
house_robber,0,native,137.87509599999916,979.006844999999,-8479,1048576,1231,0,0,4,138.564769,-64793.7080078125,0,0,0,115,0,,,,,,,,,
house_robber,0,native,137.87509599999916,1115.046114999999,-8503,1048576,1207,0,0,5,136.03927,-58517.455078125,2,0,0,116,0,,,,,,,,,
house_robber,0,native,137.87509599999916,1254.918279999999,-8254,1048576,1225,0,0,6,139.872165,-54968.3583984375,4,0,0,124,0,,,,,,,,,
house_robber,0,native,137.87509599999916,1397.110188999999,-8479,1048576,1250,0,0,7,142.191909,-57075.197265625,0,0,0,88,0,,,,,,,,,
house_robber,0,native,137.87509599999916,1544.6179089999991,-8473,1048576,1212,0,0,8,147.50772,-57161.962890625,4,0,0,113,0,,,,,,,,,
house_robber,0,native,137.87509599999916,1698.785847999999,-7570,1048576,1223,0,0,9,154.167939,-58071.6865234375,4,0,0,103,0,,,,,,,,,
house_robber,0,native,137.87509599999916,1855.243285999999,-8479,1048576,1186,0,0,10,156.457438,-57447.982421875,0,0,0,123,0,,,,,,,,,
house_robber,0,native,137.87509599999916,2028.390747999999,-8479,1048576,1203,0,0,11,173.147462,-54822.541015625,0,0,0,133,0,,,,,,,,,
house_robber,0,native,137.87509599999916,2204.458020999999,-8476,1048576,1265,0,0,12,176.067273,-47882.2626953125,4,0,0,86,0,,,,,,,,,
house_robber,0,native,137.87509599999916,2406.151069999999,-8476,1048576,1229,0,0,13,201.693049,-48538.1396484375,6,0,0,100,0,,,,,,,,,
house_robber,0,native,137.87509599999916,2605.996483999999,-7570,1048576,1183,0,0,14,199.845414,-40605.9267578125,20,0,0,136,0,,,,,,,,,
house_robber,0,native,137.87509599999916,2823.790220999999,-8139,1048576,1199,0,0,15,217.793737,-34884.66015625,16,0,0,116,0,,,,,,,,,
house_robber,0,native,137.87509599999916,3063.189906999999,-7674,1048576,1208,0,0,16,239.399686,-28026.93359375,16,0,0,123,0,,,,,,,,,
house_robber,0,native,137.87509599999916,3313.466434999999,-7674,1048576,1243,0,0,17,250.276528,-27490.7548828125,8,0,0,91,0,,,,,,,,,
house_robber,0,native,137.87509599999916,3574.2692829999987,-7674,1048576,1219,0,0,18,260.802848,-19830.9970703125,4,0,0,108,0,,,,,,,,,
house_robber,0,native,137.87509599999916,3842.709058999999,-8139,1048576,1217,0,0,19,268.439776,-16482.2294921875,4,0,0,115,0,,,,,,,,,
house_robber,0,native,137.87509599999916,4116.584191999998,-8337,1048576,1241,0,0,20,273.875133,-13271.7412109375,0,0,0,96,0,,,,,,,,,
house_robber,0,native,137.87509599999916,4396.395891999999,-8418,1048576,1254,0,0,21,279.8117,-12568.2607421875,0,0,0,93,0,,,,,,,,,
house_robber,0,native,137.87509599999916,4661.405165999999,-8417,1048576,1224,0,0,22,265.009274,-13043.953125,0,0,0,85,0,,,,,,,,,
house_robber,0,native,137.87509599999916,4940.144441999999,-8337,1048576,1246,0,0,23,278.739276,-11913.4716796875,0,0,0,93,0,,,,,,,,,
house_robber,0,native,137.87509599999916,5228.392812999999,-8337,1048576,1247,0,0,24,288.248371,-11608.5693359375,0,0,0,97,0,,,,,,,,,
house_robber,0,native,137.87509599999916,5514.094256999999,-8337,1048576,1188,0,0,25,285.701444,-15332.0048828125,0,0,0,126,0,,,,,,,,,
house_robber,0,native,137.87509599999916,5820.160050999999,-8337,1048576,1218,0,0,26,306.065794,-11840.72265625,0,0,0,93,0,,,,,,,,,
house_robber,0,native,137.87509599999916,6138.019950999999,-8337,1048576,1235,0,0,27,317.8599,-10563.0224609375,0,0,0,90,0,,,,,,,,,
house_robber,0,native,137.87509599999916,6452.828443999999,-8329,1048576,1232,0,0,28,314.808493,-10972.9404296875,0,0,0,86,0,,,,,,,,,
house_robber,0,native,137.87509599999916,6784.581124999999,-8329,1048576,1222,0,0,29,331.752681,-11988.412109375,0,0,0,103,0,,,,,,,,,
house_robber,0,native,137.87509599999916,7118.6115789999985,-8324,1048576,1225,0,0,30,334.030454,-10398.708984375,0,0,0,102,0,,,,,,,,,
house_robber,0,native,137.87509599999916,7471.181163999999,-8298,1048576,1196,0,0,31,352.569585,-10529.3798828125,0,0,0,114,0,,,,,,,,,
house_robber,0,fragments,193.63835900000595,260.55185400000596,-8503,1048576,,0,0,0,66.913495,-117310.05859375,,0,0,118,0,905,44.10572,int-list-views-typed-sorted-direct-root,892808,34.168745,1754,79.5068359375,8.807731999999998,22.261396
house_robber,0,fragments,193.63835900000595,316.12183100000595,-8503,1048576,,0,0,1,55.569977,-75280.7109375,,0,0,204,0,819,40.582989,int-list-views-typed-sorted-direct-root,893364,32.615274,1606,52.091796875,7.126911999999995,14.609379
house_robber,0,fragments,193.63835900000595,366.10317400000594,-8503,1048576,,0,0,2,49.981343,-65983.525390625,,0,0,248,0,775,39.640903,int-list-views-typed-sorted-direct-root,893428,32.887626,1524,43.40625,5.988856999999999,10.03686
house_robber,0,fragments,193.63835900000595,407.56825000000595,-8503,1048576,,0,0,3,41.465076,-60041.984375,,0,0,231,0,792,31.634929,int-list-views-typed-sorted-direct-root,893496,25.22058,1508,43.9912109375,5.681749,9.578395
house_robber,0,fragments,193.63835900000595,449.42424800000595,-7934,1048576,,0,0,4,41.855998,-56244.634765625,,0,0,182,0,841,31.668967,int-list-views-typed-sorted-direct-root,893560,25.206085,1526,46.341796875,5.729877999999998,9.946686
house_robber,0,fragments,193.63835900000595,492.02330800000595,-7934,1048576,,0,0,5,42.59906,-57398.4501953125,,0,0,166,0,857,31.646439,int-list-views-typed-sorted-direct-root,893580,25.198393,1552,50.91015625,5.730830000000003,10.708643
house_robber,0,fragments,193.63835900000595,535.657173000006,-7934,1048576,,0,0,6,43.633865,-56849.83984375,,0,0,137,0,886,31.260916,int-list-views-typed-sorted-direct-root,893628,24.819528,1573,54.875,5.671403000000003,12.118379
house_robber,0,fragments,193.63835900000595,581.2839450000059,-7790,1048576,,0,0,7,45.626772,-61819.3583984375,,0,0,127,0,896,32.462192,int-list-views-typed-sorted-direct-root,893808,25.351144,1589,58.427734375,6.314737000000001,12.901404
house_robber,0,fragments,193.63835900000595,627.7008370000059,-7790,1048576,,0,0,8,46.416892,-57142.2412109375,,0,0,129,0,894,32.916078,int-list-views-typed-sorted-direct-root,893912,25.959058,1590,57.4169921875,6.100264999999998,13.164107
house_robber,0,fragments,193.63835900000595,673.341486000006,-7790,1048576,,0,0,9,45.640649,-53147.3828125,,0,0,116,0,907,31.954141,int-list-views-typed-sorted-direct-root,893988,24.995954,1608,60.6796875,6.163549,13.39841
house_robber,0,fragments,193.63835900000595,720.4180890000059,-7790,1048576,,0,0,10,47.076603,-51136.9873046875,,0,0,107,0,916,32.209894,int-list-views-typed-sorted-direct-root,894164,25.156909,1622,63.267578125,6.250332999999999,14.571908
house_robber,0,fragments,193.63835900000595,768.838011000006,-7790,1048576,,0,0,11,48.419922,-37281.3466796875,,0,0,102,0,921,32.572668,int-list-views-typed-sorted-direct-root,894364,25.533936,1624,64.0595703125,6.230845000000002,15.547268
house_robber,0,fragments,193.63835900000595,817.439404000006,-7376,1048576,,0,0,12,48.601393,-36903.9521484375,,0,0,110,0,913,32.768074,int-list-views-typed-sorted-direct-root,894524,25.287979,1606,66.4150390625,6.666154999999997,15.525445
house_robber,0,fragments,193.63835900000595,867.346930000006,-7376,1048576,,0,0,13,49.907526,-40826.314453125,,0,0,96,0,927,33.443046,int-list-views-typed-sorted-direct-root,894704,25.881885,1615,67.9365234375,6.709040000000003,16.159075
house_robber,0,fragments,193.63835900000595,917.401670000006,-7376,1048576,,0,0,14,50.05474,-39001.591796875,,0,0,112,0,911,33.501178,int-list-views-typed-sorted-direct-root,894944,26.024812,1607,69.181640625,6.611502000000003,16.246153
house_robber,0,fragments,193.63835900000595,968.165123000006,-7376,1048576,,0,0,15,50.763453,-40318.232421875,,0,0,111,0,912,33.174389,int-list-views-typed-sorted-direct-root,895168,25.514814,1615,70.6845703125,6.835496999999999,17.27127
house_robber,0,fragments,193.63835900000595,1021.027472000006,-7376,1048576,,0,0,16,52.862349,-44860.955078125,,0,0,93,0,930,34.722452,int-list-views-typed-sorted-direct-root,895388,25.847197,1613,72.615234375,8.023441999999996,17.838256
house_robber,0,fragments,193.63835900000595,1074.458417000006,-7376,1048576,,0,0,17,53.430945,-42985.8046875,,0,0,100,0,923,34.354982,int-list-views-typed-sorted-direct-root,895572,26.001216,1614,74.291015625,7.467104000000001,18.669431
house_robber,0,fragments,193.63835900000595,1127.335012000006,-7376,1048576,,0,0,18,52.876595,-37148.3935546875,,0,0,113,0,910,34.13632,int-list-views-typed-sorted-direct-root,895776,26.158296,1603,76.9482421875,7.142072999999997,18.376908
house_robber,0,fragments,193.63835900000595,1180.1122380000058,-7376,1048576,,0,0,19,52.777226,-37729.1171875,,0,0,114,0,909,33.93238,int-list-views-typed-sorted-direct-root,896080,25.89491,1607,79.490234375,7.180066000000002,18.520396
house_robber,0,fragments,193.63835900000595,1234.8835720000059,-7376,1048576,,0,0,20,54.771334,-35872.673828125,,0,0,100,0,923,34.118713,int-list-views-typed-sorted-direct-root,896488,26.058663,1616,85.787109375,7.219176999999998,20.313776
house_robber,0,fragments,193.63835900000595,1290.7400690000059,-7361,1048576,,0,0,21,55.856497,-32516.6416015625,,0,0,117,0,906,34.871405,int-list-views-typed-sorted-direct-root,897456,26.458145,1592,88.6591796875,7.561024000000004,20.659088
house_robber,0,fragments,193.63835900000595,1348.342345000006,-7361,1048576,,0,0,22,57.602276,-30458.3291015625,,0,0,93,0,930,35.542645,int-list-views-typed-sorted-direct-root,897840,26.380816,1598,92.8447265625,8.24312,21.716584
house_robber,0,fragments,193.63835900000595,1408.187194000006,-7333,1048576,,0,0,23,59.844849,-36375.8828125,,0,0,90,0,933,36.572682,int-list-views-typed-sorted-direct-root,898240,27.339768,1612,93.423828125,8.36744,22.906523
house_robber,0,fragments,193.63835900000595,1466.282478000006,-7333,1048576,,0,0,24,58.095284,-29846.3056640625,,0,0,102,0,921,36.423066,int-list-views-typed-sorted-direct-root,899108,27.490748,1599,94.767578125,8.030711000000002,21.293066
house_robber,0,fragments,193.63835900000595,1524.309962000006,-7250,1048576,,0,0,25,58.027484,-25367.197265625,,0,0,99,0,924,35.599561,int-list-views-typed-sorted-direct-root,899352,26.91572,1632,95.248046875,7.784561999999998,22.075179
house_robber,0,fragments,193.63835900000595,1582.3664660000059,-7250,1048576,,0,0,26,58.056504,-35398.654296875,,0,0,89,0,934,35.351739,int-list-views-typed-sorted-direct-root,899820,26.615486,1631,97.013671875,7.807533,22.357348
house_robber,0,fragments,193.63835900000595,1640.451937000006,-7250,1048576,,0,0,27,58.085471,-26237.3779296875,,0,0,84,0,939,35.790775,int-list-views-typed-sorted-direct-root,899980,26.976407,1625,97.951171875,7.886781999999996,21.936932
house_robber,0,fragments,193.63835900000595,1700.946014000006,-7250,1048576,,0,0,28,60.494077,-28993.2490234375,,0,0,116,0,907,35.570248,int-list-views-typed-sorted-direct-root,900156,26.793651,1621,100.626953125,7.856470999999996,24.53167
house_robber,0,fragments,193.63835900000595,1761.786056000006,-7250,1048576,,0,0,29,60.840042,-31061.064453125,,0,0,92,0,931,36.492034,int-list-views-typed-sorted-direct-root,900528,27.080236,1642,104.2607421875,8.538643999999994,23.92046
house_robber,0,fragments,193.63835900000595,1823.155321000006,-7250,1048576,,0,0,30,61.369265,-27595.970703125,,0,0,84,0,939,36.265113,int-list-views-typed-sorted-direct-root,900960,27.044192,1642,107.62890625,8.330661,24.745218
house_robber,0,fragments,193.63835900000595,1884.061929000006,-7250,1048576,,0,0,31,60.906608,-26288.2861328125,,0,0,111,0,912,36.053668,int-list-views-typed-sorted-direct-root,901600,26.819821,1602,111.935546875,8.295340000000003,24.481793
house_robber,0,fragments,193.63835900000595,1945.844647000006,-7250,1048576,,0,0,32,61.782718,-27221.521484375,,0,0,90,0,933,36.320648,int-list-views-typed-sorted-direct-root,902092,26.975168,1622,115.6162109375,8.376892000000002,25.114561
house_robber,0,fragments,193.63835900000595,2022.642919000006,-5952,1048576,,0,0,33,76.798272,-24244.4228515625,,0,0,103,0,920,49.991501,int-list-views-typed-sorted,903728,40.445265,1643,117.8544921875,8.587125000000002,26.438701
house_robber,0,fragments,193.63835900000595,2086.484761000006,-5952,1048576,,0,0,34,63.841842,-26391.3623046875,,0,0,85,0,938,36.884282,int-list-views-typed-sorted-direct-root,905744,27.251199,1635,121.1806640625,8.679048999999996,26.547748
house_robber,0,fragments,193.63835900000595,2151.850629000006,-5675,1048576,,0,0,35,65.365868,-19425.1630859375,,0,0,90,0,933,37.338007,int-list-views-typed-sorted-direct-root,908752,26.976581,1633,127.642578125,9.300545999999999,27.649279
house_robber,0,fragments,193.63835900000595,2219.662288000006,-5675,1048576,,0,0,36,67.811659,-17397.4638671875,,0,0,80,0,943,37.660132,int-list-views-typed-sorted-direct-root,913172,27.366371,1627,129.1767578125,9.180532999999993,29.716359
house_robber,0,fragments,193.63835900000595,2288.603825000006,-5675,1048576,,0,0,37,68.941537,-21944.009765625,,0,0,113,0,910,38.286552,int-list-views-typed-sorted-direct-root,915884,27.848367,1619,135.505859375,9.345933000000002,30.268985
house_robber,0,fragments,193.63835900000595,2360.031120000006,-5675,1048576,,0,0,38,71.427295,-22139.42578125,,0,0,66,0,957,39.356932,int-list-views-typed-sorted-direct-root,919728,28.086146,1618,139.4482421875,10.086463000000002,31.698571
house_robber,0,fragments,193.63835900000595,2443.498686000006,-5675,1048576,,0,0,39,83.467566,-24788.7705078125,,0,0,79,0,944,50.136074,int-list-views-typed-sorted,922792,38.791259,1609,139.748046875,10.123362,32.924791
house_robber,0,fragments,193.63835900000595,2529.192869000006,-5571,1048576,,0,0,40,85.694183,-20316.3369140625,,0,0,68,0,955,50.150681,int-list-views-typed-sorted,925436,38.579952,1621,144.728515625,10.395270999999997,35.087723
house_robber,0,fragments,193.63835900000595,2614.4593720000057,-5571,1048576,,0,0,41,85.266503,-20547.7763671875,,0,0,85,0,938,50.313239,int-list-views-typed-sorted,927664,38.540643,1634,147.4365234375,10.670636000000005,34.564467
house_robber,0,fragments,193.63835900000595,2702.2581150000055,-5332,1048576,,0,0,42,87.798743,-20530.26953125,,0,0,87,0,936,51.161015,int-list-views-typed-sorted,931348,39.534001,1612,150.0888671875,10.534324,36.207574
house_robber,0,fragments,193.63835900000595,2787.6021760000053,-5332,1048576,,0,0,43,85.344061,-17134.8583984375,,0,0,81,0,942,50.534667,int-list-views-typed-sorted,936716,38.860718,1620,152.6220703125,10.544331999999995,34.418311
house_robber,0,fragments,193.63835900000595,2874.095189000005,-5332,1048576,,0,0,44,86.493013,-16292.1533203125,,0,0,65,0,958,50.646027,int-list-views-typed-sorted,938940,39.518782,1638,150.4384765625,10.000800999999996,35.449564
house_robber,0,fragments,193.63835900000595,2962.841953000005,-5332,1048576,,0,0,45,88.746764,-23082.578125,,0,0,76,0,947,51.451508,int-list-views-typed-sorted,941184,40.376398,1642,151.15625,9.988488999999996,36.904827
house_robber,0,fragments,193.63835900000595,3052.934073000005,-5332,1048576,,0,0,46,90.09212,-16768.609375,,0,0,71,0,952,52.206056,int-list-views-typed-sorted,943468,40.523256,1642,151.052734375,10.541974,37.48524
house_robber,0,fragments,193.63835900000595,3141.861544000005,-5332,1048576,,0,0,47,88.927471,-17318,,0,0,88,0,935,51.743051,int-list-views-typed-sorted,944080,40.59087,1625,148.3212890625,10.005624999999998,36.778689
house_robber,0,fragments,193.63835900000595,3232.484419000005,-5332,1048576,,0,0,48,90.622875,-15731.73828125,,0,0,85,0,938,52.634116,int-list-views-typed-sorted,944980,40.926451,1607,152.1787109375,10.551344999999998,37.563438
house_robber,0,fragments,193.63835900000595,3321.913129000005,-5323,1048576,,0,0,49,89.42871,-14053.009765625,,0,0,84,0,939,53.206391,int-list-views-typed-sorted,945940,41.471993,1626,151.18359375,10.616582000000001,35.833018
house_robber,0,fragments,193.63835900000595,3411.987601000005,-5323,1048576,,0,0,50,90.074472,-14914.4208984375,,0,0,79,0,944,53.109149,int-list-views-typed-sorted,947132,41.404789,1634,155.1337890625,10.584639000000003,36.570598
house_robber,0,fragments,193.63835900000595,3504.695557000005,-5323,1048576,,0,0,51,92.707956,-15005.8662109375,,0,0,87,0,936,53.435348,int-list-views-typed-sorted,949776,41.665167,1618,160.150390625,10.661844999999996,38.881432
house_robber,0,fragments,193.63835900000595,3597.743305000005,-5249,1048576,,0,0,52,93.047748,-13853.0751953125,,0,0,90,0,933,53.85724,int-list-views-typed-sorted,951944,41.88483,1625,165.517578125,10.788632999999994,38.803404
house_robber,0,fragments,193.63835900000595,3694.718011000005,-5249,1048576,,0,0,53,96.974706,-12834.0673828125,,0,0,86,0,937,54.981473,int-list-views-typed-sorted,954548,42.871862,1640,168.73046875,10.986507,41.596827
house_robber,0,fragments,193.63835900000595,3793.226043000005,-5249,1048576,,0,0,54,98.508032,-11955.7060546875,,0,0,93,0,930,56.114766,int-list-views-typed-sorted,956708,43.235999,1632,170.583984375,11.765976000000004,41.883525
house_robber,0,fragments,193.63835900000595,3890.877622000005,-4671,1048576,,0,0,55,97.651579,-12780.591796875,,0,0,68,0,955,55.350002,int-list-views-typed-sorted,959292,42.749835,1631,174.0888671875,11.437510000000003,41.801934
house_robber,0,fragments,193.63835900000595,3988.434321000005,-4671,1048576,,0,0,56,97.556699,-11664.6748046875,,0,0,76,0,947,54.805591,int-list-views-typed-sorted,961972,42.328361,1648,178.14453125,11.310049999999997,42.348466
house_robber,0,fragments,193.63835900000595,4089.740260000005,-4671,1048576,,0,0,57,101.305939,-15439.5068359375,,0,0,85,0,938,56.337442,int-list-views-typed-sorted,964972,43.823499,1641,178.9619140625,11.357384,44.499776
house_robber,0,fragments,193.63835900000595,4189.995595000005,-4671,1048576,,0,0,58,100.255335,-13300.705078125,,0,0,77,0,946,56.22881,int-list-views-typed-sorted,967336,43.692578,1648,179.1533203125,11.358426,43.616338
house_robber,0,fragments,193.63835900000595,4292.164896000005,-4146,1048576,,0,0,59,102.169301,-13887.408203125,,0,0,87,0,936,56.537851,int-list-views-typed-sorted,970520,43.942473,1646,181.3349609375,11.479215000000003,45.219456
house_robber,0,fragments,193.63835900000595,4395.557581000005,-4146,1048576,,0,0,60,103.392685,-11074.9033203125,,0,0,74,0,949,56.001252,int-list-views-typed-sorted,974052,43.156574,1658,187.3828125,11.622481,46.947264
house_robber,0,fragments,193.63835900000595,4490.077657000004,-4125,1048576,,0,0,61,94.520076,-11332.8388671875,,0,0,67,0,956,47.23826,int-list-views-typed-sorted-direct-root,976248,33.704223,1652,191.1025390625,12.255221999999995,46.87063
house_robber,0,fragments,193.63835900000595,4597.0329960000045,-4125,1048576,,0,0,62,106.955339,-13073.62109375,,0,0,82,0,941,60.061866,int-list-views-typed-sorted,980720,47.41985,1651,200.5791015625,11.494158000000006,46.480348
house_robber,0,fragments,193.63835900000595,4692.2010240000045,-4125,1048576,,0,0,63,95.168028,-11980.4423828125,,0,0,78,0,945,45.805864,int-list-views-typed-sorted-direct-root,987448,33.146217,1625,211.064453125,11.416986999999999,48.932833
house_robber,0,fragments,193.63835900000595,4791.126151000005,-3236,1048576,,0,0,64,98.925127,-9631.0380859375,,0,0,74,0,949,47.318762,int-list-views-typed-sorted-direct-root,994444,34.27521,1641,221.8251953125,11.826086999999998,51.188221
house_robber,0,fragments,193.63835900000595,4901.398164000005,-3236,1048576,,0,0,65,110.272013,-10805.5693359375,,0,0,72,0,951,56.959209,int-list-views-typed-sorted,1001880,43.445489,1633,230.1259765625,12.216270000000002,52.848655
house_robber,0,fragments,193.63835900000595,5015.5815530000045,-3160,1048576,,0,0,66,114.183389,-10881.84375,,0,0,83,0,940,57.725576,int-list-views-typed-sorted,1007080,43.948825,1617,230.326171875,12.429383999999995,56.023016
house_robber,0,fragments,193.63835900000595,5130.696308000004,-3160,1048576,,0,0,67,115.114755,-8235.671875,,0,0,68,0,955,58.743565,int-list-views-typed-sorted,1012752,44.57853,1633,236.927734375,12.809607999999994,55.951132
house_robber,0,fragments,193.63835900000595,5246.865851000004,-3160,1048576,,0,0,68,116.169543,-8229.4716796875,,0,0,55,0,968,56.956407,int-list-views-typed-sorted,1019572,42.828532,1650,241.7900390625,12.811816000000002,58.686049
house_robber,0,fragments,193.63835900000595,5366.832553000004,-3160,1048576,,0,0,69,119.966702,-9245.5556640625,,0,0,76,0,947,62.873366,int-list-views-typed-sorted,1024672,47.717868,1636,246.99609375,13.771287999999997,56.632378
house_robber,0,fragments,193.63835900000595,5487.300205000004,-3160,1048576,,0,0,70,120.467652,-7792.92578125,,0,0,72,0,951,63.613486,int-list-views-typed-sorted,1028344,48.018865,1666,249.5703125,14.069299000000004,56.415155
house_robber,0,fragments,193.63835900000595,5612.5538600000045,-3129,1048576,,0,0,71,125.253655,-10168.9580078125,,0,0,77,0,946,64.09237,int-list-views-typed-sorted,1033512,48.708642,1644,253.91015625,13.974516000000007,60.720857
house_robber,0,fragments,193.63835900000595,5741.088893000005,-3129,1048576,,0,0,72,128.535033,-11517.03125,,0,0,72,0,951,66.474786,int-list-views-typed-sorted,1039884,50.248305,1652,265.185546875,14.751048999999997,61.569377
house_robber,0,fragments,193.63835900000595,5876.329975000004,-3129,1048576,,0,0,73,135.241082,-9489.6259765625,,0,0,79,0,944,73.171589,int-list-views-typed-sorted,1046752,57.7292,1655,272.9912109375,13.951463999999998,61.632854
house_robber,0,fragments,193.63835900000595,6008.519868000004,-3129,1048576,,0,0,74,132.189893,-10305.556640625,,0,0,75,0,948,65.394038,int-list-views-typed-sorted,1054892,49.574381,1611,276.67578125,14.393633999999997,66.344727
house_robber,0,fragments,193.63835900000595,6138.510545000004,-3129,1048576,,0,0,75,129.990677,-9846.8017578125,,0,0,63,0,960,65.661384,int-list-views-typed-sorted,1059348,49.244502,1635,286.1572265625,14.958084999999999,63.884743
house_robber,0,fragments,193.63835900000595,6269.886016000004,-3128,1048576,,0,0,76,131.375471,-12085.98828125,,0,0,78,0,945,65.010484,int-list-views-typed-sorted,1062896,48.994381,1642,293.7822265625,14.510401000000007,65.920212
house_robber,0,fragments,193.63835900000595,6401.889870000004,-3118,1048576,,0,0,77,132.003854,-10764.9287109375,,0,0,67,0,956,64.441279,int-list-views-typed-sorted,1067548,47.348473,1674,293.7119140625,15.416661999999995,66.990038
house_robber,0,fragments,193.63835900000595,6534.516678000004,-3118,1048576,,0,0,78,132.626808,-11315.5126953125,,0,0,68,0,955,64.258224,int-list-views-typed-sorted,1070328,46.951943,1672,288.8828125,15.692495999999998,67.813511
house_robber,0,fragments,193.63835900000595,6666.221774000003,-3118,1048576,,0,0,79,131.705096,-9437.333984375,,0,0,84,0,939,63.05642,int-list-views-typed-sorted,1072688,46.916731,1648,286.3662109375,14.595235000000006,68.196722
house_robber,0,fragments,193.63835900000595,6799.959442000003,-3118,1048576,,0,0,80,133.737668,-8173.203125,,0,0,69,0,954,65.654868,int-list-views-typed-sorted,1074292,49.636087,1637,290.41015625,14.542817999999993,67.639974
house_robber,0,fragments,193.63835900000595,6943.545991000003,-3118,1048576,,0,0,81,143.586549,-9227.6962890625,,0,0,71,0,952,73.278222,int-list-views-typed-sorted,1076508,56.199584,1637,297.16015625,15.50551,69.778405
house_robber,0,fragments,193.63835900000595,7087.567109000002,-3102,1048576,,0,0,82,144.021118,-7974.435546875,,0,0,62,0,961,69.373933,int-list-views-typed-sorted,1080244,52.971653,1657,311.8623046875,14.864162999999992,74.197928
house_robber,0,fragments,193.63835900000595,7232.937707000003,-3102,1048576,,0,0,83,145.370598,-9320.578125,,0,0,60,0,963,66.058434,int-list-views-typed-sorted,1091180,47.872649,1634,331.04296875,16.50325,78.860363
house_robber,0,fragments,193.63835900000595,7381.276632000003,-3092,1048576,,0,0,84,148.338925,-8832.5419921875,,0,0,74,0,949,65.640842,int-list-views-typed-sorted,1102188,48.029381,1647,354.912109375,15.916493000000003,82.248102
house_robber,0,fragments,193.63835900000595,7538.879727000003,-3092,1048576,,0,0,85,157.603095,-6287.5322265625,,0,0,68,0,955,69.416718,int-list-views-typed-sorted,1116868,50.452105,1640,382.1904296875,17.22362100000001,87.688636
house_robber,0,fragments,193.63835900000595,7702.679729000003,-3092,1048576,,0,0,86,163.800002,-7515.0712890625,,0,0,54,0,969,69.468809,int-list-views-typed-sorted,1136644,49.133144,1654,413.1181640625,18.511708,93.856779
house_robber,0,fragments,193.63835900000595,7871.695755000003,-3092,1048576,,0,0,87,169.016026,-5253.9853515625,,0,0,53,0,970,68.021517,int-list-views-typed-sorted,1159656,46.700796,1653,440.5029296875,19.356202,100.522168
house_robber,0,fragments,193.63835900000595,8043.211077000004,-3092,1048576,,0,0,88,171.515322,-7230.0869140625,,0,0,59,0,964,67.52809,int-list-views-typed-sorted,1180012,45.369643,1654,466.7353515625,20.116775000000004,103.391798
house_robber,0,fragments,193.63835900000595,8219.631221000003,-3084,1048576,,0,0,89,176.420144,-6624.5146484375,,0,0,61,0,962,68.904887,int-list-views-typed-sorted,1196208,46.552618,1669,474.0615234375,20.316063,107.005752
house_robber,0,fragments,193.63835900000595,8401.876445000004,-3084,1048576,,0,0,90,182.245224,-6524.333984375,,0,0,69,0,954,69.17677,int-list-views-typed-sorted,1212336,45.851135,1671,483.2900390625,21.029064000000005,112.61184
house_robber,0,fragments,193.63835900000595,8582.816806000004,-3084,1048576,,0,0,91,180.940361,-5164,,0,0,59,0,964,68.645393,int-list-views-typed-sorted,1223692,46.055737,1655,479.875,20.612390999999995,111.831129
house_robber,0,fragments,193.63835900000595,8761.171693000004,-3084,1048576,,0,0,92,178.354887,-6429.341796875,,1,0,49,0,974,68.72377,int-list-views-typed-sorted,1228216,45.755659,1693,479.2802734375,20.964109999999998,109.061403
house_robber,0,fragments,193.63835900000595,8937.345094000004,-3084,1048576,,0,0,93,176.173401,-5069.9130859375,,0,0,74,0,949,70.541066,int-list-views-typed-sorted,1232896,47.669012,1672,491.0263671875,20.853293000000004,105.157145
house_robber,0,fragments,193.63835900000595,9117.311618000003,-3084,1048576,,0,0,94,179.966524,-5451.41796875,,0,0,75,0,948,71.879698,int-list-views-typed-sorted,1239096,47.504864,1672,485.986328125,22.297244,107.515129
house_robber,0,fragments,193.63835900000595,9294.311746000003,-3066,1048576,,0,0,95,177.000128,-5429.51171875,,1,0,71,0,952,73.00534,int-list-views-typed-sorted,1243448,48.749979,1651,475.8681640625,22.139418000000003,103.494611
house_robber,0,fragments,193.63835900000595,9471.067321000002,-3066,1048576,,0,0,96,176.755575,-6779.529296875,,3,0,69,0,954,69.856183,int-list-views-typed-sorted,1244364,47.775794,1661,472.3701171875,20.123462,106.431199
house_robber,0,fragments,193.63835900000595,9655.166012000002,-3065,1048576,,0,0,97,184.098691,-5269.4345703125,,0,0,75,0,948,74.903803,int-list-views-typed-sorted,1246164,51.956044,1649,464.47265625,20.907096999999993,108.690942
house_robber,0,fragments,193.63835900000595,9827.819986000002,-3031,1048576,,0,0,98,172.653974,-5809.595703125,,0,0,69,0,954,73.392892,int-list-views-typed-sorted,1246776,50.448501,1648,465.751953125,20.839907000000007,98.799117
house_robber,0,fragments,193.63835900000595,10003.091200000003,-3031,1048576,,0,0,99,175.271214,-4981.900390625,,1,0,63,0,960,73.054464,int-list-views-typed-sorted,1247268,51.337647,1658,459.5791015625,19.704796999999996,101.747742
house_robber,0,fragments,193.63835900000595,10179.040220000003,-3031,1048576,,0,0,100,175.94902,-4540.525390625,,0,0,77,0,946,72.633058,int-list-views-typed-sorted,1247772,50.375063,1662,465.6533203125,20.204701999999997,102.822988
house_robber,0,fragments,193.63835900000595,10355.611844000003,-3031,1048576,,0,0,101,176.571624,-5666.0712890625,,1,0,69,0,954,73.231359,int-list-views-typed-sorted,1248276,50.762516,1633,466.3994140625,20.375622999999994,102.831155
house_robber,0,fragments,193.63835900000595,10533.014232000003,-3031,1048576,,0,0,102,177.402388,-5276.96875,,0,0,63,0,960,71.760858,int-list-views-typed-sorted,1248556,49.330327,1658,470.3134765625,20.417977,105.172259
house_robber,0,fragments,193.63835900000595,10710.561679000004,-3031,1048576,,0,0,103,177.547447,-6440.3115234375,,1,0,69,0,954,71.003342,int-list-views-typed-sorted,1248764,48.183218,1667,475.59375,20.705127999999995,106.043661
house_robber,0,fragments,193.63835900000595,10889.910101000003,-3031,1048576,,0,0,104,179.348422,-5604.5498046875,,2,0,83,0,940,71.59892,int-list-views-typed-sorted,1250728,48.26247,1655,494.9775390625,21.154669000000005,107.265394
house_robber,0,fragments,193.63835900000595,11077.368634000002,-3031,1048576,,0,0,105,187.458533,-5376.3544921875,,2,0,65,0,958,74.724053,int-list-views-typed-sorted,1259020,49.657638,1629,500.7373046875,22.896137000000003,112.173243
house_robber,0,fragments,193.63835900000595,11265.176552000003,-3025,1048576,,0,0,106,187.807918,-6608.044921875,,1,0,77,0,946,74.767611,int-list-views-typed-sorted,1259608,50.313383,1624,513.8115234375,22.266852000000007,112.567983
house_robber,0,fragments,193.63835900000595,11456.717254000003,-3025,1048576,,0,0,107,191.540702,-5491.7548828125,,1,0,59,0,964,78.03214,int-list-views-typed-sorted,1260780,51.596896,1646,527.52734375,24.192453999999994,113.041823
house_robber,0,fragments,193.63835900000595,11649.632486000002,-3025,1048576,,0,0,108,192.915232,-5127.498046875,,1,0,66,0,957,77.108023,int-list-views-typed-sorted,1263464,51.208344,1615,538.4453125,23.690158000000007,115.340577
house_robber,0,fragments,193.63835900000595,11841.422738000003,-3025,1048576,,0,0,109,191.790252,-6926.2734375,,0,0,58,0,965,76.832874,int-list-views-typed-sorted,1265824,52.434725,1625,545.0029296875,22.220272000000005,114.495676
house_robber,0,fragments,193.63835900000595,12034.752120000003,-3025,1048576,,0,0,110,193.329382,-6278.6640625,,5,0,81,0,942,77.278249,int-list-views-typed-sorted,1268444,51.940498,1626,548.3203125,23.054975,115.587506
house_robber,0,fragments,193.63835900000595,12229.061564000003,-3019,1048576,,0,0,111,194.309444,-6518.82421875,,0,0,71,0,952,77.164506,int-list-views-typed-sorted,1272564,52.14292,1647,554.6259765625,22.863712,116.645839
house_robber,0,fragments,193.63835900000595,12430.284021000003,-3017,1048576,,0,0,112,201.222457,-4685.3388671875,,4,0,80,0,943,81.997295,int-list-views-typed-sorted,1281296,55.766541,1643,555.794921875,23.947136999999994,118.763286
house_robber,0,fragments,193.63835900000595,12628.831325000003,-3017,1048576,,0,0,113,198.547304,-6835.7109375,,3,0,75,0,948,80.354037,int-list-views-typed-sorted,1283508,54.136563,1672,557.0029296875,23.830868000000013,117.725266
house_robber,0,fragments,193.63835900000595,12828.645016000002,-3015,1048576,,0,0,114,199.813691,-6416.3251953125,,1,0,72,0,951,80.106354,int-list-views-typed-sorted,1284636,53.789163,1662,554.943359375,24.082697,119.249146
house_robber,0,fragments,193.63835900000595,13028.620362000001,-3015,1048576,,0,0,115,199.975346,-7021.1953125,,3,0,79,0,944,81.27056,int-list-views-typed-sorted,1286176,54.825527,1657,558.5439453125,24.241971000000003,118.232185
house_robber,0,fragments,193.63835900000595,13227.888307000001,-3015,1048576,,0,0,116,199.267945,-6255.5927734375,,0,0,70,0,953,81.04783,int-list-views-typed-sorted,1287616,55.824534,1659,553.654296875,22.97067700000001,117.762239
house_robber,0,fragments,193.63835900000595,13429.746720000001,-3010,1048576,,0,0,117,201.858413,-6625.015625,,4,0,66,0,957,82.473879,int-list-views-typed-sorted,1288284,56.221347,1648,539.6767578125,23.983169000000004,118.916148
house_robber,0,fragments,193.63835900000595,13630.307161,-3010,1048576,,0,0,118,200.560441,-4668.4443359375,,1,0,85,0,938,84.338676,int-list-views-typed-sorted,1288840,58.058676,1633,527.6083984375,24.02926,115.750532
house_robber,0,fragments,193.63835900000595,13827.426806000001,-3010,1048576,,0,0,119,197.119645,-4021.6943359375,,1,0,63,0,960,89.396156,int-list-views-typed-sorted,1289008,63.181976,1631,502.490234375,23.858653,107.222632
house_robber,0,fragments,193.63835900000595,14014.005885,-3010,1048576,,0,0,120,186.579079,-8587.5234375,,1,0,69,0,954,81.681223,int-list-views-typed-sorted,1289436,57.804742,1631,488.544921875,21.712111,104.431137
house_robber,0,fragments,193.63835900000595,14201.464256000001,-3010,1048576,,0,0,121,187.458371,-8260.615234375,,0,0,66,0,957,80.917077,int-list-views-typed-sorted,1289484,57.766207,1653,483.2744140625,21.02353800000001,106.066411
house_robber,0,fragments,193.63835900000595,14386.071109,-3010,1048576,,0,0,122,184.606853,-8600.9482421875,,1,0,97,0,926,78.666392,int-list-views-typed-sorted,1289564,54.509953,1635,480.0693359375,22.080824000000007,105.488935
house_robber,0,fragments,193.63835900000595,14570.414116,-3010,1048576,,0,0,123,184.343007,-6771.18359375,,0,0,73,0,950,79.601241,int-list-views-typed-sorted,1289652,55.567938,1648,484.7236328125,21.827341999999998,104.283021
house_robber,0,fragments,193.63835900000595,14753.744045,-3010,1048576,,0,0,124,183.329929,-7901.857421875,,0,0,86,0,937,79.924036,int-list-views-typed-sorted,1289752,55.987228,1673,483.279296875,21.789402999999997,102.801251
house_robber,0,fragments,193.63835900000595,14939.698945999999,-3010,1048576,,0,0,125,185.954901,-7185.1630859375,,0,0,78,0,945,80.917033,int-list-views-typed-sorted,1289820,56.561818,1669,488.615234375,22.123653000000004,104.556169
house_robber,0,fragments,193.63835900000595,15125.393817999999,-3010,1048576,,0,0,126,185.694872,-6738.1865234375,,0,0,73,0,950,81.780657,int-list-views-typed-sorted,1289848,56.663195,1671,487.3994140625,22.978339000000005,103.388201
house_robber,0,fragments,193.63835900000595,15313.870740999999,-3010,1048576,,0,0,127,188.476923,-4819.375,,0,0,71,0,952,79.900152,int-list-views-typed-sorted,1289896,56.311881,1650,479.375,21.384274000000005,108.052526
house_robber,1,native,138.38232000000053,344.22099300000053,-8503,1048576,1264,0,0,0,205.838673,-117310.05859375,0,0,0,96,0,,,,,,,,,
house_robber,1,native,138.38232000000053,523.9373460000005,-10045,1048576,1164,0,0,1,179.716353,-78696.6435546875,0,0,0,160,0,,,,,,,,,
house_robber,1,native,138.38232000000053,684.0717580000005,-8503,1048576,1172,0,0,2,160.134412,-67652.3857421875,0,0,0,145,0,,,,,,,,,
house_robber,1,native,138.38232000000053,829.6951090000005,-8562,1048576,1210,0,0,3,145.623351,-64202.861328125,0,0,0,134,0,,,,,,,,,
house_robber,1,native,138.38232000000053,960.6083400000005,-8503,1048576,1215,0,0,4,130.913231,-60660.576171875,0,0,0,117,0,,,,,,,,,
house_robber,1,native,138.38232000000053,1090.8325130000005,-8503,1048576,1218,0,0,5,130.224173,-59490.4375,0,0,0,129,0,,,,,,,,,
house_robber,1,native,138.38232000000053,1229.3825370000004,-8503,1048576,1255,0,0,6,138.550024,-58475.962890625,0,0,0,102,0,,,,,,,,,
house_robber,1,native,138.38232000000053,1366.1166170000004,-8486,1048576,1202,0,0,7,136.73408,-58481.681640625,0,0,0,114,0,,,,,,,,,
house_robber,1,native,138.38232000000053,1506.6673060000003,-7465,1048576,1208,0,0,8,140.550689,-54854.01953125,2,0,0,110,0,,,,,,,,,
house_robber,1,native,138.38232000000053,1648.7712680000002,-8501,1048576,1231,0,0,9,142.103962,-56698.08203125,0,0,0,115,0,,,,,,,,,
house_robber,1,native,138.38232000000053,1789.1502410000003,-8503,1048576,1177,0,0,10,140.378973,-60066.9443359375,0,0,0,130,0,,,,,,,,,
house_robber,1,native,138.38232000000053,1935.5748870000002,-8473,1048576,1203,0,0,11,146.424646,-56905.5341796875,0,0,0,128,0,,,,,,,,,
house_robber,1,native,138.38232000000053,2081.9535180000003,-7723,1048576,1248,0,0,12,146.378631,-57208.9892578125,0,0,0,89,0,,,,,,,,,
house_robber,1,native,138.38232000000053,2229.4889770000004,-7571,1048576,1216,0,0,13,147.535459,-55017.078125,4,0,0,113,0,,,,,,,,,
house_robber,1,native,138.38232000000053,2387.2797690000007,-8493,1048576,1226,0,0,14,157.790792,-54434.078125,0,0,0,101,0,,,,,,,,,
house_robber,1,native,138.38232000000053,2543.9708220000007,-8342,1048576,1205,0,0,15,156.691053,-55290.8603515625,2,0,0,105,0,,,,,,,,,
house_robber,1,native,138.38232000000053,2712.0486920000008,-8342,1048576,1242,0,0,16,168.07787,-51763.982421875,0,0,0,97,0,,,,,,,,,
house_robber,1,native,138.38232000000053,2895.515837000001,-8350,1048576,1251,0,0,17,183.467145,-44631.6455078125,0,0,0,98,0,,,,,,,,,
house_robber,1,native,138.38232000000053,3082.280878000001,-7661,1048576,1228,0,0,18,186.765041,-50058.6640625,6,0,0,102,0,,,,,,,,,
house_robber,1,native,138.38232000000053,3274.6187600000007,-8168,1048576,1212,0,0,19,192.337882,-47667.6904296875,2,0,0,96,0,,,,,,,,,
house_robber,1,native,138.38232000000053,3461.8356200000007,-8203,1048576,1238,0,0,20,187.21686,-37559.4833984375,8,0,0,104,0,,,,,,,,,
house_robber,1,native,138.38232000000053,3648.822447000001,-8253,1048576,1227,0,0,21,186.986827,-42518.1650390625,8,0,0,98,0,,,,,,,,,
house_robber,1,native,138.38232000000053,3845.014482000001,-8168,1048576,1248,0,0,22,196.192035,-43776.501953125,4,0,0,93,0,,,,,,,,,
house_robber,1,native,138.38232000000053,4045.819997000001,-8168,1048576,1218,0,0,23,200.805515,-38550.0244140625,12,0,0,103,0,,,,,,,,,
house_robber,1,native,138.38232000000053,4277.376168000001,-7498,1048576,1238,0,0,24,231.556171,-38222.71875,6,0,0,93,0,,,,,,,,,
house_robber,1,native,138.38232000000053,4489.432322000001,-7721,1048576,1251,0,0,25,212.056154,-37913.2607421875,26,0,0,94,0,,,,,,,,,
house_robber,1,native,138.38232000000053,4709.539614,-7721,1048576,1248,0,0,26,220.107292,-44173.384765625,24,0,0,109,0,,,,,,,,,
house_robber,1,native,138.38232000000053,4949.497716,-7721,1048576,1184,0,0,27,239.958102,-36186.5439453125,14,0,0,152,0,,,,,,,,,
house_robber,1,native,138.38232000000053,5191.046754,-7574,1048576,1223,0,0,28,241.549038,-25453.3876953125,28,0,0,125,0,,,,,,,,,
house_robber,1,native,138.38232000000053,5439.373116,-7418,1048576,1231,0,0,29,248.326362,-26389.6064453125,30,0,0,121,0,,,,,,,,,
house_robber,1,native,138.38232000000053,5693.473508,-7418,1048576,1198,0,0,30,254.100392,-25618.3681640625,28,0,0,128,0,,,,,,,,,
house_robber,1,native,138.38232000000053,5957.676977,-7418,1048576,1221,0,0,31,264.203469,-22193.9287109375,36,0,0,123,0,,,,,,,,,
house_robber,1,fragments,194.66436599999724,261.6718959999972,-8503,1048576,,0,0,0,67.00753,-117310.05859375,,0,0,138,0,885,44.347704,int-list-views-typed-sorted-direct-root,894836,34.34491,1713,88.357421875,8.804924,22.146751
house_robber,1,fragments,194.66436599999724,315.78313299999724,-8503,1048576,,0,0,1,54.111237,-73947.5068359375,,0,0,214,0,809,40.558069,int-list-views-typed-sorted-direct-root,895212,32.474785,1594,55.9501953125,7.233036000000005,13.168461
house_robber,1,fragments,194.66436599999724,363.06262499999724,-8503,1048576,,0,0,2,47.279492,-63078.4169921875,,0,0,258,0,765,36.69259,int-list-views-typed-sorted-direct-root,895280,30.161071,1499,42.572265625,5.724941000000003,10.315578
house_robber,1,fragments,194.66436599999724,407.3771809999972,-8503,1048576,,0,0,3,44.314556,-61928.2421875,,0,0,246,0,777,34.452585,int-list-views-typed-sorted-direct-root,895404,28.529532,1483,47.193359375,5.191915999999999,9.618444
house_robber,1,fragments,194.66436599999724,450.9888809999972,-8503,1048576,,0,0,4,43.6117,-55867.337890625,,0,0,223,0,800,32.737218,int-list-views-typed-sorted-direct-root,895476,26.504112,1453,50.7763671875,5.4990239999999995,10.617321
house_robber,1,fragments,194.66436599999724,495.17134899999724,-8283,1048576,,0,0,5,44.182468,-51098.998046875,,0,0,215,0,808,32.620108,int-list-views-typed-sorted-direct-root,895600,25.574534,1507,55.9931640625,6.194679000000003,11.217629
house_robber,1,fragments,194.66436599999724,541.1073239999972,-7574,1048576,,0,0,6,45.935975,-51772.7724609375,,0,0,162,0,861,32.981617,int-list-views-typed-sorted-direct-root,895788,25.260712,1533,64.4609375,6.747627,12.656649
house_robber,1,fragments,194.66436599999724,589.9819089999972,-7574,1048576,,0,0,7,48.874585,-56109.6826171875,,0,0,122,0,901,33.586584,int-list-views-typed-sorted-direct-root,896080,26.352228,1569,66.666015625,6.3949900000000035,14.97292
house_robber,1,fragments,194.66436599999724,639.2980189999972,-7574,1048576,,0,0,8,49.31611,-49037.005859375,,0,0,142,0,881,33.521874,int-list-views-typed-sorted-direct-root,896316,26.133714,1558,70.796875,6.591639999999996,15.487225
house_robber,1,fragments,194.66436599999724,690.4522959999972,-7574,1048576,,0,0,9,51.154277,-45987.1533203125,,0,0,130,0,893,34.933651,int-list-views-typed-sorted-direct-root,896496,27.193562,1601,73.2119140625,6.914355999999996,15.930016
house_robber,1,fragments,194.66436599999724,743.2419729999972,-7574,1048576,,0,0,10,52.789677,-36931.1533203125,,0,0,123,0,900,35.227899,int-list-views-typed-sorted-direct-root,896852,27.254951,1615,77.16796875,7.134813000000003,17.262563
house_robber,1,fragments,194.66436599999724,797.1099149999972,-7574,1048576,,0,0,11,53.867942,-40035.8935546875,,0,0,123,0,900,35.443016,int-list-views-typed-sorted-direct-root,897176,27.256488,1593,83.447265625,7.340423000000001,18.110383
house_robber,1,fragments,194.66436599999724,853.1820539999972,-7574,1048576,,0,0,12,56.072139,-36976.83984375,,0,0,118,0,905,35.471059,int-list-views-typed-sorted-direct-root,897504,27.076515,1576,86.7509765625,7.5616779999999935,20.293414
house_robber,1,fragments,194.66436599999724,908.3141509999972,-7500,1048576,,0,0,13,55.132097,-35989.609375,,0,0,109,0,914,35.276521,int-list-views-typed-sorted-direct-root,897992,26.623311,1585,96.580078125,7.724608999999999,19.449573
house_robber,1,fragments,194.66436599999724,968.3033359999972,-7500,1048576,,0,0,14,59.989185,-39998.3173828125,,0,0,109,0,914,35.463293,int-list-views-typed-sorted-direct-root,898644,27.072102,1606,107.3427734375,7.475047999999999,24.177161
house_robber,1,fragments,194.66436599999724,1032.4812679999973,-7376,1048576,,0,0,15,64.177932,-36492.7939453125,,0,0,89,0,934,38.051693,int-list-views-typed-sorted-direct-root,900060,27.360605,1621,124.97265625,9.688440000000002,25.720604
house_robber,1,fragments,194.66436599999724,1099.9286659999973,-7376,1048576,,0,0,16,67.447398,-31176.8828125,,0,0,103,0,920,39.115288,int-list-views-typed-sorted-direct-root,903792,27.975137,1614,140.23828125,10.036344999999997,27.888134
house_robber,1,fragments,194.66436599999724,1169.9184859999973,-7376,1048576,,0,0,17,69.98982,-31358.9404296875,,0,0,86,0,937,39.246082,int-list-views-typed-sorted-direct-root,910660,28.616645,1617,158.623046875,9.540272000000002,30.385847
house_robber,1,fragments,194.66436599999724,1241.6416449999972,-7361,1048576,,0,0,18,71.723159,-28728.8603515625,,0,0,92,0,931,39.339829,int-list-views-typed-sorted-direct-root,920896,28.020306,1612,172.6484375,10.226193000000006,31.989358
house_robber,1,fragments,194.66436599999724,1317.1735599999972,-7361,1048576,,0,0,19,75.531915,-39807.7080078125,,0,0,93,0,930,41.405702,int-list-views-typed-sorted-direct-root,929948,30.073916,1628,196.6474609375,10.183629999999997,33.770338
house_robber,1,fragments,194.66436599999724,1397.9019929999972,-6379,1048576,,0,0,20,80.728433,-34150.333984375,,0,0,91,0,932,41.471749,int-list-views-typed-sorted-direct-root,943956,29.298969,1623,219.6298828125,10.893331000000007,38.839003
house_robber,1,fragments,194.66436599999724,1484.3150659999972,-6379,1048576,,0,0,21,86.413073,-30963.142578125,,0,0,85,0,938,43.538709,int-list-views-typed-sorted-direct-root,957288,29.991172,1613,244.1357421875,12.252588999999995,42.452995
house_robber,1,fragments,194.66436599999724,1573.9266279999972,-5469,1048576,,0,0,22,89.611562,-35346.9677734375,,0,0,87,0,936,45.61585,int-list-views-typed-sorted-direct-root,967332,31.185971,1624,262.181640625,12.969614000000002,43.602231
house_robber,1,fragments,194.66436599999724,1669.8621129999972,-5469,1048576,,0,0,23,95.935485,-28597.826171875,,0,0,61,0,962,46.83353,int-list-views-typed-sorted-direct-root,982700,31.493189,1628,274.1279296875,13.874264000000004,48.714316
house_robber,1,fragments,194.66436599999724,1767.3405279999972,-5469,1048576,,0,0,24,97.478415,-26902.912109375,,0,0,75,0,948,47.4493,int-list-views-typed-sorted-direct-root,989816,31.823346,1615,285.8017578125,14.173205999999999,49.635178
house_robber,1,fragments,194.66436599999724,1866.6502859999973,-4477,1048576,,0,0,25,99.309758,-31813.4443359375,,0,0,84,0,939,48.673261,int-list-views-typed-sorted-direct-root,999468,32.779961,1643,293.0283203125,14.367322,50.050904
house_robber,1,fragments,194.66436599999724,1968.8734299999974,-4477,1048576,,0,0,26,102.223144,-31370.37890625,,0,0,67,0,956,48.92806,int-list-views-typed-sorted-direct-root,1010600,33.759325,1642,301.279296875,13.706109000000001,52.897049
house_robber,1,fragments,194.66436599999724,2075.0986489999973,-4477,1048576,,0,0,27,106.225219,-24638.35546875,,0,0,83,0,940,50.027131,int-list-views-typed-sorted-direct-root,1015568,33.678257,1641,302.724609375,14.836261999999996,55.738828
house_robber,1,fragments,194.66436599999724,2182.6941629999974,-4477,1048576,,0,0,28,107.595514,-23731.78515625,,0,0,87,0,936,51.83021,int-list-views-typed-sorted-direct-root,1021012,33.81682,1622,308.98046875,16.385527999999997,55.359278
house_robber,1,fragments,194.66436599999724,2292.080711999997,-4477,1048576,,0,0,29,109.386549,-27761.3564453125,,0,0,81,0,942,49.849101,int-list-views-typed-sorted-direct-root,1026184,33.15586,1622,313.625,15.156762999999994,59.133777
house_robber,1,fragments,194.66436599999724,2402.8095729999973,-4477,1048576,,0,0,30,110.728861,-20976.48828125,,0,0,79,0,944,53.432331,int-list-views-typed-sorted-direct-root,1030544,34.929676,1623,321.86328125,16.814507,56.891825
house_robber,1,fragments,194.66436599999724,2514.608679999997,-4477,1048576,,0,0,31,111.799107,-22795.7822265625,,0,0,78,0,945,52.392594,int-list-views-typed-sorted-direct-root,1036544,34.879273,1621,324.32421875,15.888794000000003,58.972322
house_robber,1,fragments,194.66436599999724,2625.8979229999973,-4438,1048576,,0,0,32,111.289243,-20246.333984375,,0,0,73,0,950,51.616144,int-list-views-typed-sorted-direct-root,1044540,34.188586,1636,333.7578125,15.799774000000001,59.245343
house_robber,1,fragments,194.66436599999724,2737.7694359999973,-3501,1048576,,0,0,33,111.871513,-20315.9619140625,,0,0,88,0,935,51.744828,int-list-views-typed-sorted-direct-root,1049812,34.847282,1627,344.27734375,15.260832999999998,59.608274
house_robber,1,fragments,194.66436599999724,2851.9617919999973,-3501,1048576,,0,0,34,114.192356,-22655.09765625,,0,0,92,0,931,53.229364,int-list-views-typed-sorted-direct-root,1055592,35.769379,1612,342.6923828125,15.834335999999997,60.546068
house_robber,1,fragments,194.66436599999724,2970.8737319999973,-3501,1048576,,0,0,35,118.91194,-22948.4365234375,,0,0,75,0,948,54.05471,int-list-views-typed-sorted-direct-root,1061220,36.273258,1635,348.09765625,16.084593,64.427898
house_robber,1,fragments,194.66436599999724,3084.6712249999973,-3501,1048576,,0,0,36,113.797493,-24389.462890625,,0,0,96,0,927,53.458976,int-list-views-typed-sorted-direct-root,1064588,35.956384,1614,346.2060546875,15.911108999999998,59.920475
house_robber,1,fragments,194.66436599999724,3200.845479999997,-3501,1048576,,0,0,37,116.174255,-18882.7509765625,,0,0,94,0,929,54.540233,int-list-views-typed-sorted-direct-root,1066112,37.287339,1623,342.431640625,15.622457000000002,61.162316
house_robber,1,fragments,194.66436599999724,3317.563623999997,-3501,1048576,,0,0,38,116.718144,-19156.005859375,,0,0,69,0,954,53.909574,int-list-views-typed-sorted-direct-root,1067812,35.938675,1628,345.1806640625,16.224479,62.383132
house_robber,1,fragments,194.66436599999724,3435.0689959999972,-2504,1048576,,0,0,39,117.505372,-22113.8818359375,,0,0,92,0,931,54.866293,int-list-views-typed-sorted-direct-root,1069816,37.128915,1618,348.4423828125,15.944885,62.136384
house_robber,1,fragments,194.66436599999724,3556.9476849999974,-2504,1048576,,0,0,40,121.878689,-22344.99609375,,0,0,81,0,942,56.181486,int-list-views-typed-sorted-direct-root,1073748,37.986996,1617,342.2080078125,16.589304,65.261606
house_robber,1,fragments,194.66436599999724,3673.2720019999974,-2504,1048576,,0,0,41,116.324317,-20329.712890625,,0,0,81,0,942,54.616519,int-list-views-typed-sorted-direct-root,1078568,37.384745,1606,337.3701171875,15.607337999999993,61.281845
house_robber,1,fragments,194.66436599999724,3789.712469999997,-1400,1048576,,0,0,42,116.440468,-19016.9228515625,,0,0,75,0,948,54.222882,int-list-views-typed-sorted-direct-root,1079684,37.260291,1619,340.0478515625,15.36343,61.787358
house_robber,1,fragments,194.66436599999724,3910.8072629999974,-1400,1048576,,0,0,43,121.094793,-22307.4521484375,,0,0,68,0,955,55.917497,int-list-views-typed-sorted-direct-root,1083732,38.002867,1639,333.8310546875,16.178723999999995,64.634161
house_robber,1,fragments,194.66436599999724,4032.2704509999976,-1400,1048576,,0,0,44,121.463188,-19729.91015625,,0,0,70,0,953,54.849834,int-list-views-typed-sorted-direct-root,1085380,37.492696,1621,329.142578125,15.754290000000001,66.135285
house_robber,1,fragments,194.66436599999724,4152.587969999998,-1400,1048576,,0,0,45,120.317519,-19266.9296875,,0,0,71,0,952,56.315062,int-list-views-typed-sorted-direct-root,1086916,38.056187,1630,325.2548828125,16.428403999999997,63.580758
house_robber,1,fragments,194.66436599999724,4269.504259999998,0,1048576,,0,0,46,116.91629,-22157.0419921875,,0,0,72,0,951,53.517393,int-list-views-typed-sorted-direct-root,1088248,36.98878,1628,313.30078125,14.874627000000002,62.885899
house_robber,1,fragments,194.66436599999724,4386.309681999998,0,1048576,,0,0,47,116.805422,-18250.7861328125,,0,0,80,0,943,54.289345,int-list-views-typed-sorted-direct-root,1088912,36.639986,1633,305.5283203125,16.021667,62.095145
house_robber,1,fragments,194.66436599999724,4503.1763059999985,0,1048576,,0,0,48,116.866624,-18629.240234375,,0,0,76,0,947,53.296897,int-list-views-typed-sorted-direct-root,1089484,36.516563,1636,303.5068359375,15.172627,63.1506
house_robber,1,fragments,194.66436599999724,4618.125954999999,0,1048576,,0,0,49,114.949649,-20387.5205078125,,0,0,86,0,937,54.766527,int-list-views-typed-sorted-direct-root,1090012,37.826726,1597,283.73828125,15.338214000000008,59.763809
house_robber,1,fragments,194.66436599999724,4730.3865209999985,0,1048576,,0,0,50,112.260566,-24075.01953125,,0,0,81,0,942,53.588165,int-list-views-typed-sorted-direct-root,1090348,37.851594,1612,260.8935546875,14.225457999999996,58.259343
house_robber,1,fragments,194.66436599999724,4833.6536609999985,0,1048576,,0,0,51,103.26714,-21317.5478515625,,0,0,87,0,936,49.198636,int-list-views-typed-sorted-direct-root,1090528,34.220183,1619,253.2216796875,13.506746999999999,53.644451
house_robber,1,fragments,194.66436599999724,4936.513338999998,0,1048576,,0,0,52,102.859678,-20755.640625,,0,0,78,0,945,49.98377,int-list-views-typed-sorted-direct-root,1090572,35.328258,1619,229.658203125,13.232085999999997,52.459178
house_robber,1,fragments,194.66436599999724,5035.123502999998,0,1048576,,0,0,53,98.610164,-21000.66796875,,0,0,79,0,944,48.947409,int-list-views-typed-sorted-direct-root,1090612,35.148265,1649,215.3291015625,12.373468999999998,49.181768
house_robber,1,fragments,194.66436599999724,5132.185608999998,0,1048576,,0,0,54,97.062106,-23314.2265625,,0,0,95,0,928,46.367868,int-list-views-typed-sorted-direct-root,1090676,32.516681,1619,208.6064453125,12.419958,50.249147
house_robber,1,fragments,194.66436599999724,5227.033930999998,0,1048576,,0,0,55,94.848322,-21202.5625,,0,0,81,0,942,46.138658,int-list-views-typed-sorted-direct-root,1090720,31.638715,1615,206.9375,13.139540000000002,48.301889
house_robber,1,fragments,194.66436599999724,5320.115136999998,0,1048576,,0,0,56,93.081206,-18329.5361328125,,0,0,97,0,926,45.646555,int-list-views-typed-sorted-direct-root,1090828,32.031199,1611,201.04296875,12.404079999999997,47.027863
house_robber,1,fragments,194.66436599999724,5424.9822049999975,0,1048576,,0,0,57,104.867068,-22685.0224609375,,0,0,108,0,915,56.653535,int-list-views-typed-sorted,1090856,43.311664,1612,199.400390625,12.038287,47.759808
house_robber,1,fragments,194.66436599999724,5525.133044999998,0,1048576,,0,0,58,100.15084,-22480.1787109375,,0,0,86,0,937,55.476701,int-list-views-typed-sorted,1090896,42.242795,1591,201.1591796875,12.019350999999997,44.267526
house_robber,1,fragments,194.66436599999724,5622.463450999998,0,1048576,,0,0,59,97.330406,-17266.8603515625,,0,0,112,0,911,53.377358,int-list-views-typed-sorted,1090944,40.418377,1610,205.123046875,11.692563999999997,43.494882
house_robber,1,fragments,194.66436599999724,5721.888778999998,0,1048576,,0,0,60,99.425328,-21626.0986328125,,0,0,88,0,935,53.232284,int-list-views-typed-sorted,1090984,40.329907,1619,204.701171875,11.726655999999998,45.75373
house_robber,1,fragments,194.66436599999724,5822.337467999998,0,1048576,,0,0,61,100.448689,-14105.22265625,,0,0,81,0,942,53.85466,int-list-views-typed-sorted,1091032,41.231181,1628,212.5126953125,11.439248000000003,46.187192
house_robber,1,fragments,194.66436599999724,5923.157766999998,0,1048576,,0,0,62,100.820299,-15015.76171875,,0,0,81,0,942,53.222729,int-list-views-typed-sorted,1091100,40.269736,1637,211.55078125,11.748714,47.171966
house_robber,1,fragments,194.66436599999724,6025.470869999998,0,1048576,,0,0,63,102.313103,-15562.498046875,,0,0,96,0,927,55.391287,int-list-views-typed-sorted,1091188,41.500123,1636,215.119140625,12.599451000000002,46.49985
house_robber,1,fragments,194.66436599999724,6128.680820999998,0,1048576,,0,0,64,103.209951,-10711.4423828125,,0,0,81,0,942,53.872293,int-list-views-typed-sorted,1091232,40.819473,1635,212.0263671875,11.783867999999998,48.930483
house_robber,1,fragments,194.66436599999724,6237.289646999998,0,1048576,,0,0,65,108.608826,-12259.9990234375,,0,0,83,0,940,56.955606,int-list-views-typed-sorted,1091296,42.357798,1649,218.73046875,13.251685,51.24397
house_robber,1,fragments,194.66436599999724,6345.583203999998,0,1048576,,0,0,66,108.293557,-11032.8623046875,,0,0,86,0,937,58.536265,int-list-views-typed-sorted,1091344,43.491625,1641,220.9072265625,13.658612999999997,49.349685
house_robber,1,fragments,194.66436599999724,6453.7339269999975,0,1048576,,0,0,67,108.150723,-11575.451171875,,0,0,93,0,930,57.341172,int-list-views-typed-sorted,1091384,43.092204,1630,212.677734375,12.958347,50.398671
house_robber,1,fragments,194.66436599999724,6561.8561599999975,0,1048576,,0,0,68,108.122233,-8229.96484375,,0,0,86,0,937,58.413042,int-list-views-typed-sorted,1091392,44.291813,1646,212.1884765625,12.874713999999994,49.293799
house_robber,1,fragments,194.66436599999724,6670.516952999998,0,1048576,,0,0,69,108.660793,-8810.6162109375,,0,0,87,0,936,60.020244,int-list-views-typed-sorted,1091400,46.114496,1629,213.197265625,12.598389999999995,48.224888
house_robber,1,fragments,194.66436599999724,6779.473149999998,0,1048576,,0,0,70,108.956197,-7975.8701171875,,0,0,86,0,937,59.017549,int-list-views-typed-sorted,1091404,45.847523,1629,210.0341796875,11.863081000000001,49.498346
house_robber,1,fragments,194.66436599999724,6890.543173999998,0,1048576,,0,0,71,111.070024,-7477.2080078125,,0,0,81,0,942,60.099839,int-list-views-typed-sorted,1091416,46.180438,1638,208.478515625,12.598101000000005,50.55372
house_robber,1,fragments,194.66436599999724,6997.907811999998,0,1048576,,0,0,72,107.364638,-6103.4130859375,,0,0,80,0,943,59.353524,int-list-views-typed-sorted,1091440,45.360987,1658,211.8525390625,12.729334000000003,47.590388
house_robber,1,fragments,194.66436599999724,7115.134180999998,0,1048576,,0,0,73,117.226369,-6634.744140625,,0,0,72,0,951,66.002543,int-list-views-typed-sorted,1091440,52.314965,1671,213.3291015625,12.364468000000002,50.660089
house_robber,1,fragments,194.66436599999724,7227.890251999997,0,1048576,,0,0,74,112.756071,-7962.052734375,,0,0,83,0,940,61.539268,int-list-views-typed-sorted,1091440,46.889125,1654,219.140625,13.237946999999998,50.739011
house_robber,1,fragments,194.66436599999724,7340.140666999998,0,1048576,,0,0,75,112.250415,-8061.4189453125,,0,0,75,0,948,62.049891,int-list-views-typed-sorted,1091460,47.739941,1698,224.6328125,12.99657,49.716275
house_robber,1,fragments,194.66436599999724,7459.167187999998,0,1048576,,0,0,76,119.026521,-8863.453125,,0,0,81,0,942,63.055193,int-list-views-typed-sorted,1091496,48.810056,1689,230.7177734375,12.882010000000001,55.541972
house_robber,1,fragments,194.66436599999724,7581.388152999998,0,1048576,,0,0,77,122.220965,-6815.0927734375,,0,0,74,0,949,66.465659,int-list-views-typed-sorted,1091504,50.985034,1682,237.197265625,14.094681,55.324255
house_robber,1,fragments,194.66436599999724,7702.704811999998,0,1048576,,0,0,78,121.316659,-5796.9873046875,,0,0,67,0,956,62.985122,int-list-views-typed-sorted,1091972,48.192041,1686,247.787109375,13.442444999999996,57.921326
house_robber,1,fragments,194.66436599999724,7834.343572999998,0,1048576,,0,0,79,131.638761,-7174.2421875,,0,0,74,0,949,71.51742,int-list-views-typed-sorted,1092008,55.376861,1702,257.578125,14.655468000000006,59.692189
house_robber,1,fragments,194.66436599999724,7977.690315999998,0,1048576,,0,0,80,143.346743,-5652.25390625,,0,0,73,0,950,81.937952,int-list-views-typed-sorted,1092096,65.455054,1691,265.7353515625,15.038773000000003,60.788328
house_robber,1,fragments,194.66436599999724,8121.440909999998,0,1048576,,0,0,81,143.750594,-5951.1767578125,,0,0,75,0,948,80.226981,int-list-views-typed-sorted,1092252,63.609645,1696,273.2236328125,15.196718999999995,63.07129
house_robber,1,fragments,194.66436599999724,8270.616813999999,0,1048576,,0,0,82,149.175904,-7382.72265625,,0,0,76,0,947,82.672141,int-list-views-typed-sorted,1092924,65.290183,1697,280.15234375,15.831212999999998,66.009792
house_robber,1,fragments,194.66436599999724,8422.5242,0,1048576,,0,0,83,151.907386,-6247.7470703125,,0,0,69,0,954,84.923529,int-list-views-typed-sorted,1093360,67.139768,1716,289.9072265625,16.215809,66.527172
house_robber,1,fragments,194.66436599999724,8579.440745,0,1048576,,0,0,84,156.916545,-4130.2646484375,,0,0,66,0,957,85.77134,int-list-views-typed-sorted,1095424,67.794531,1711,301.26171875,16.335903,70.617433
house_robber,1,fragments,194.66436599999724,8744.66753,0,1048576,,0,0,85,165.226785,-6204.3740234375,,0,0,83,0,940,93.544741,int-list-views-typed-sorted,1096456,75.009995,1678,308.0869140625,17.002754000000003,71.205075
house_robber,1,fragments,194.66436599999724,8915.98939,0,1048576,,0,0,86,171.32186,-5352.982421875,,0,0,64,0,959,100.236743,int-list-views-typed-sorted,1097952,81.860235,1704,318.1181640625,16.827916000000005,70.649832
house_robber,1,fragments,194.66436599999724,9106.972297,0,1048576,,0,0,87,190.982907,-4464.58984375,,0,0,81,0,942,117.146457,int-list-views-typed-sorted,1103056,98.256328,1690,327.1279296875,17.185966,73.350172
house_robber,1,fragments,194.66436599999724,9285.943476,0,1048576,,0,0,88,178.971179,-4760.974609375,,0,0,91,0,932,104.82813,int-list-views-typed-sorted,1104860,86.06956,1684,331.0439453125,17.119899999999994,73.690685
house_robber,1,fragments,194.66436599999724,9463.544506,0,1048576,,0,0,89,177.60103,-2542.5830078125,,0,0,76,0,947,104.250201,int-list-views-typed-sorted,1109828,86.242647,1710,332.7451171875,16.45611600000001,72.870998
house_robber,1,fragments,194.66436599999724,9648.989334,0,1048576,,0,0,90,185.444828,-3455.34765625,,0,0,68,0,955,106.397297,int-list-views-typed-sorted,1117508,89.074731,1718,342.5810546875,15.705647999999995,78.561905
house_robber,1,fragments,194.66436599999724,9841.893811,0,1048576,,0,0,91,192.904477,-3777.3759765625,,0,0,59,0,964,113.79976,int-list-views-typed-sorted,1120832,95.067589,1709,343.0693359375,17.079773000000007,78.635604
house_robber,1,fragments,194.66436599999724,10028.583991,0,1048576,,0,0,92,186.69018,-4773.0498046875,,0,0,81,0,942,105.210716,int-list-views-typed-sorted,1123776,85.531628,1725,357.2822265625,17.970003000000013,80.90861
house_robber,1,fragments,194.66436599999724,10227.920108999999,0,1048576,,0,0,93,199.336118,-5369.4306640625,,0,0,91,0,932,118.286581,int-list-views-typed-sorted,1129296,98.104086,1706,369.4609375,18.399344999999997,80.523947
house_robber,1,fragments,194.66436599999724,10431.992838999999,0,1048576,,0,0,94,204.07273,-3730.4462890625,,0,0,78,0,945,117.501094,int-list-views-typed-sorted,1139336,98.120636,1718,376.8251953125,17.68798499999999,86.123328
house_robber,1,fragments,194.66436599999724,10646.561714,0,1048576,,0,0,95,214.568875,-4296.7431640625,,0,0,59,0,964,121.64702,int-list-views-typed-sorted,1146348,102.390832,1729,381.662109375,17.502163999999993,92.482707
house_robber,1,fragments,194.66436599999724,10868.88389,0,1048576,,0,0,96,222.322176,-3805.236328125,,0,0,76,0,947,129.590839,int-list-views-typed-sorted,1155372,109.507199,1717,395.7626953125,18.21997499999999,92.256876
house_robber,1,fragments,194.66436599999724,11085.855238999999,0,1048576,,0,0,97,216.971349,-2323.90625,,0,0,75,0,948,126.182234,int-list-views-typed-sorted,1162720,105.587944,1709,406.201171875,18.737907999999997,90.232969
house_robber,1,fragments,194.66436599999724,11308.243702999998,0,1048576,,0,0,98,222.388464,-3897.50390625,,1,0,73,0,950,127.115886,int-list-views-typed-sorted,1169936,107.319499,1695,411.0615234375,17.998159000000005,94.795594
house_robber,1,fragments,194.66436599999724,11546.634314999998,0,1048576,,0,0,99,238.390612,-2955.9111328125,,1,0,74,0,949,144.365968,int-list-views-typed-sorted,1176992,123.255039,1719,427.201171875,19.254838000000003,93.567829
house_robber,1,fragments,194.66436599999724,11783.730260999997,0,1048576,,0,0,100,237.095946,-4324.5498046875,,0,0,74,0,949,138.797444,int-list-views-typed-sorted,1181112,117.12014,1712,435.828125,19.75862300000002,97.777144
house_robber,1,fragments,194.66436599999724,12036.031945999997,0,1048576,,0,0,101,252.301685,-3671.76953125,,0,0,63,0,960,150.032979,int-list-views-typed-sorted,1190988,127.423867,1720,445.310546875,20.630095,101.829121
house_robber,1,fragments,194.66436599999724,12290.779069999997,0,1048576,,0,0,102,254.747124,-3716.0478515625,,0,0,75,0,948,149.105284,int-list-views-typed-sorted,1207672,125.884595,1720,462.87890625,21.21984600000001,105.158452
house_robber,1,fragments,194.66436599999724,12572.844812999996,0,1048576,,0,0,103,282.065743,-3432.3046875,,1,0,77,0,946,171.457499,int-list-views-typed-sorted,1221716,148.407307,1705,475.091796875,21.076321999999998,110.150835
house_robber,1,fragments,194.66436599999724,12855.202161999996,0,1048576,,0,0,104,282.357349,-4741.83984375,,2,0,68,0,955,170.855302,int-list-views-typed-sorted,1232008,146.588448,1714,486.66015625,22.299222000000007,110.88582
house_robber,1,fragments,194.66436599999724,13121.829005999996,0,1048576,,0,0,105,266.626844,-2950.0439453125,,2,0,88,0,935,160.385902,int-list-views-typed-sorted,1239368,135.560102,1710,488.376953125,22.775838,105.781277
house_robber,1,fragments,194.66436599999724,13386.851432999996,0,1048576,,0,0,106,265.022427,-3914.9931640625,,1,0,87,0,936,151.638112,int-list-views-typed-sorted,1246204,127.676798,1705,494.3486328125,21.82066800000002,112.921799
house_robber,1,fragments,194.66436599999724,13661.405752999995,0,1048576,,0,0,107,274.55432,-2566.83203125,,1,0,89,0,934,161.035669,int-list-views-typed-sorted,1253864,136.535125,1728,501.1171875,22.46889100000001,113.057846
house_robber,1,fragments,194.66436599999724,13936.967136999996,0,1048576,,0,0,108,275.561384,-2839.67578125,,0,0,77,0,946,160.73957,int-list-views-typed-sorted,1259592,135.622301,1695,491.7607421875,23.01355499999999,114.336878
house_robber,1,fragments,194.66436599999724,14206.654629999995,0,1048576,,0,0,109,269.687493,-2689.0390625,,0,0,75,0,948,163.873624,int-list-views-typed-sorted,1261436,139.922842,1709,507.6201171875,22.012762000000013,105.354253
house_robber,1,fragments,194.66436599999724,14492.022419999996,0,1048576,,0,0,110,285.36779,-3163.1572265625,,2,0,67,0,956,175.023751,int-list-views-typed-sorted,1266668,149.948643,1715,506.08203125,22.917547000000006,109.832991
house_robber,1,fragments,194.66436599999724,14765.781620999996,0,1048576,,0,0,111,273.759201,-3031.8291015625,,3,0,68,0,955,158.112797,int-list-views-typed-sorted,1272424,134.613884,1722,518.4423828125,21.401342000000014,115.183138
house_robber,1,fragments,194.66436599999724,15064.388062999997,0,1048576,,0,0,112,298.606442,-3235.14453125,,6,0,78,0,945,175.671788,int-list-views-typed-sorted,1278476,149.984141,1712,516.9931640625,23.493329,122.480359
house_robber,1,fragments,194.66436599999724,15343.548989999998,0,1048576,,0,0,113,279.160927,-3154.740234375,,3,0,75,0,948,165.117473,int-list-views-typed-sorted,1280784,139.084939,1721,526.8857421875,23.81568999999998,113.573783
house_robber,1,fragments,194.66436599999724,15636.026366999997,0,1048576,,0,0,114,292.477377,-3790.7314453125,,2,0,78,0,945,169.75415,int-list-views-typed-sorted,1285972,144.191342,1703,539.9296875,23.33677900000002,122.230947
house_robber,1,fragments,194.66436599999724,15940.438785999997,0,1048576,,0,0,115,304.412419,-2090.126953125,,3,0,56,0,967,182.58151,int-list-views-typed-sorted,1290312,156.806172,1719,544.1494140625,23.564919000000007,121.296154
house_robber,1,fragments,194.66436599999724,16241.195116999997,0,1048576,,0,0,116,300.756331,-6956.0107421875,,3,0,74,0,949,171.90809,int-list-views-typed-sorted,1295452,145.104226,1726,544.6083984375,24.548228999999985,128.297826
house_robber,1,fragments,194.66436599999724,16549.3081,0,1048576,,0,0,117,308.112983,-2430.7236328125,,1,0,69,0,954,184.855749,int-list-views-typed-sorted,1300220,157.535924,1720,551.8818359375,24.99938299999999,122.701428
house_robber,1,fragments,194.66436599999724,16865.933833,0,1048576,,0,0,118,316.625733,-3378.35546875,,1,0,73,0,950,185.528277,int-list-views-typed-sorted,1306720,159.506272,1706,559.4921875,23.784125000000003,130.621821
house_robber,1,fragments,194.66436599999724,17182.859452,0,1048576,,0,0,119,316.925619,-2564.5830078125,,4,0,71,0,952,180.426073,int-list-views-typed-sorted,1315928,152.205559,1703,563.7138671875,25.913444999999996,135.905643
house_robber,1,fragments,194.66436599999724,17496.553644,0,1048576,,0,0,120,313.694192,-3157.6650390625,,3,0,71,0,952,179.415534,int-list-views-typed-sorted,1320384,150.802653,1725,558.3447265625,26.379986000000017,133.806343
house_robber,1,fragments,194.66436599999724,17793.729052,0,1048576,,0,0,121,297.175408,-2786.876953125,,3,0,84,0,939,172.681262,int-list-views-typed-sorted,1324008,147.680794,1731,573.9873046875,22.865586999999998,123.98109
house_robber,1,fragments,194.66436599999724,18101.133616,0,1048576,,0,0,122,307.404564,-3155.30078125,,2,0,89,0,934,171.507934,int-list-views-typed-sorted,1328364,144.631712,1713,577.978515625,24.495814000000003,135.419883
house_robber,1,fragments,194.66436599999724,18413.064113,0,1048576,,0,0,123,311.930497,-2253.55078125,,2,0,69,0,954,176.046627,int-list-views-typed-sorted,1335260,147.858703,1723,584.8974609375,25.743121,135.405834
house_robber,1,fragments,194.66436599999724,18723.919973,0,1048576,,0,0,124,310.85586,-2881.3720703125,,6,0,76,0,947,172.311551,int-list-views-typed-sorted,1337992,143.744613,1693,581.779296875,26.286267000000006,138.071941
house_robber,1,fragments,194.66436599999724,19028.51693,0,1048576,,0,0,125,304.596957,-2709.5146484375,,5,0,67,0,956,163.86548,int-list-views-typed-sorted,1341300,135.756504,1702,584.142578125,25.791323,140.194814
house_robber,1,fragments,194.66436599999724,19324.483377,0,1048576,,0,0,126,295.966447,-3753.7158203125,,3,0,87,0,936,161.32999,int-list-views-typed-sorted,1346176,134.04082,1706,586.2041015625,25.022509000000007,134.127329
house_robber,1,fragments,194.66436599999724,19629.933841000002,0,1048576,,0,0,127,305.450464,-1564.4892578125,,2,0,70,0,953,166.835583,int-list-views-typed-sorted,1352652,139.152554,1714,590.7978515625,25.179575000000025,138.10414
house_robber,2,native,139.29786200000086,361.09482700000086,-8503,1048576,1200,0,0,0,221.796965,-117310.05859375,0,0,0,119,0,,,,,,,,,
house_robber,2,native,139.29786200000086,568.0153250000009,-13996,1048576,1197,0,0,1,206.920498,-74880.6904296875,2,0,0,134,0,,,,,,,,,
house_robber,2,native,139.29786200000086,722.7671170000009,-12270,1048576,1190,0,0,2,154.751792,-64299.4501953125,0,0,0,129,0,,,,,,,,,
house_robber,2,native,139.29786200000086,865.971299000001,-8479,1048576,1196,0,0,3,143.204182,-60457.5361328125,0,0,0,109,0,,,,,,,,,
house_robber,2,native,139.29786200000086,1013.966139000001,-8479,1048576,1198,0,0,4,147.99484,-61975.408203125,0,0,0,147,0,,,,,,,,,
house_robber,2,native,139.29786200000086,1162.262697000001,-8503,1048576,1208,0,0,5,148.296558,-60985.7763671875,0,0,0,120,0,,,,,,,,,
house_robber,2,native,139.29786200000086,1313.672348000001,-8503,1048576,1198,0,0,6,151.409651,-58325.8662109375,6,0,0,136,0,,,,,,,,,
house_robber,2,native,139.29786200000086,1465.042223000001,-8443,1048576,1216,0,0,7,151.369875,-59660.7255859375,2,0,0,126,0,,,,,,,,,
house_robber,2,native,139.29786200000086,1612.4520530000011,-8479,1048576,1205,0,0,8,147.40983,-64173.1875,0,0,0,112,0,,,,,,,,,
house_robber,2,native,139.29786200000086,1763.971126000001,-8503,1048576,1209,0,0,9,151.519073,-61678.9501953125,2,0,0,110,0,,,,,,,,,
house_robber,2,native,139.29786200000086,1913.796146000001,-8066,1048576,1239,0,0,10,149.82502,-59865.353515625,4,0,0,87,0,,,,,,,,,
house_robber,2,native,139.29786200000086,2063.005105000001,-8479,1048576,1221,0,0,11,149.208959,-71251.2421875,2,0,0,107,0,,,,,,,,,
house_robber,2,native,139.29786200000086,2217.664461000001,-8094,1048576,1213,0,0,12,154.659356,-55278.4248046875,2,0,0,113,0,,,,,,,,,
house_robber,2,native,139.29786200000086,2375.659231000001,-8479,1048576,1229,0,0,13,157.99477,-53151.7705078125,0,0,0,95,0,,,,,,,,,
house_robber,2,native,139.29786200000086,2539.491295000001,-8354,1048576,1242,0,0,14,163.832064,-51810.4970703125,4,0,0,108,0,,,,,,,,,
house_robber,2,native,139.29786200000086,2704.830480000001,-8479,1048576,1243,0,0,15,165.339185,-52367.8564453125,2,0,0,78,0,,,,,,,,,
house_robber,2,native,139.29786200000086,2878.054043000001,-7570,1048576,1226,0,0,16,173.223563,-53639.205078125,2,0,0,117,0,,,,,,,,,
house_robber,2,native,139.29786200000086,3051.577590000001,-7570,1048576,1241,0,0,17,173.523547,-45920.26953125,2,0,0,110,0,,,,,,,,,
house_robber,2,native,139.29786200000086,3235.8206840000007,-7570,1048576,1241,0,0,18,184.243094,-38889.255859375,6,0,0,103,0,,,,,,,,,
house_robber,2,native,139.29786200000086,3448.8050670000007,-7570,1048576,1217,0,0,19,212.984383,-40325.9794921875,6,0,0,109,0,,,,,,,,,
house_robber,2,native,139.29786200000086,3650.1810970000006,-7570,1048576,1244,0,0,20,201.37603,-35238.6767578125,2,0,0,89,0,,,,,,,,,
house_robber,2,native,139.29786200000086,3834.4262250000006,-7570,1048576,1248,0,0,21,184.245128,-37589.732421875,2,0,0,100,0,,,,,,,,,
house_robber,2,native,139.29786200000086,4029.3289980000004,-7570,1048576,1227,0,0,22,194.902773,-33461.3115234375,6,0,0,104,0,,,,,,,,,
house_robber,2,native,139.29786200000086,4231.9718250000005,-7570,1048576,1229,0,0,23,202.642827,-27959.8291015625,2,0,0,91,0,,,,,,,,,
house_robber,2,native,139.29786200000086,4438.702224000001,-7570,1048576,1256,0,0,24,206.730399,-32822.392578125,4,0,0,77,0,,,,,,,,,
house_robber,2,native,139.29786200000086,4655.0304750000005,-7790,1048576,1228,0,0,25,216.328251,-33598.541015625,6,0,0,100,0,,,,,,,,,
house_robber,2,native,139.29786200000086,4879.102870000001,-7570,1048576,1240,0,0,26,224.072395,-24288.2158203125,6,0,0,113,0,,,,,,,,,
house_robber,2,native,139.29786200000086,5112.033420000001,-7570,1048576,1256,0,0,27,232.93055,-21496.2080078125,2,0,0,79,0,,,,,,,,,
house_robber,2,native,139.29786200000086,5354.142111000001,-7570,1048576,1219,0,0,28,242.108691,-19288.326171875,6,0,0,99,0,,,,,,,,,
house_robber,2,native,139.29786200000086,5608.576349000001,-7534,1048576,1221,0,0,29,254.434238,-17594.1220703125,2,0,0,95,0,,,,,,,,,
house_robber,2,native,139.29786200000086,5870.420950000001,-7570,1048576,1249,0,0,30,261.844601,-19120.76171875,2,0,0,98,0,,,,,,,,,
house_robber,2,native,139.29786200000086,6137.110003000001,-7570,1048576,1257,0,0,31,266.689053,-14473.31640625,0,0,0,73,0,,,,,,,,,
house_robber,2,fragments,194.15139099999578,259.51725599999577,-8503,1048576,,0,0,0,65.365865,-117310.05859375,,0,0,127,0,896,43.607842,int-list-views-typed-sorted-direct-root,892188,33.606644,1733,78.3984375,8.815730999999996,21.278648
house_robber,2,fragments,194.15139099999578,315.03619199999576,-8479,1048576,,0,0,1,55.518936,-78120.8583984375,,0,0,218,0,805,40.785035,int-list-views-typed-sorted-direct-root,892488,32.58977,1577,49.626953125,7.2546510000000035,14.361075
house_robber,2,fragments,194.15139099999578,362.6546549999958,-8479,1048576,,0,0,2,47.618463,-67405.9765625,,0,0,266,0,757,37.205151,int-list-views-typed-sorted-direct-root,892604,30.150386,1511,44.9833984375,6.288200000000003,10.137554
house_robber,2,fragments,194.15139099999578,408.9562559999958,-8479,1048576,,0,0,3,46.301601,-58451.958984375,,0,0,231,0,792,36.616493,int-list-views-typed-sorted-direct-root,892656,30.230821,1501,46.4951171875,5.626201999999997,9.428765
house_robber,2,fragments,194.15139099999578,452.1480559999958,-8479,1048576,,0,0,4,43.1918,-55653.763671875,,0,0,200,0,823,32.653312,int-list-views-typed-sorted-direct-root,892700,26.093012,1526,52.9375,5.818704999999999,10.290997
house_robber,2,fragments,194.15139099999578,497.3024639999958,-8479,1048576,,0,0,5,45.154408,-55463.6533203125,,0,0,177,0,846,32.511373,int-list-views-typed-sorted-direct-root,892808,25.605274,1544,59.8251953125,6.105911,12.384867
house_robber,2,fragments,194.15139099999578,546.3089069999958,-8479,1048576,,0,0,6,49.006443,-49336.810546875,,0,0,133,0,890,35.286641,int-list-views-typed-sorted-direct-root,893052,28.059408,1555,64.220703125,6.426573000000005,13.453261
house_robber,2,fragments,194.15139099999578,593.5459039999957,-8479,1048576,,0,0,7,47.236997,-52112.5595703125,,0,0,120,0,903,33.267867,int-list-views-typed-sorted-direct-root,893212,25.769161,1592,66.76171875,6.660903000000001,13.693797
house_robber,2,fragments,194.15139099999578,641.4708979999957,-8479,1048576,,0,0,8,47.924994,-54208.7744140625,,0,0,137,0,886,32.858623,int-list-views-typed-sorted-direct-root,893608,25.696894,1602,70.16796875,6.349131,14.789468
house_robber,2,fragments,194.15139099999578,692.5718409999957,-8479,1048576,,0,0,9,51.100943,-42393.78515625,,0,0,123,0,900,33.76902,int-list-views-typed-sorted-direct-root,894056,26.325724,1581,77.203125,6.624439999999997,17.037784
house_robber,2,fragments,194.15139099999578,745.8150919999957,-7376,1048576,,0,0,10,53.243251,-43373.00390625,,0,0,125,0,898,34.364995,int-list-views-typed-sorted-direct-root,894536,26.111473,1570,80.25,7.383184999999999,18.575569
house_robber,2,fragments,194.15139099999578,800.4270029999957,-7361,1048576,,0,0,11,54.611911,-41164.40625,,0,0,107,0,916,34.932316,int-list-views-typed-sorted-direct-root,894884,26.43793,1591,82.9345703125,7.599558,19.336044
house_robber,2,fragments,194.15139099999578,855.6679599999957,-7340,1048576,,0,0,12,55.240957,-37149.3818359375,,0,0,103,0,920,35.586488,int-list-views-typed-sorted-direct-root,895256,26.648929,1597,86.0908203125,8.093842,19.315859
house_robber,2,fragments,194.15139099999578,912.3442549999957,-7340,1048576,,0,0,13,56.676295,-35071.798828125,,0,0,100,0,923,36.010045,int-list-views-typed-sorted-direct-root,895780,27.190729,1601,87.0537109375,7.9660769999999985,20.347966
house_robber,2,fragments,194.15139099999578,969.0136359999957,-7340,1048576,,0,0,14,56.669381,-33979.888671875,,0,0,108,0,915,35.656909,int-list-views-typed-sorted-direct-root,896140,26.950503,1607,91.3134765625,7.836480000000001,20.688455
house_robber,2,fragments,194.15139099999578,1026.9674479999958,-7340,1048576,,0,0,15,57.953812,-31794.9365234375,,0,0,107,0,916,36.018277,int-list-views-typed-sorted-direct-root,897184,27.248899,1594,91.0673828125,7.893456999999998,21.600713
house_robber,2,fragments,194.15139099999578,1083.7232439999957,-7340,1048576,,0,0,16,56.755796,-35381.2529296875,,0,0,103,0,920,35.953452,int-list-views-typed-sorted-direct-root,897400,27.012684,1618,90.9755859375,8.063011999999997,20.438798
house_robber,2,fragments,194.15139099999578,1141.2227249999958,-7340,1048576,,0,0,17,57.499481,-33280.06640625,,0,0,97,0,926,35.574764,int-list-views-typed-sorted-direct-root,897596,27.130962,1608,93.109375,7.496778000000003,21.586379
house_robber,2,fragments,194.15139099999578,1200.0977699999958,-7340,1048576,,0,0,18,58.875045,-27481.7060546875,,0,0,105,0,918,35.892696,int-list-views-typed-sorted-direct-root,898184,26.836474,1614,92.9501953125,8.158293000000004,22.617912
house_robber,2,fragments,194.15139099999578,1260.7655229999957,-7340,1048576,,0,0,19,60.667753,-29972.345703125,,0,0,82,0,941,37.132707,int-list-views-typed-sorted-direct-root,898424,27.900426,1626,92.791015625,8.287286000000005,23.196249
house_robber,2,fragments,194.15139099999578,1320.5996699999957,-7340,1048576,,0,0,20,59.834147,-25647.1103515625,,0,0,86,0,937,37.19254,int-list-views-typed-sorted-direct-root,898872,27.230608,1638,91.99609375,8.943727,22.298034
house_robber,2,fragments,194.15139099999578,1378.6448589999957,-6797,1048576,,0,0,21,58.045189,-29754.7822265625,,0,0,101,0,922,36.100942,int-list-views-typed-sorted-direct-root,899144,27.053833,1654,94.947265625,8.110789000000004,21.605278
house_robber,2,fragments,194.15139099999578,1450.7148439999958,-6797,1048576,,0,0,22,72.069985,-25793.4951171875,,0,0,101,0,922,49.471641,int-list-views-typed-sorted,899264,40.435548,1632,94.7939453125,8.034551999999998,22.240378
house_robber,2,fragments,194.15139099999578,1519.7000269999958,-6308,1048576,,0,0,23,68.985183,-28326.158203125,,0,0,91,0,932,46.590106,int-list-views-typed-sorted,900316,37.753273,1629,93.9150390625,7.9317220000000015,22.034119
house_robber,2,fragments,194.15139099999578,1590.4440929999957,-6308,1048576,,0,0,24,70.744066,-27488.4931640625,,0,0,91,0,932,46.668478,int-list-views-typed-sorted,900396,37.907844,1635,94.3173828125,7.900260000000004,23.719145
house_robber,2,fragments,194.15139099999578,1651.0754359999958,-6308,1048576,,0,0,25,60.631343,-23721.908203125,,0,0,77,0,946,37.382125,int-list-views-typed-sorted-direct-root,900440,27.122019,1635,93.8427734375,9.286042000000002,22.898244
house_robber,2,fragments,194.15139099999578,1722.4303809999958,-6287,1048576,,0,0,26,71.354945,-29920.642578125,,0,0,85,0,938,47.074268,int-list-views-typed-sorted,900580,37.612009,1632,96.744140625,8.567386999999993,23.924107
house_robber,2,fragments,194.15139099999578,1783.0537499999957,-6287,1048576,,0,0,27,60.623369,-27798.51171875,,0,0,74,0,949,36.338829,int-list-views-typed-sorted-direct-root,900976,26.975425,1633,98.2841796875,8.408744,23.929745
house_robber,2,fragments,194.15139099999578,1843.5484819999956,-5104,1048576,,0,0,28,60.494732,-27208.2138671875,,0,0,93,0,930,36.553162,int-list-views-typed-sorted-direct-root,901404,27.205652,1602,100.990234375,8.448220000000001,23.583797
house_robber,2,fragments,194.15139099999578,1904.6885069999955,-5104,1048576,,0,0,29,61.140025,-24845.3759765625,,0,0,80,0,943,36.794007,int-list-views-typed-sorted-direct-root,902368,27.350808,1642,103.552734375,8.524706,23.993175
house_robber,2,fragments,194.15139099999578,1967.4618709999954,-5104,1048576,,0,0,30,62.773364,-21792.3974609375,,0,0,83,0,940,36.314809,int-list-views-typed-sorted-direct-root,903132,27.135882,1620,108.4306640625,8.236742,26.081292
house_robber,2,fragments,194.15139099999578,2041.4431069999955,-4974,1048576,,0,0,31,73.981236,-25454.4697265625,,0,0,80,0,943,48.537109,int-list-views-typed-sorted,904016,38.710266,1646,110.96875,8.948154000000002,25.014746
house_robber,2,fragments,194.15139099999578,2117.9008769999955,-4974,1048576,,0,0,32,76.45777,-28012.0458984375,,0,0,81,0,942,48.595853,int-list-views-typed-sorted,906204,39.087068,1640,112.4990234375,8.614848999999996,27.485945
house_robber,2,fragments,194.15139099999578,2197.3361129999953,-4974,1048576,,0,0,33,79.435236,-27942.1025390625,,0,0,93,0,930,50.934633,int-list-views-typed-sorted,907956,40.825389,1623,116.3388671875,9.214631999999998,28.134294
house_robber,2,fragments,194.15139099999578,2276.8075379999955,-4974,1048576,,0,0,34,79.471425,-22301.576171875,,0,0,85,0,938,49.010302,int-list-views-typed-sorted,909964,38.607016,1619,122.1064453125,9.427844000000002,30.044301
house_robber,2,fragments,194.15139099999578,2358.9917569999957,-4974,1048576,,0,0,35,82.184219,-22948.5126953125,,0,0,81,0,942,51.521756,int-list-views-typed-sorted,914232,40.860706,1620,126.328125,9.598738000000004,30.283796
house_robber,2,fragments,194.15139099999578,2442.407333999996,-4974,1048576,,0,0,36,83.415577,-23808.376953125,,0,0,67,0,956,52.837936,int-list-views-typed-sorted,916840,41.83535,1651,134.1787109375,9.961860999999995,30.161346
house_robber,2,fragments,194.15139099999578,2528.930147999996,-4952,1048576,,0,0,37,86.522814,-26295.8603515625,,0,0,71,0,952,53.676779,int-list-views-typed-sorted,920032,42.149418,1668,139.5380859375,10.436507000000006,32.46353
house_robber,2,fragments,194.15139099999578,2619.073279999996,-4952,1048576,,0,0,38,90.143132,-23801.0498046875,,0,0,76,0,947,54.69511,int-list-views-typed-sorted,925736,43.327628,1661,144.3876953125,10.248489000000001,35.058875
house_robber,2,fragments,194.15139099999578,2706.546666999996,-4952,1048576,,0,0,39,87.473387,-23960.0869140625,,0,0,79,0,944,53.325262,int-list-views-typed-sorted,929936,41.626619,1635,143.9501953125,10.602367000000003,33.756875
house_robber,2,fragments,194.15139099999578,2797.661822999996,-3823,1048576,,0,0,40,91.115156,-22592.69140625,,0,0,83,0,940,54.487374,int-list-views-typed-sorted,933792,42.877113,1626,149.498046875,10.424547,36.228318
house_robber,2,fragments,194.15139099999578,2888.853208999996,-3823,1048576,,0,0,41,91.191386,-24194.6806640625,,0,0,75,0,948,54.308758,int-list-views-typed-sorted,936408,42.413966,1635,148.9765625,10.787980999999998,36.490738
house_robber,2,fragments,194.15139099999578,2978.9996779999956,-3823,1048576,,0,0,42,90.146469,-28690.955078125,,0,0,62,0,961,54.984182,int-list-views-typed-sorted,938048,43.276832,1642,149.4287109375,10.599562999999996,34.767745
house_robber,2,fragments,194.15139099999578,3071.6903529999954,-3823,1048576,,0,0,43,92.690675,-23804.08203125,,0,0,82,0,941,54.5108,int-list-views-typed-sorted,939876,43.444256,1620,153.0048828125,9.958935,37.780647
house_robber,2,fragments,194.15139099999578,3165.3918379999955,-3823,1048576,,0,0,44,93.701485,-25609.291015625,,0,0,90,0,933,54.719491,int-list-views-typed-sorted,941716,42.943112,1615,158.3671875,10.667957999999997,38.56395
house_robber,2,fragments,194.15139099999578,3260.0179259999954,-3823,1048576,,0,0,45,94.626088,-28005.041015625,,0,0,78,0,945,55.649929,int-list-views-typed-sorted,944820,43.480862,1631,163.4462890625,11.044624000000002,38.579551
house_robber,2,fragments,194.15139099999578,3353.120501999995,-3823,1048576,,0,0,46,93.102576,-18747.103515625,,0,0,74,0,949,54.535064,int-list-views-typed-sorted,947500,42.296839,1650,167.8173828125,11.041698999999998,38.061347
house_robber,2,fragments,194.15139099999578,3447.5853179999954,-3823,1048576,,0,0,47,94.464816,-25726.96875,,0,0,83,0,940,53.593752,int-list-views-typed-sorted,952964,42.030582,1623,173.080078125,10.448576000000003,40.423489
house_robber,2,fragments,194.15139099999578,3546.3744069999952,-3823,1048576,,0,0,48,98.789089,-23241.302734375,,0,0,70,0,953,56.501257,int-list-views-typed-sorted,958688,44.224971,1625,177.142578125,11.064494000000002,41.877214
house_robber,2,fragments,194.15139099999578,3646.2245619999953,-3823,1048576,,0,0,49,99.850155,-21910.0712890625,,0,0,77,0,946,55.841635,int-list-views-typed-sorted,963932,43.259426,1630,178.9921875,11.326197999999998,43.494089
house_robber,2,fragments,194.15139099999578,3746.0438949999952,-3823,1048576,,0,0,50,99.819333,-21479.490234375,,0,0,81,0,942,55.926805,int-list-views-typed-sorted,967288,43.281654,1636,180.0673828125,11.470499000000004,43.493783
house_robber,2,fragments,194.15139099999578,3849.5941499999954,-3823,1048576,,0,0,51,103.550255,-22359.78125,,0,0,55,0,968,57.66387,int-list-views-typed-sorted,972184,44.115512,1649,182.93359375,12.366330000000001,45.471341
house_robber,2,fragments,194.15139099999578,3954.6073879999954,-3823,1048576,,0,0,52,105.013238,-23075.19140625,,0,0,78,0,945,58.118403,int-list-views-typed-sorted,977172,44.628893,1646,189.4384765625,12.243467,46.463184
house_robber,2,fragments,194.15139099999578,4060.8294679999954,-3823,1048576,,0,0,53,106.22208,-25781.46875,,0,0,80,0,943,59.256467,int-list-views-typed-sorted,981256,45.581385,1621,198.7919921875,12.433958000000004,46.432108
house_robber,2,fragments,194.15139099999578,4168.845184999996,-3823,1048576,,0,0,54,108.015717,-23792.541015625,,0,0,82,0,941,58.991577,int-list-views-typed-sorted,985836,45.283762,1618,199.5283203125,12.513344000000002,48.591558
house_robber,2,fragments,194.15139099999578,4277.641797999996,-3333,1048576,,0,0,55,108.796613,-22208.494140625,,0,0,76,0,947,58.181954,int-list-views-typed-sorted,991400,44.848019,1617,205.17578125,12.126374999999996,50.209015
house_robber,2,fragments,194.15139099999578,4387.538027999996,-3333,1048576,,0,0,56,109.89623,-18289.9892578125,,0,0,70,0,953,58.42453,int-list-views-typed-sorted,999192,44.727549,1634,215.3427734375,12.446764,50.96202
house_robber,2,fragments,194.15139099999578,4499.051090999997,-3263,1048576,,0,0,57,111.513063,-17706.318359375,,0,0,84,0,939,59.916952,int-list-views-typed-sorted,1004480,45.679112,1653,224.7802734375,12.871002000000002,51.172982
house_robber,2,fragments,194.15139099999578,4615.176292999997,-3263,1048576,,0,0,58,116.125202,-21125.2587890625,,0,0,53,0,970,60.439001,int-list-views-typed-sorted,1015080,46.166713,1653,228.708984375,12.960993999999998,55.252763
house_robber,2,fragments,194.15139099999578,4732.032434999996,-3151,1048576,,0,0,59,116.856142,-21355.0615234375,,0,0,81,0,942,60.007563,int-list-views-typed-sorted,1020920,45.1461,1612,240.4111328125,13.504487,56.431011
house_robber,2,fragments,194.15139099999578,4851.280859999996,-3151,1048576,,0,0,60,119.248425,-27411.5986328125,,0,0,73,0,950,61.705769,int-list-views-typed-sorted,1028520,46.749162,1636,251.5693359375,13.538060999999994,57.010761
house_robber,2,fragments,194.15139099999578,4969.654778999996,-1344,1048576,,0,0,61,118.373919,-20777.650390625,,0,0,76,0,947,61.296233,int-list-views-typed-sorted,1037892,45.384669,1656,249.4306640625,14.530457,56.653439
house_robber,2,fragments,194.15139099999578,5090.6710289999955,-1344,1048576,,0,0,62,121.01625,-23571.30859375,,0,0,66,0,957,61.681503,int-list-views-typed-sorted,1043388,46.797692,1656,245.681640625,13.507246999999998,58.831843
house_robber,2,fragments,194.15139099999578,5214.129466999995,-1344,1048576,,0,0,63,123.458438,-22263.298828125,,0,0,69,0,954,63.693126,int-list-views-typed-sorted,1045148,48.057383,1625,238.4189453125,14.205057,59.337846
house_robber,2,fragments,194.15139099999578,5335.775236999995,-1344,1048576,,0,0,64,121.64577,-23908.6669921875,,0,0,73,0,950,64.668166,int-list-views-typed-sorted,1046188,48.712459,1629,234.2041015625,14.496979999999997,56.462575
house_robber,2,fragments,194.15139099999578,5457.731982999995,-694,1048576,,0,0,65,121.956746,-20131.169921875,,0,0,75,0,948,65.529037,int-list-views-typed-sorted,1047060,50.425987,1625,233.8154296875,13.746974000000003,55.948502
house_robber,2,fragments,194.15139099999578,5580.698818999995,-694,1048576,,0,0,66,122.966836,-28691.7587890625,,0,0,83,0,940,64.978588,int-list-views-typed-sorted,1048056,50.028678,1636,239.4296875,13.557279000000003,57.520726
house_robber,2,fragments,194.15139099999578,5706.4204589999945,-694,1048576,,0,0,67,125.72164,-20977.2216796875,,0,0,63,0,960,67.336468,int-list-views-typed-sorted,1049088,51.839323,1641,241.49609375,14.126472999999994,57.883876
house_robber,2,fragments,194.15139099999578,5832.536389999995,-694,1048576,,0,0,68,126.115931,-17867.6455078125,,0,0,73,0,950,67.38195,int-list-views-typed-sorted,1050092,52.266618,1644,249.69140625,13.736144000000005,58.26999
house_robber,2,fragments,194.15139099999578,5967.309545999995,-694,1048576,,0,0,69,134.773156,-22073.576171875,,0,0,75,0,948,73.615531,int-list-views-typed-sorted,1052860,58.550204,1646,258.814453125,13.716033000000001,60.730158
house_robber,2,fragments,194.15139099999578,6103.9436279999945,0,1048576,,0,0,70,136.634082,-16139.8017578125,,0,0,82,0,941,72.905964,int-list-views-typed-sorted,1056228,56.847383,1628,270.8330078125,14.631850000000002,63.251382
house_robber,2,fragments,194.15139099999578,6243.967254999994,0,1048576,,0,0,71,140.023627,-18247.9169921875,,0,0,90,0,933,76.184891,int-list-views-typed-sorted,1059156,59.326095,1627,272.6708984375,15.339779999999989,63.416269
house_robber,2,fragments,194.15139099999578,6386.195423999994,0,1048576,,0,0,72,142.228169,-13957.0859375,,0,0,80,0,943,77.757917,int-list-views-typed-sorted,1060444,61.222224,1626,276.103515625,14.941080000000005,63.873936
house_robber,2,fragments,194.15139099999578,6529.470286999994,0,1048576,,0,0,73,143.274863,-20837.873046875,,0,0,75,0,948,80.29542,int-list-views-typed-sorted,1064684,64.469009,1647,267.5751953125,14.398944999999989,62.540535
house_robber,2,fragments,194.15139099999578,6672.766651999994,0,1048576,,0,0,74,143.296365,-20640.029296875,,0,0,82,0,941,80.219391,int-list-views-typed-sorted,1067520,64.138736,1654,251.97265625,14.646003999999996,62.578425
house_robber,2,fragments,194.15139099999578,6808.984615999994,0,1048576,,0,0,75,136.217964,-21122.91015625,,0,0,67,0,956,75.616972,int-list-views-typed-sorted,1067976,59.939878,1640,243.462890625,14.274352999999998,60.158656
house_robber,2,fragments,194.15139099999578,6948.5211939999945,0,1048576,,0,0,76,139.536578,-20647.857421875,,0,0,75,0,948,81.608788,int-list-views-typed-sorted,1068244,67.553141,1648,237.02734375,12.714946,57.49159
house_robber,2,fragments,194.15139099999578,7092.027954999994,0,1048576,,0,0,77,143.506761,-19182.7451171875,,0,0,82,0,941,84.184691,int-list-views-typed-sorted,1068656,70.28258,1646,228.587890625,12.558461999999995,58.886103
house_robber,2,fragments,194.15139099999578,7227.879359999994,0,1048576,,0,0,78,135.851405,-18407.955078125,,0,0,79,0,944,81.220489,int-list-views-typed-sorted,1068860,65.915263,1650,222.9501953125,13.920876999999994,54.201246
house_robber,2,fragments,194.15139099999578,7355.774134999994,0,1048576,,0,0,79,127.894775,-19733.7587890625,,0,0,87,0,936,71.298691,int-list-views-typed-sorted,1069044,57.866656,1630,221.0517578125,12.16131700000001,56.13367
house_robber,2,fragments,194.15139099999578,7483.0555659999945,0,1048576,,0,0,80,127.281431,-24603.57421875,,0,0,76,0,947,71.56154,int-list-views-typed-sorted,1069132,57.273942,1635,218.5810546875,13.023798999999995,55.286793
house_robber,2,fragments,194.15139099999578,7612.229738999995,0,1048576,,0,0,81,129.174173,-21631.0712890625,,0,0,86,0,937,74.319931,int-list-views-typed-sorted,1070328,59.896788,1647,222.14453125,13.085355999999996,54.428606
house_robber,2,fragments,194.15139099999578,7743.2368089999945,0,1048576,,0,0,82,131.00707,-23290.279296875,,0,0,88,0,935,74.723762,int-list-views-typed-sorted,1071396,60.644262,1642,229.16796875,12.743957999999987,55.843651
house_robber,2,fragments,194.15139099999578,7873.202357999995,0,1048576,,0,0,83,129.965549,-23831.4599609375,,0,0,84,0,939,74.014111,int-list-views-typed-sorted,1071652,59.522608,1640,231.42578125,13.142758000000004,55.514842
house_robber,2,fragments,194.15139099999578,8000.671209999995,0,1048576,,0,0,84,127.468852,-21685.1865234375,,0,0,75,0,948,74.866715,int-list-views-typed-sorted,1071756,59.92357,1646,229.9716796875,13.643381000000003,52.164639
house_robber,2,fragments,194.15139099999578,8129.531995999995,0,1048576,,0,0,85,128.860786,-22723.53125,,0,0,99,0,924,74.72401,int-list-views-typed-sorted,1071772,61.173153,1625,231.7373046875,12.206000000000007,53.690638
house_robber,2,fragments,194.15139099999578,8260.317251999995,0,1048576,,0,0,86,130.785256,-17192.845703125,,0,0,99,0,924,74.242872,int-list-views-typed-sorted,1071816,59.903618,1646,234.4326171875,12.93897300000001,56.101347
house_robber,2,fragments,194.15139099999578,8389.079621999996,0,1048576,,0,0,87,128.76237,-15572.115234375,,0,0,104,0,919,73.416388,int-list-views-typed-sorted,1071820,57.814292,1620,236.8642578125,14.240963999999998,54.91756
house_robber,2,fragments,194.15139099999578,8518.080869999996,0,1048576,,0,0,88,129.001248,-15221.9921875,,0,0,97,0,926,73.266376,int-list-views-typed-sorted,1071848,58.699802,1641,247.021484375,13.237874999999995,55.259131
house_robber,2,fragments,194.15139099999578,8652.828116999995,0,1048576,,0,0,89,134.747247,-14503.748046875,,0,0,83,0,940,76.888667,int-list-views-typed-sorted,1072376,61.959574,1653,252.5,13.591297000000004,57.426905
house_robber,2,fragments,194.15139099999578,8785.745658999995,0,1048576,,0,0,90,132.917542,-16290.16015625,,0,0,94,0,929,73.018642,int-list-views-typed-sorted,1074460,57.222935,1668,262.0634765625,14.370232000000005,59.428244
house_robber,2,fragments,194.15139099999578,8932.742775999996,0,1048576,,0,0,91,146.997117,-12057.7412109375,,0,0,89,0,934,85.830052,int-list-views-typed-sorted,1074536,70.050922,1680,261.38671875,14.343939999999991,60.726438
house_robber,2,fragments,194.15139099999578,9077.917396999996,0,1048576,,0,0,92,145.174621,-16630.91015625,,0,0,100,0,923,83.979707,int-list-views-typed-sorted,1074668,68.160847,1660,271.6064453125,14.376852000000008,60.751101
house_robber,2,fragments,194.15139099999578,9224.788361999996,0,1048576,,0,0,93,146.870965,-16927.5458984375,,0,0,86,0,937,86.548311,int-list-views-typed-sorted,1074700,70.944947,1670,280.0966796875,14.144046000000003,59.887858
house_robber,2,fragments,194.15139099999578,9371.070115999995,0,1048576,,0,0,94,146.281754,-15087.6494140625,,0,0,81,0,942,83.96857,int-list-views-typed-sorted,1075216,68.563724,1679,289.65625,13.959105999999997,61.808257
house_robber,2,fragments,194.15139099999578,9525.602037999995,0,1048576,,0,0,95,154.531922,-10608.7392578125,,0,0,73,0,950,86.346808,int-list-views-typed-sorted,1076480,70.442842,1690,294.8310546875,14.358335999999996,67.718184
house_robber,2,fragments,194.15139099999578,9679.439608999995,0,1048576,,0,0,96,153.837571,-16665.603515625,,0,0,80,0,943,88.125969,int-list-views-typed-sorted,1078272,70.234205,1689,306.8720703125,16.303965999999996,65.244251
house_robber,2,fragments,194.15139099999578,9846.842513999996,0,1048576,,0,0,97,167.402905,-14906.8349609375,,0,0,77,0,946,95.224683,int-list-views-typed-sorted,1082168,78.814678,1687,318.6513671875,14.926911999999996,71.695274
house_robber,2,fragments,194.15139099999578,10027.435799999996,0,1048576,,0,0,98,180.593286,-14610.38671875,,0,0,84,0,939,111.645088,int-list-views-typed-sorted,1086752,93.497056,1691,326.78125,16.516692,68.406058
house_robber,2,fragments,194.15139099999578,10199.350039999996,0,1048576,,0,0,99,171.91424,-10784.458984375,,0,0,73,0,950,100.400683,int-list-views-typed-sorted,1096284,83.244362,1704,332.697265625,15.629057000000005,71.047282
house_robber,2,fragments,194.15139099999578,10363.306266999996,0,1048576,,0,0,100,163.956227,-11652.8271484375,,0,0,86,0,937,91.462816,int-list-views-typed-sorted,1103632,73.548768,1717,344.21875,16.26018900000001,72.029763
house_robber,2,fragments,194.15139099999578,10540.606246999996,0,1048576,,0,0,101,177.29998,-15084.5146484375,,0,0,84,0,939,100.745753,int-list-views-typed-sorted,1109176,82.908949,1708,346.1875,16.108559999999997,76.097398
house_robber,2,fragments,194.15139099999578,10709.059534999997,0,1048576,,0,0,102,168.453288,-11535.685546875,,0,0,83,0,940,93.403074,int-list-views-typed-sorted,1112116,74.651457,1705,351.99609375,17.021309000000002,74.498182
house_robber,2,fragments,194.15139099999578,10879.141368999997,0,1048576,,0,0,103,170.081834,-8829.4365234375,,1,0,84,0,939,93.83185,int-list-views-typed-sorted,1116444,75.565588,1706,367.0625,16.563257,75.795517
house_robber,2,fragments,194.15139099999578,11051.427914999997,0,1048576,,0,0,104,172.286546,-13085.201171875,,0,0,76,0,947,93.174625,int-list-views-typed-sorted,1125208,74.46237,1700,380.01953125,17.03999000000001,78.656073
house_robber,2,fragments,194.15139099999578,11235.692267999997,0,1048576,,0,0,105,184.264353,-12539.369140625,,0,0,86,0,937,101.087811,int-list-views-typed-sorted,1130632,82.295686,1695,385.9462890625,17.016909999999996,82.716142
house_robber,2,fragments,194.15139099999578,11416.379359999997,0,1048576,,0,0,106,180.687092,-10660.146484375,,0,0,71,0,952,96.380729,int-list-views-typed-sorted,1141928,76.162001,1706,392.7685546875,18.423280999999996,83.596057
house_robber,2,fragments,194.15139099999578,11603.195187999998,0,1048576,,0,0,107,186.815828,-9459.1484375,,0,0,82,0,941,103.069989,int-list-views-typed-sorted,1150540,82.877178,1688,399.60546875,18.370449000000015,83.24273
house_robber,2,fragments,194.15139099999578,11794.979372999998,0,1048576,,0,0,108,191.784185,-10823.89453125,,0,0,77,0,946,106.996518,int-list-views-typed-sorted,1156480,86.646014,1701,402.966796875,18.481461999999997,84.216464
house_robber,2,fragments,194.15139099999578,11989.054526999998,0,1048576,,0,0,109,194.075154,-10945.0234375,,1,0,90,0,933,106.468211,int-list-views-typed-sorted,1163608,86.901209,1701,403.6650390625,17.784810999999998,87.131218
house_robber,2,fragments,194.15139099999578,12189.126994999999,0,1048576,,0,0,110,200.072468,-7375.0849609375,,0,0,78,0,945,115.550697,int-list-views-typed-sorted,1168152,95.228435,1718,415.4794921875,18.496239000000003,83.862341
house_robber,2,fragments,194.15139099999578,12387.917463999998,0,1048576,,0,0,111,198.790469,-12579.0146484375,,1,0,77,0,946,108.945038,int-list-views-typed-sorted,1172792,88.352816,1683,419.6728515625,18.702416,89.33516
house_robber,2,fragments,194.15139099999578,12590.38454,0,1048576,,0,0,112,202.467076,-12561.404296875,,0,0,83,0,940,113.922015,int-list-views-typed-sorted,1177800,93.883033,1689,423.841796875,18.230088000000002,88.069822
house_robber,2,fragments,194.15139099999578,12804.28818,0,1048576,,0,0,113,213.90364,-8869.873046875,,0,0,72,0,951,124.356336,int-list-views-typed-sorted,1182280,103.583424,1715,422.671875,18.798204000000005,88.950844
house_robber,2,fragments,194.15139099999578,13024.533293,0,1048576,,0,0,114,220.245113,-10159.7734375,,0,0,74,0,949,127.01229,int-list-views-typed-sorted,1191688,105.758929,1718,435.73046875,19.371555999999995,92.715179
house_robber,2,fragments,194.15139099999578,13264.043271,0,1048576,,0,0,115,239.509978,-10788.5048828125,,0,0,73,0,950,143.731714,int-list-views-typed-sorted,1202696,123.0403,1712,437.28515625,18.877507000000005,95.288684
house_robber,2,fragments,194.15139099999578,13494.954572,0,1048576,,0,0,116,230.911301,-11909.3076171875,,1,0,64,0,959,137.287415,int-list-views-typed-sorted,1206564,115.779353,1706,442.8779296875,19.575710000000008,93.070613
house_robber,2,fragments,194.15139099999578,13723.235743000001,0,1048576,,0,0,117,228.281171,-8254.5546875,,1,0,83,0,940,131.478157,int-list-views-typed-sorted,1209348,110.336846,1716,452.810546875,19.147471000000003,96.326566
house_robber,2,fragments,194.15139099999578,13972.333293000002,0,1048576,,0,0,118,249.09755,-10927.3544921875,,2,0,76,0,947,145.691411,int-list-views-typed-sorted,1214440,123.271241,1697,468.568359375,20.446244999999983,102.827659
house_robber,2,fragments,194.15139099999578,14230.257062,0,1048576,,0,0,119,257.923769,-10322.3173828125,,0,0,72,0,951,155.422574,int-list-views-typed-sorted,1220932,131.523854,1717,476.0830078125,21.883149999999997,101.904927
house_robber,2,fragments,194.15139099999578,14476.889223,0,1048576,,0,0,120,246.632161,-6954.2138671875,,0,0,84,0,939,140.864892,int-list-views-typed-sorted,1224672,118.679924,1701,464.419921875,20.167207999999995,105.114363
house_robber,2,fragments,194.15139099999578,14723.246303,0,1048576,,0,0,121,246.35708,-9865.6044921875,,0,0,62,0,961,143.897256,int-list-views-typed-sorted,1228016,120.860268,1723,470.875,21.069702999999997,101.922287
house_robber,2,fragments,194.15139099999578,14978.507814,0,1048576,,0,0,122,255.261511,-10668.5576171875,,1,0,89,0,934,145.626493,int-list-views-typed-sorted,1233204,122.953808,1710,465.611328125,20.649035,109.159165
house_robber,2,fragments,194.15139099999578,15224.88234,0,1048576,,0,0,123,246.374526,-7318.84375,,0,0,87,0,936,144.689067,int-list-views-typed-sorted,1237216,120.466492,1707,475.1435546875,22.135015999999993,101.191468
house_robber,2,fragments,194.15139099999578,15479.831525,0,1048576,,0,0,124,254.949185,-6989.58203125,,3,0,68,0,955,144.35116,int-list-views-typed-sorted,1242220,122.419822,1716,472.92578125,20.002395999999997,110.115489
house_robber,2,fragments,194.15139099999578,15745.187654,0,1048576,,0,0,125,265.356129,-9134.189453125,,4,0,71,0,952,159.30695,int-list-views-typed-sorted,1244656,134.682599,1676,474.314453125,22.730665000000002,105.539304
house_robber,2,fragments,194.15139099999578,15993.617897999999,0,1048576,,0,0,126,248.430244,-6947.798828125,,2,0,66,0,957,146.081486,int-list-views-typed-sorted,1246608,123.018053,1718,470.8046875,21.044431000000014,101.869697
house_robber,2,fragments,194.15139099999578,16260.834151,0,1048576,,0,0,127,267.216253,-9462.669921875,,1,0,75,0,948,162.16167,int-list-views-typed-sorted,1250368,139.964804,1716,480.080078125,20.189322999999995,104.480083
median,0,native,136.73997799999933,347.7170409999993,-31025,1048576,1213,275609,0,0,210.977063,-304667.439453125,0,0,0,107,0,,,,,,,,,
median,0,native,136.73997799999933,635.7215359999993,-31025,1048576,1207,102106,0,1,288.004495,-139067.7431640625,2,0,0,118,0,,,,,,,,,
median,0,native,136.73997799999933,816.4894469999994,-31434,1048576,1247,32516,0,2,180.767911,-70600.88671875,0,0,0,110,0,,,,,,,,,
median,0,native,136.73997799999933,1007.5174059999994,-31434,1048576,1195,21600,0,3,191.027959,-56391.1884765625,0,0,0,111,0,,,,,,,,,
median,0,native,136.73997799999933,1212.7940249999995,-28478,1048576,1239,10388,0,4,205.276619,-44858.4306640625,0,0,0,107,0,,,,,,,,,
median,0,native,136.73997799999933,1411.0154999999995,-28478,1048576,1206,22011,0,5,198.221475,-55404.931640625,0,0,0,117,0,,,,,,,,,
median,0,native,136.73997799999933,1610.3582179999994,-28478,1048576,1222,27933,0,6,199.342718,-60900.736328125,2,0,0,127,0,,,,,,,,,
median,0,native,136.73997799999933,1810.2079739999995,-28478,1048576,1229,33710,0,7,199.849756,-66940.3095703125,2,0,0,109,0,,,,,,,,,
median,0,native,136.73997799999933,2005.6544269999995,-28478,1048576,1202,42586,0,8,195.446453,-74472.552734375,6,0,0,123,0,,,,,,,,,
median,0,native,136.73997799999933,2199.8095209999997,-28478,1048576,1212,39796,0,9,194.155094,-71265.1728515625,0,0,0,114,0,,,,,,,,,
median,0,native,136.73997799999933,2397.4566579999996,-28478,1048576,1204,37098,0,10,197.647137,-68528.6904296875,2,0,0,105,0,,,,,,,,,
median,0,native,136.73997799999933,2606.8460089999994,-28464,1048576,1221,27413,0,11,209.389351,-58773.6025390625,4,0,0,115,0,,,,,,,,,
median,0,native,136.73997799999933,2832.9488089999995,-26628,1048576,1259,29240,0,12,226.1028,-60126.4208984375,2,0,0,92,0,,,,,,,,,
median,0,native,136.73997799999933,3074.2404579999993,-26621,1048576,1248,22828,0,13,241.291649,-53820.5546875,6,0,0,81,0,,,,,,,,,
median,0,native,136.73997799999933,3328.9433119999994,-26620,1048576,1208,18540,0,14,254.702854,-49041.0458984375,4,0,0,111,0,,,,,,,,,
median,0,native,136.73997799999933,3585.7886969999995,-26620,1048576,1205,30292,0,15,256.845385,-59644.5361328125,12,0,0,110,0,,,,,,,,,
median,0,native,136.73997799999933,3831.5751929999997,-26620,1048576,1206,46634,0,16,245.786496,-74696.896484375,18,0,0,125,0,,,,,,,,,
median,0,native,136.73997799999933,4068.4100339999995,-26620,1048576,1239,55710,0,17,236.834841,-83117.3427734375,4,0,0,95,0,,,,,,,,,
median,0,native,136.73997799999933,4321.132694,-26620,1048576,1183,56331,0,18,252.72266,-83653.30859375,6,0,0,144,0,,,,,,,,,
median,0,native,136.73997799999933,4540.761452,-26620,1048576,1215,54149,0,19,219.628758,-81479.546875,2,0,0,117,0,,,,,,,,,
median,0,native,136.73997799999933,4767.003237,-25642,1048576,1221,50250,0,20,226.241785,-78090.5126953125,2,0,0,116,0,,,,,,,,,
median,0,native,136.73997799999933,4987.751788,-25642,1048576,1245,54246,0,21,220.748551,-81631.337890625,2,0,0,102,0,,,,,,,,,
median,0,native,136.73997799999933,5208.537356999999,-25608,1048576,1190,57868,0,22,220.785569,-85526.0732421875,2,0,0,119,0,,,,,,,,,
median,0,native,136.73997799999933,5433.212701999999,-25608,1048576,1231,43206,0,23,224.675345,-71315.1494140625,4,0,0,108,0,,,,,,,,,
median,0,native,136.73997799999933,5674.212935999999,-24669,1048576,1252,48391,0,24,241.000234,-76145.59375,0,0,0,92,0,,,,,,,,,
median,0,native,136.73997799999933,5917.635780999999,-24669,1048576,1198,43604,0,25,243.422845,-71242.4091796875,0,0,0,116,0,,,,,,,,,
median,0,native,136.73997799999933,6174.345804999999,-24669,1048576,1196,54433,0,26,256.710024,-81242.875,0,0,0,115,0,,,,,,,,,
median,0,native,136.73997799999933,6444.178572999999,-24669,1048576,1230,40715,0,27,269.832768,-68945.1435546875,4,0,0,95,0,,,,,,,,,
median,0,native,136.73997799999933,6727.208946999999,-24647,1048576,1203,45045,0,28,283.030374,-72286.1396484375,2,0,0,115,0,,,,,,,,,
median,0,native,136.73997799999933,7027.619927999999,-23678,1048576,1203,37592,0,29,300.410981,-65461.9404296875,6,0,0,122,0,,,,,,,,,
median,0,native,136.73997799999933,7352.9918959999995,-23674,1048576,1218,44769,0,30,325.371968,-71177.0234375,2,0,0,109,0,,,,,,,,,
median,0,native,136.73997799999933,7691.318507999999,-23674,1048576,1207,35479,0,31,338.326612,-61792.9521484375,0,0,0,103,0,,,,,,,,,
median,0,fragments,192.4402909999999,228.3719469999999,-31025,1048576,,275609,0,0,35.931656,-304667.439453125,,0,0,162,0,861,14.277767,int-list-views-typed-sorted-direct-root-window-unboxed-bound-add,1010604,3.31779,2314,63.8291015625,9.970066,21.028421
median,0,fragments,192.4402909999999,252.4759149999999,-31025,1048576,,95870,0,1,24.103968,-132872.1181640625,,0,0,211,0,812,11.427525,int-list-views-typed-sorted-direct-root-window-unboxed-bound-add,1011288,2.134583,2030,60.1357421875,8.481323,12.268731
median,0,fragments,192.4402909999999,275.3644799999999,-31025,1048576,,32037,0,2,22.888565,-70423.123046875,,0,0,247,0,776,10.759714,int-list-views-typed-sorted-direct-root-window-unboxed-bound-add,1011592,2.189147,1899,69.16015625,7.721967000000001,11.775186
median,0,fragments,192.4402909999999,300.8306089999999,-31025,1048576,,12682,0,3,25.466129,-48792.3984375,,0,0,263,0,760,11.727376,int-list-views-typed-sorted-direct-root-window-unboxed-bound-add,1011916,2.18744,1809,78.6962890625,8.686015999999999,13.356465
median,0,fragments,192.4402909999999,328.8754399999999,-30524,1048576,,24015,0,4,28.044831,-60428.591796875,,0,0,243,0,780,12.541338,int-list-views-typed-sorted-direct-root-window-unboxed-bound-add,1012732,2.193934,1759,88.525390625,9.468732,15.145915
median,0,fragments,192.4402909999999,358.1378989999999,-29952,1048576,,30487,0,5,29.262459,-66041.3828125,,0,0,247,0,776,12.929943,int-list-views-typed-sorted-direct-root-window-unboxed-bound-add,1013512,2.21403,1771,95.20703125,9.791443,15.978561
median,0,fragments,192.4402909999999,388.91443099999987,-29952,1048576,,18259,0,6,30.776532,-53811.6337890625,,0,0,208,0,815,13.074885,int-list-views-typed-sorted-direct-root-window-unboxed-bound-add,1015392,2.252341,1794,106.1181640625,9.940144,17.334524
median,0,fragments,192.4402909999999,422.9072649999999,-29952,1048576,,26795,0,7,33.992834,-61513.4873046875,,0,0,180,0,843,13.289855,int-list-views-typed-sorted-direct-root-window-unboxed-bound-add,1017408,2.225086,1775,109.37890625,10.076439999999998,20.316535
median,0,fragments,192.4402909999999,459.37345699999986,-29187,1048576,,26719,0,8,36.466192,-60505.876953125,,0,0,145,0,878,13.980823,int-list-views-typed-sorted-direct-root-window-unboxed-bound-add,1021532,2.245203,1780,116.3701171875,10.782105999999999,22.103963
median,0,fragments,192.4402909999999,495.90358499999985,-29187,1048576,,33633,0,9,36.530128,-70418.3828125,,0,0,156,0,867,13.863157,int-list-views-typed-sorted-direct-root-window-unboxed-bound-add,1025604,2.233917,1787,123.666015625,10.618576999999998,22.263878
median,0,fragments,192.4402909999999,534.9954939999999,-29187,1048576,,42071,0,10,39.091909,-74498.890625,,0,0,143,0,880,14.025093,int-list-views-typed-sorted-direct-root-window-unboxed-bound-add,1031640,2.247413,1799,129.169921875,10.707189,24.654604
median,0,fragments,192.4402909999999,576.2888399999999,-29187,1048576,,30554,0,11,41.293346,-65866.4599609375,,0,0,141,0,882,15.550041,int-list-views-typed-sorted-direct-root-window-unboxed-bound-add,1040104,2.187389,1826,132.6064453125,12.273795,25.286795
median,0,fragments,192.4402909999999,619.486328,-29008,1048576,,37097,0,12,43.197488,-74646.955078125,,0,0,139,0,884,15.60195,int-list-views-typed-sorted-direct-root-window-unboxed-bound-add,1046904,2.301787,1842,142.1611328125,12.130634,27.096112
median,0,fragments,192.4402909999999,661.4973349999999,-29008,1048576,,44987,0,13,42.011007,-79196.2490234375,,0,0,121,0,902,15.512901,int-list-views-typed-sorted-direct-root-window-unboxed-bound-add,1051956,2.250565,1867,147.181640625,12.142104,26.067364
median,0,fragments,192.4402909999999,704.2615059999999,-28478,1048576,,44877,0,14,42.764171,-77263.4970703125,,0,0,129,0,894,14.884032,int-list-views-typed-sorted-direct-root-window-unboxed-bound-add,1056536,2.240886,1846,145.7734375,11.510542000000001,27.455768
median,0,fragments,192.4402909999999,749.0479359999999,-28341,1048576,,48193,0,15,44.78643,-80125.076171875,,0,0,120,0,903,14.836904,int-list-views-typed-sorted-direct-root-window-unboxed-bound-add,1060220,2.248962,1843,144.6630859375,11.470672,29.505407
median,0,fragments,192.4402909999999,794.0316879999999,-24880,1048576,,37312,0,16,44.983752,-71251.4052734375,,0,0,117,0,906,15.678551,int-list-views-typed-sorted-direct-root-window-unboxed-bound-add,1062804,2.286197,1876,142.5810546875,12.196237,28.876519
median,0,fragments,192.4402909999999,841.1806179999999,-24880,1048576,,43189,0,17,47.14893,-74554.21484375,,0,0,106,0,917,15.686299,int-list-views-typed-sorted-direct-root-window-unboxed-bound-add,1064368,2.232024,1857,145.435546875,12.301935,31.015688
median,0,fragments,192.4402909999999,889.4599419999998,-24880,1048576,,57018,0,18,48.279324,-85527.6982421875,,0,0,113,0,910,16.398085,int-list-views-typed-sorted-direct-root-window-unboxed-bound-add,1066280,2.25356,1859,149.2470703125,12.920152999999999,31.309425
median,0,fragments,192.4402909999999,937.3722899999998,-24880,1048576,,46450,0,19,47.912348,-75811.41015625,,0,0,119,0,904,16.039294,int-list-views-typed-sorted-direct-root-window-unboxed-bound-add,1068172,2.279911,1874,157.64453125,12.614097000000001,31.429758
median,0,fragments,192.4402909999999,986.7476409999998,-24880,1048576,,63798,0,20,49.375351,-91287.353515625,,0,0,107,0,916,15.954838,int-list-views-typed-sorted-direct-root-window-unboxed-bound-add,1071736,2.212082,1876,161.611328125,12.608477,32.979823
median,0,fragments,192.4402909999999,1037.5012669999999,-24879,1048576,,55416,0,21,50.753626,-83103.078125,,0,0,103,0,920,16.251873,int-list-views-typed-sorted-direct-root-window-unboxed-bound-add,1075072,2.231298,1869,170.3466796875,12.825797999999999,34.051585
median,0,fragments,192.4402909999999,1090.2791519999998,-24879,1048576,,68356,0,22,52.777885,-94802.30078125,,0,0,91,0,932,16.791133,int-list-views-typed-sorted-direct-root-window-unboxed-bound-add,1081320,2.295116,1874,175.5869140625,13.354728999999999,35.496888
median,0,fragments,192.4402909999999,1141.2119139999998,-24879,1048576,,62813,0,23,50.932762,-89408.685546875,,0,0,90,0,933,16.701059,int-list-views-typed-sorted-direct-root-window-unboxed-bound-add,1084732,2.293685,1921,182.8037109375,13.209249,33.785402
median,0,fragments,192.4402909999999,1196.8168509999998,-23860,1048576,,67266,0,24,55.604937,-93511.7568359375,,0,0,96,0,927,16.543105,int-list-views-typed-sorted-direct-root-window-unboxed-bound-add,1092272,2.288224,1913,190.5419921875,13.086107000000002,38.571622
median,0,fragments,192.4402909999999,1258.3044929999999,-20354,1048576,,68723,0,25,61.487642,-94545.205078125,,0,0,75,0,948,21.626658,int-list-views-typed-sorted,1098752,6.58441,1926,190.822265625,13.766454999999999,39.393226
median,0,fragments,192.4402909999999,1316.3816399999998,-20354,1048576,,52863,0,26,58.077147,-79139.8974609375,,0,0,72,0,951,17.471879,int-list-views-typed-sorted-direct-root-window-unboxed-bound-add,1101984,2.338229,1938,183.578125,13.922206000000001,40.067316
median,0,fragments,192.4402909999999,1372.148577,-20354,1048576,,62135,0,27,55.766937,-87743.0537109375,,0,0,100,0,923,17.067165,int-list-views-typed-sorted-direct-root-window-unboxed-bound-add,1102964,2.353627,1904,178.533203125,13.536928,38.196992
median,0,fragments,192.4402909999999,1425.785782,-20354,1048576,,45182,0,28,53.637205,-71828.763671875,,0,0,102,0,921,16.522953,int-list-views-typed-sorted-direct-root-window-unboxed-bound-add,1103912,2.337973,1883,167.3037109375,13.000149,36.59716
median,0,fragments,192.4402909999999,1479.768448,-20354,1048576,,62881,0,29,53.982666,-88172.2119140625,,0,0,98,0,925,16.430205,int-list-views-typed-sorted-direct-root-window-unboxed-bound-add,1104560,2.323152,1880,156.6728515625,12.923011000000002,37.100977
median,0,fragments,192.4402909999999,1530.51034,-20354,1048576,,48399,0,30,50.741892,-74656.9775390625,,0,0,121,0,902,16.193466,int-list-views-typed-sorted-direct-root-window-unboxed-bound-add,1104812,2.297183,1873,143.685546875,12.741051,34.045128
median,0,fragments,192.4402909999999,1580.154814,-20354,1048576,,57531,0,31,49.644474,-82556.37890625,,0,0,110,0,913,16.122529,int-list-views-typed-sorted-direct-root-window-unboxed-bound-add,1104936,2.352873,1850,135.0419921875,12.611128,33.078359
median,0,fragments,192.4402909999999,1628.418783,-20264,1048576,,41345,0,32,48.263969,-66962.8740234375,,0,0,109,0,914,15.576958,int-list-views-typed-sorted-direct-root-window-unboxed-bound-add,1104980,2.336931,1840,126.6669921875,12.138741,32.244722
median,0,fragments,192.4402909999999,1672.997004,-20264,1048576,,37076,0,33,44.578221,-62537.2783203125,,0,0,95,0,928,15.097287,int-list-views-typed-sorted-direct-root-window-unboxed-bound-add,1105104,2.324986,1885,125.5751953125,11.686596999999999,29.047966
median,0,fragments,192.4402909999999,1717.944811,-19352,1048576,,51648,0,34,44.947807,-76726.20703125,,0,0,119,0,904,14.832478,int-list-views-typed-sorted-direct-root-window-unboxed-bound-add,1105140,2.279271,1863,123.6025390625,11.504415,29.661959
median,0,fragments,192.4402909999999,1761.932806,-19169,1048576,,60756,0,35,43.987995,-84454.91015625,,0,0,100,0,923,14.81558,int-list-views-typed-sorted-direct-root-window-unboxed-bound-add,1105228,2.329982,1882,121.5986328125,11.554636000000002,28.726698
median,0,fragments,192.4402909999999,1805.609935,-17273,1048576,,51902,0,36,43.677129,-75895.203125,,0,0,109,0,914,14.59407,int-list-views-typed-sorted-direct-root-window-unboxed-bound-add,1105260,2.334135,1890,121.5791015625,11.333179000000001,28.630617
median,0,fragments,192.4402909999999,1849.20455,-17259,1048576,,69749,0,37,43.594615,-92650.6455078125,,0,0,94,0,929,14.558658,int-list-views-typed-sorted-direct-root-window-unboxed-bound-add,1105296,2.374949,1867,123.1103515625,11.216846999999998,28.594731
median,0,fragments,192.4402909999999,1892.282587,-17259,1048576,,56025,0,38,43.078037,-78583.79296875,,0,0,100,0,923,14.595662,int-list-views-typed-sorted-direct-root-window-unboxed-bound-add,1105368,2.390729,1870,123.0400390625,11.244895,27.968564
median,0,fragments,192.4402909999999,1936.415552,-17259,1048576,,64602,0,39,44.132965,-86673.70703125,,0,0,96,0,927,14.781167,int-list-views-typed-sorted-direct-root-window-unboxed-bound-add,1105476,2.399735,1865,122.7841796875,11.40037,28.916613
median,0,fragments,192.4402909999999,1981.4706509999999,-17259,1048576,,56502,0,40,45.055099,-77907.330078125,,0,0,108,0,915,14.807775,int-list-views-typed-sorted-direct-root-window-unboxed-bound-add,1105528,2.462932,1825,123.302734375,11.408901,29.815974
median,0,fragments,192.4402909999999,2025.343269,-17259,1048576,,53906,0,41,43.872618,-75167.6552734375,,0,0,82,0,941,14.813227,int-list-views-typed-sorted-direct-root-window-unboxed-bound-add,1105548,2.46966,1863,121.546875,11.360592,28.625309
median,0,fragments,192.4402909999999,2067.508234,-17259,1048576,,61491,0,42,42.164965,-81057.966796875,,0,0,89,0,934,14.803071,int-list-views-typed-sorted-direct-root-window-unboxed-bound-add,1105592,2.548494,1851,117.357421875,11.329172,26.899297
median,0,fragments,192.4402909999999,2110.3023399999997,-17259,1048576,,58841,0,43,42.794106,-78075.4716796875,,0,0,85,0,938,15.98395,int-list-views-typed-sorted,1105620,4.348226,1914,114.5791015625,10.721513999999999,26.373345
median,0,fragments,192.4402909999999,2153.4422839999997,-17238,1048576,,72061,0,44,43.139944,-89883.5859375,,0,0,98,0,925,16.485594,int-list-views-typed-sorted,1105640,4.434877,1863,108.3876953125,11.139242,26.225952
median,0,fragments,192.4402909999999,2191.3362249999996,-17238,1048576,,65578,0,45,37.893941,-83725.216796875,,0,0,91,0,932,13.744153,int-list-views-typed-sorted-direct-root-window-unboxed-bound-add,1105648,2.444573,1888,104.984375,10.335152,23.717702
median,0,fragments,192.4402909999999,2231.3804539999996,-17238,1048576,,68709,0,46,40.044229,-86644.6875,,0,0,97,0,926,15.317073,int-list-views-typed-sorted,1105656,4.343479,1873,104.611328125,10.086770000000001,24.225492
median,0,fragments,192.4402909999999,2271.9466809999994,-17238,1048576,,53363,0,47,40.566227,-71955.994140625,,0,0,71,0,952,15.171322,int-list-views-typed-sorted,1105676,4.390211,1869,105.8271484375,9.870069,24.964096
median,0,fragments,192.4402909999999,2312.7558469999994,-17101,1048576,,55243,0,48,40.809166,-74320.84375,,0,0,95,0,928,16.311874,int-list-views-typed-sorted,1105688,4.43421,1878,108.9658203125,10.974052,24.075345
median,0,fragments,192.4402909999999,2355.3044629999995,-17101,1048576,,57208,0,49,42.548616,-75242.6953125,,0,0,99,0,924,16.315534,int-list-views-typed-sorted,1105716,4.325576,1882,110.1845703125,11.014534000000001,25.763767
median,0,fragments,192.4402909999999,2397.1901519999997,-17101,1048576,,63376,0,50,41.885689,-81833.8466796875,,0,0,98,0,925,16.113524,int-list-views-typed-sorted,1105724,4.290798,1912,112.4814453125,10.923376000000001,25.318606
median,0,fragments,192.4402909999999,2439.499861,-17101,1048576,,55987,0,51,42.309709,-73621.248046875,,0,0,99,0,924,16.13637,int-list-views-typed-sorted,1105748,4.214493,1888,115.6923828125,11.001929999999998,25.745176
median,0,fragments,192.4402909999999,2480.782007,-17101,1048576,,62812,0,52,41.282146,-80164.8251953125,,0,0,89,0,934,16.379993,int-list-views-typed-sorted,1105776,4.2771,1895,115.6103515625,11.157936,24.414084
median,0,fragments,192.4402909999999,2524.523268,-17101,1048576,,62435,0,53,43.741261,-79700.287109375,,0,0,103,0,920,15.777684,int-list-views-typed-sorted,1105796,4.440362,1867,116.7294921875,10.428303,27.536252
median,0,fragments,192.4402909999999,2570.3924389999997,-16857,1048576,,58167,0,54,45.869171,-75685.828125,,0,0,91,0,932,17.823791,int-list-views-typed-sorted,1105820,4.284592,1875,117.6875,12.627711,27.604273
median,0,fragments,192.4402909999999,2616.028875,-16857,1048576,,48328,0,55,45.636436,-66270.9814453125,,0,0,95,0,928,17.302713,int-list-views-typed-sorted,1105848,4.426585,1838,117.96875,11.836463,27.917027
median,0,fragments,192.4402909999999,2659.480797,-16857,1048576,,68980,0,56,43.451922,-85672.9033203125,,0,0,102,0,921,16.566979,int-list-views-typed-sorted,1105864,4.400067,1842,120.0849609375,11.217299,26.46687
median,0,fragments,192.4402909999999,2702.41838,-16845,1048576,,60560,0,57,42.937583,-77710.365234375,,0,0,87,0,936,16.547872,int-list-views-typed-sorted,1105896,4.387599,1891,124.51171875,11.175496000000003,25.928334
median,0,fragments,192.4402909999999,2746.3659820000003,-16845,1048576,,55043,0,58,43.947602,-72976.0029296875,,0,0,79,0,944,16.388649,int-list-views-typed-sorted,1105920,4.598662,1892,125.59765625,10.872656,27.06194
median,0,fragments,192.4402909999999,2790.8192660000004,-16845,1048576,,74507,0,59,44.453284,-90773.140625,,0,0,95,0,928,17.418817,int-list-views-typed-sorted,1105944,4.839647,1856,126.0888671875,11.651412,26.608539
median,0,fragments,192.4402909999999,2834.5292780000004,-16845,1048576,,59993,0,60,43.710012,-76680.6923828125,,0,0,81,0,942,16.434902,int-list-views-typed-sorted,1106000,4.551522,1865,129.2080078125,10.916391,26.830474
median,0,fragments,192.4402909999999,2880.3946220000003,-16784,1048576,,65060,0,61,45.865344,-81982.263671875,,0,0,101,0,922,16.613671,int-list-views-typed-sorted,1106048,4.62951,1845,131.634765625,10.903746,28.81407
median,0,fragments,192.4402909999999,2924.7627370000005,-16784,1048576,,50572,0,62,44.368115,-68006.6787109375,,0,0,107,0,916,17.665314,int-list-views-typed-sorted,1106060,4.537227,1850,135.0146484375,12.018755999999998,26.27097
median,0,fragments,192.4402909999999,2969.5135300000006,-16784,1048576,,53160,0,63,44.750793,-69824.3720703125,,0,0,117,0,906,16.914726,int-list-views-typed-sorted,1106072,4.505778,1833,136.54296875,11.311990000000002,27.39148
median,0,fragments,192.4402909999999,3016.8480040000004,-16784,1048576,,68774,0,64,47.334474,-84532.16015625,,0,0,84,0,939,17.003798,int-list-views-typed-sorted,1106116,4.509696,1852,138.6162109375,11.415251000000001,29.909752
median,0,fragments,192.4402909999999,3065.5302250000004,-16784,1048576,,70021,0,65,48.682221,-85892.173828125,,0,0,78,0,945,17.820438,int-list-views-typed-sorted,1106156,4.508233,1899,138.3759765625,12.045185999999998,30.423703
median,0,fragments,192.4402909999999,3114.1383310000006,-16756,1048576,,55733,0,66,48.608106,-73145.3779296875,,0,0,96,0,927,18.340969,int-list-views-typed-sorted,1106180,4.45161,1909,136.1337890625,12.720147,29.827228
median,0,fragments,192.4402909999999,3163.2837430000004,-16756,1048576,,66596,0,67,49.145412,-83531.779296875,,0,0,92,0,931,17.778287,int-list-views-typed-sorted,1106292,4.418424,1882,133.982421875,12.238224999999998,30.918457
median,0,fragments,192.4402909999999,3211.6109120000006,-16754,1048576,,65226,0,68,48.327169,-81443.7685546875,,0,0,80,0,943,17.654133,int-list-views-typed-sorted,1106312,4.404714,1876,134.9453125,12.152923000000001,30.202754
median,0,fragments,192.4402909999999,3257.3323330000007,-16740,1048576,,66497,0,69,45.721421,-82234.013671875,,0,0,101,0,922,15.68531,int-list-views-typed-sorted-direct-root-window-unboxed-bound-add,1106332,2.583472,1869,133.755859375,11.984022,29.607036
median,0,fragments,192.4402909999999,3307.1671970000007,-16740,1048576,,70941,0,70,49.834864,-86550.96875,,0,0,103,0,920,17.664949,int-list-views-typed-sorted,1106352,4.528101,1829,139.685546875,12.009505,31.702534
median,0,fragments,192.4402909999999,3354.5158360000005,-16740,1048576,,55334,0,71,47.348639,-71724.1943359375,,0,0,101,0,922,18.042662,int-list-views-typed-sorted,1106444,4.605403,1864,145.892578125,12.28568,28.86536
median,0,fragments,192.4402909999999,3402.5009560000003,-16666,1048576,,60904,0,72,47.98512,-77126.5107421875,,0,0,102,0,921,17.276744,int-list-views-typed-sorted,1106460,4.629858,1870,149.6513671875,11.545487000000001,30.26341
median,0,fragments,192.4402909999999,3452.5807830000003,-16666,1048576,,67668,0,73,50.079827,-82983.1611328125,,0,0,97,0,926,17.514675,int-list-views-typed-sorted,1106508,4.585553,1871,159.322265625,11.799442,32.101504
median,0,fragments,192.4402909999999,3506.1131370000003,-16666,1048576,,64873,0,74,53.532354,-80353.630859375,,0,0,92,0,931,18.817384,int-list-views-typed-sorted,1106620,4.506028,1871,162.291015625,13.109446,34.266501
median,0,fragments,192.4402909999999,3557.9720250000005,-16666,1048576,,74015,0,75,51.858888,-89095.689453125,,0,0,78,0,945,17.996394,int-list-views-typed-sorted,1106780,4.600043,1922,165.619140625,12.251748,33.395933
median,0,fragments,192.4402909999999,3616.0905650000004,-16666,1048576,,67240,0,76,58.11854,-82709.9833984375,,0,0,91,0,932,19.342558,int-list-views-typed-sorted,1107952,4.622838,1874,173.4912109375,13.385314000000001,38.291782
median,0,fragments,192.4402909999999,3671.2622140000003,-16500,1048576,,62096,0,77,55.171649,-77581.1201171875,,0,0,89,0,934,19.657587,int-list-views-typed-sorted,1108252,4.677181,1884,172.0166015625,13.785134,35.057884
median,0,fragments,192.4402909999999,3725.290855,-16500,1048576,,86430,0,78,54.028641,-100726.6318359375,,0,0,93,0,930,18.324747,int-list-views-typed-sorted,1108348,4.738218,1898,168.20703125,12.430018999999998,35.231447
median,0,fragments,192.4402909999999,3780.1283670000003,-16500,1048576,,76385,0,79,54.837512,-91429.8701171875,,0,0,81,0,942,18.851111,int-list-views-typed-sorted,1108444,4.626857,1903,166.890625,13.039912999999999,35.526668
median,0,fragments,192.4402909999999,3834.926726,-16500,1048576,,64048,0,80,54.798359,-79454.3505859375,,0,0,97,0,926,18.976534,int-list-views-typed-sorted,1108480,4.776238,1904,162.8564453125,13.053348000000002,35.290307
median,0,fragments,192.4402909999999,3888.7521890000003,-16461,1048576,,71793,0,81,53.825463,-86876.65234375,,0,0,103,0,920,18.287445,int-list-views-typed-sorted,1108488,4.72797,1895,159.5224609375,12.440762000000001,35.046906
median,0,fragments,192.4402909999999,3942.5011590000004,-16461,1048576,,59987,0,82,53.74897,-75326.1044921875,,0,0,100,0,923,18.898755,int-list-views-typed-sorted,1108496,4.906484,1870,156.1083984375,12.853286,34.403441
median,0,fragments,192.4402909999999,3994.6804170000005,-16461,1048576,,57662,0,83,52.179258,-73489.912109375,,0,0,89,0,934,19.037565,int-list-views-typed-sorted,1108540,5.043301,1888,156.0595703125,12.881136000000001,32.703045
median,0,fragments,192.4402909999999,4045.9514840000006,-16461,1048576,,55713,0,84,51.271067,-71487.7119140625,,0,0,115,0,908,18.310691,int-list-views-typed-sorted,1108572,4.947664,1883,157.6455078125,12.190358999999997,32.521561
median,0,fragments,192.4402909999999,4097.7281490000005,-16461,1048576,,65044,0,85,51.776665,-80389.4833984375,,0,0,83,0,940,18.08189,int-list-views-typed-sorted,1108660,5.176004,1908,161.1611328125,11.787318,33.245049
median,0,fragments,192.4402909999999,4152.442451000001,-16454,1048576,,69922,0,86,54.714302,-84979.99609375,,0,0,94,0,929,18.667677,int-list-views-typed-sorted,1108676,4.995186,1885,166.40234375,12.49792,35.515675
median,0,fragments,192.4402909999999,4206.850319000001,-16301,1048576,,58046,0,87,54.407868,-73630.658203125,,0,0,85,0,938,18.766806,int-list-views-typed-sorted,1108708,4.955925,1855,177.69921875,12.682316,35.171606
median,0,fragments,192.4402909999999,4266.031320000001,-16199,1048576,,69387,0,88,59.181001,-84531.3447265625,,0,0,88,0,935,20.181557,int-list-views-typed-sorted,1108860,5.575472,1896,191.80078125,13.294363,38.544174
median,0,fragments,192.4402909999999,4328.278434000001,-16070,1048576,,65658,0,89,62.247114,-80856.373046875,,0,0,77,0,946,21.538175,int-list-views-typed-sorted,1109592,5.668612,1917,206.13671875,14.635437999999999,40.259181
median,0,fragments,192.4402909999999,4394.741133,-16070,1048576,,71800,0,90,66.462699,-86623.0517578125,,0,0,91,0,932,21.880477,int-list-views-typed-sorted,1110532,6.319549,1892,218.3388671875,14.326208999999999,44.131384
median,0,fragments,192.4402909999999,4463.627451,-16070,1048576,,65517,0,91,68.886318,-80015.3720703125,,0,0,89,0,934,23.52771,int-list-views-typed-sorted,1113740,6.906353,1871,234.7119140625,15.303673999999997,44.896012
median,0,fragments,192.4402909999999,4534.017776000001,-16070,1048576,,60064,0,92,70.390325,-75120.57421875,,0,0,88,0,935,23.215489,int-list-views-typed-sorted,1119352,7.173163,1878,244.5732421875,14.738647,46.642468
median,0,fragments,192.4402909999999,4606.239779,-16041,1048576,,63795,0,93,72.222003,-78793.7001953125,,0,0,88,0,935,24.605921,int-list-views-typed-sorted,1122568,8.260181,1899,252.0849609375,15.023436999999998,47.081966
median,0,fragments,192.4402909999999,4680.133858,-16035,1048576,,66174,0,94,73.894079,-81044.9052734375,,0,0,71,0,952,24.538015,int-list-views-typed-sorted,1127380,8.436643,1932,255.6298828125,14.719000000000001,48.72939
median,0,fragments,192.4402909999999,4757.698856,-16035,1048576,,56909,0,95,77.564998,-71639.0517578125,,0,0,80,0,943,25.464502,int-list-views-typed-sorted,1130880,9.0261,1935,256.2138671875,15.058040999999998,51.559532
median,0,fragments,192.4402909999999,4836.599396,-16035,1048576,,69299,0,96,78.90054,-83536.7431640625,,0,0,77,0,946,28.900322,int-list-views-typed-sorted,1138728,9.202634,1905,256.9287109375,18.238250999999998,49.51741
median,0,fragments,192.4402909999999,4912.974166,-16035,1048576,,57303,0,97,76.37477,-72055.56640625,,0,0,90,0,933,25.765502,int-list-views-typed-sorted,1141640,9.026465,1898,257.84375,15.316156000000001,50.088229
median,0,fragments,192.4402909999999,4991.498218,-15978,1048576,,67401,0,98,78.524052,-81561.54296875,,0,0,94,0,929,26.428532,int-list-views-typed-sorted,1145944,8.521819,1936,260.677734375,16.374332,51.433595
median,0,fragments,192.4402909999999,5068.645289,-15978,1048576,,66739,0,99,77.147071,-80784.1103515625,,0,0,79,0,944,26.000596,int-list-views-typed-sorted,1148900,8.680576,1957,259.7607421875,15.854425000000003,50.654016
median,0,fragments,192.4402909999999,5146.42807,-15978,1048576,,51207,0,100,77.782781,-65764.33203125,,0,0,80,0,943,24.973697,int-list-views-typed-sorted,1151208,8.076635,1916,260.458984375,15.509489,52.327527
median,0,fragments,192.4402909999999,5224.344712,-15782,1048576,,57898,0,101,77.916642,-72320.939453125,,0,0,79,0,944,24.366759,int-list-views-typed-sorted,1152888,7.482709,1918,259.099609375,15.501516999999998,53.058642
median,0,fragments,192.4402909999999,5303.4818940000005,-15782,1048576,,66381,0,102,79.137182,-80471.4677734375,,0,0,79,0,944,25.021863,int-list-views-typed-sorted,1153704,7.349984,1890,254.9599609375,16.253581999999998,53.634894
median,0,fragments,192.4402909999999,5381.599147000001,-15782,1048576,,61318,0,103,78.117253,-75536.13671875,,0,0,81,0,942,23.209007,int-list-views-typed-sorted,1154228,6.547625,1886,248.6962890625,15.3413,54.362935
median,0,fragments,192.4402909999999,5454.419363000001,-15782,1048576,,70183,0,104,72.820216,-84106.2841796875,,0,0,88,0,935,23.296041,int-list-views-typed-sorted,1154460,6.52194,1933,251.0810546875,15.483417999999999,48.981879
median,0,fragments,192.4402909999999,5530.782168000001,-15782,1048576,,65194,0,105,76.362805,-79191.1357421875,,0,0,91,0,932,22.65657,int-list-views-typed-sorted,1154964,6.568063,1888,251.4619140625,14.808558999999999,53.217448
median,0,fragments,192.4402909999999,5607.831951000001,-15782,1048576,,62517,0,106,77.049783,-76743.1083984375,,0,0,96,0,927,22.560904,int-list-views-typed-sorted,1155324,6.72255,1868,251.326171875,14.496215000000001,54.019881
median,0,fragments,192.4402909999999,5683.158244000001,-15778,1048576,,61437,0,107,75.326293,-75690.095703125,,0,0,103,0,920,22.837457,int-list-views-typed-sorted,1155728,6.442492,1873,252.421875,15.076447,52.002728
median,0,fragments,192.4402909999999,5759.051770000001,-15742,1048576,,54934,0,108,75.893526,-69233.53515625,,0,0,87,0,936,23.210522,int-list-views-typed-sorted,1156176,6.895376,1876,252.5830078125,15.014431,52.226206
median,0,fragments,192.4402909999999,5835.8772690000005,-15742,1048576,,68166,0,109,76.825499,-81955.71875,,0,0,101,0,922,22.875054,int-list-views-typed-sorted,1156464,6.391569,1834,255.232421875,15.195575999999999,53.408582
median,0,fragments,192.4402909999999,5915.472049000001,-15730,1048576,,73724,0,110,79.59478,-87456.640625,,0,0,94,0,929,23.615464,int-list-views-typed-sorted,1157172,6.740413,1849,259.1669921875,15.508921,55.489599
median,0,fragments,192.4402909999999,5989.885360000001,-15412,1048576,,65686,0,111,74.413311,-79674.98828125,,0,0,108,0,915,24.244181,int-list-views-typed-sorted,1157544,7.050632,1851,267.41015625,15.822428000000002,49.673483
median,0,fragments,192.4402909999999,6071.230412000001,-15412,1048576,,50506,0,112,81.345052,-64871.1767578125,,0,0,108,0,915,24.379226,int-list-views-typed-sorted,1159048,7.522456,1835,274.5146484375,15.373729,56.47734
median,0,fragments,192.4402909999999,6153.041499000001,-15198,1048576,,68056,0,113,81.811087,-81746.4208984375,,0,0,109,0,914,24.809348,int-list-views-typed-sorted,1163712,6.728314,1846,283.2841796875,16.733826999999998,56.461684
median,0,fragments,192.4402909999999,6235.133783000001,-15198,1048576,,62601,0,114,82.092284,-76512.99609375,,0,0,84,0,939,25.526559,int-list-views-typed-sorted,1166852,7.404599,1871,287.6064453125,16.734851,56.096843
median,0,fragments,192.4402909999999,6320.566378000001,-15198,1048576,,72440,0,115,85.432595,-85902.1220703125,,0,0,96,0,927,25.208713,int-list-views-typed-sorted,1170716,7.207591,1867,289.1630859375,16.592245,59.707694
median,0,fragments,192.4402909999999,6402.424952000001,-15198,1048576,,64063,0,116,81.858574,-77877.8779296875,,0,0,115,0,908,26.438077,int-list-views-typed-sorted,1172208,6.782623,1850,293.0751953125,18.136736999999997,54.930706
median,0,fragments,192.4402909999999,6484.222197000001,-15188,1048576,,51052,0,117,81.797245,-65200.28515625,,0,0,106,0,917,24.292868,int-list-views-typed-sorted,1172948,6.575909,1847,293.9130859375,16.267727999999998,56.991469
median,0,fragments,192.4402909999999,6568.792822000001,-15188,1048576,,52818,0,118,84.570625,-66893.6015625,,0,0,114,0,909,25.630922,int-list-views-typed-sorted,1173628,7.337473,1865,296.162109375,16.920229000000003,58.419131
median,0,fragments,192.4402909999999,6654.612632000001,-15083,1048576,,51479,0,119,85.81981,-65559.1728515625,,0,0,126,0,897,26.248797,int-list-views-typed-sorted,1175456,7.849201,1876,295.642578125,16.918847,58.955551
median,0,fragments,192.4402909999999,6740.297479000002,-15083,1048576,,64447,0,120,85.684847,-77918.291015625,,0,0,110,0,913,25.613663,int-list-views-typed-sorted,1177180,7.280133,1867,290.3310546875,16.916925,59.592832
median,0,fragments,192.4402909999999,6824.611845000001,-14799,1048576,,69696,0,121,84.314366,-83148.8037109375,,0,0,102,0,921,25.540258,int-list-views-typed-sorted,1178504,7.223336,1888,287.64453125,16.901092000000002,58.30002
median,0,fragments,192.4402909999999,6909.749742000001,-14799,1048576,,55657,0,122,85.137897,-69513.91015625,,0,0,113,0,910,25.246222,int-list-views-typed-sorted,1179304,7.397347,1886,282.796875,16.458688,59.407079
median,0,fragments,192.4402909999999,6993.297577000001,-14781,1048576,,76388,0,123,83.547835,-89274.48828125,,0,0,112,0,911,25.775068,int-list-views-typed-sorted,1180352,7.440439,1871,278.119140625,16.866083,57.293858
median,0,fragments,192.4402909999999,7076.044978000001,-14781,1048576,,69119,0,124,82.747401,-82297.974609375,,0,0,120,0,903,25.669855,int-list-views-typed-sorted,1180904,7.205599,1847,275.904296875,16.985654,56.594251
median,0,fragments,192.4402909999999,7156.860436000001,-14781,1048576,,51174,0,125,80.815458,-65071.6025390625,,0,0,104,0,919,24.635924,int-list-views-typed-sorted,1181688,7.005334,1874,276.3408203125,16.291931999999996,55.711664
median,0,fragments,192.4402909999999,7241.334828000001,-14781,1048576,,53609,0,126,84.474392,-67492.5,,0,0,118,0,905,24.773746,int-list-views-typed-sorted,1182472,7.076403,1825,274.0634765625,16.347206999999997,59.214421
median,0,fragments,192.4402909999999,7323.5800500000005,-14775,1048576,,38802,0,127,82.245222,-53208.017578125,,0,0,92,0,931,26.831595,int-list-views-typed-sorted,1182748,7.935485,1856,275.3203125,17.447989,54.724182
median,1,native,137.68914800000124,320.86790800000125,-31025,1048576,1234,275609,0,0,183.17876,-304667.439453125,0,0,0,126,0,,,,,,,,,
median,1,native,137.68914800000124,521.8874780000012,-31025,1048576,1217,80690,0,1,201.01957,-118990.228515625,0,0,0,107,0,,,,,,,,,
median,1,native,137.68914800000124,731.5675600000012,-31025,1048576,1190,20331,0,2,209.680082,-60157.109375,0,0,0,127,0,,,,,,,,,
median,1,native,137.68914800000124,1037.246868000001,-31025,1048576,1219,17796,0,3,305.679308,-53960.2265625,2,0,0,125,0,,,,,,,,,
median,1,native,137.68914800000124,1244.073741000001,-31025,1048576,1236,14205,0,4,206.826873,-50095.310546875,2,0,0,96,0,,,,,,,,,
median,1,native,137.68914800000124,1453.599507000001,-28559,1048576,1220,18026,0,5,209.525766,-52289.51953125,2,0,0,127,0,,,,,,,,,
median,1,native,137.68914800000124,1664.275176000001,-28559,1048576,1259,24628,0,6,210.675669,-57649.5556640625,0,0,0,98,0,,,,,,,,,
median,1,native,137.68914800000124,1864.849191000001,-28559,1048576,1218,19145,0,7,200.574015,-52337.068359375,2,0,0,98,0,,,,,,,,,
median,1,native,137.68914800000124,2076.084374000001,-28559,1048576,1221,25309,0,8,211.235183,-58741.1103515625,2,0,0,97,0,,,,,,,,,
median,1,native,137.68914800000124,2272.026312000001,-28559,1048576,1230,34073,0,9,195.941938,-65759.298828125,2,0,0,116,0,,,,,,,,,
median,1,native,137.68914800000124,2466.3959170000007,-28559,1048576,1213,32531,0,10,194.369605,-65078.146484375,2,0,0,94,0,,,,,,,,,
median,1,native,137.68914800000124,2662.7789710000006,-28559,1048576,1210,22949,0,11,196.383054,-54681.9052734375,8,0,0,121,0,,,,,,,,,
median,1,native,137.68914800000124,2851.4344360000005,-28559,1048576,1249,16494,0,12,188.655465,-48188.244140625,6,0,0,88,0,,,,,,,,,
median,1,native,137.68914800000124,3043.4240360000003,-28478,1048576,1217,26668,0,13,191.9896,-57733.6513671875,4,0,0,112,0,,,,,,,,,
median,1,native,137.68914800000124,3231.04867,-28478,1048576,1203,24884,0,14,187.624634,-56119.84765625,0,0,0,124,0,,,,,,,,,
median,1,native,137.68914800000124,3420.959698,-28478,1048576,1191,19683,0,15,189.911028,-50811.556640625,4,0,0,119,0,,,,,,,,,
median,1,native,137.68914800000124,3622.224956,-25782,1048576,1219,9609,0,16,201.265258,-41211.294921875,4,0,0,120,0,,,,,,,,,
median,1,native,137.68914800000124,3831.72743,-25782,1048576,1261,29955,0,17,209.502474,-60467.634765625,4,0,0,88,0,,,,,,,,,
median,1,native,137.68914800000124,4055.715723,-25782,1048576,1225,29212,0,18,223.988293,-58479.9130859375,10,0,0,105,0,,,,,,,,,
median,1,native,137.68914800000124,4292.971656,-24925,1048576,1213,31778,0,19,237.255933,-60976.9150390625,0,0,0,95,0,,,,,,,,,
median,1,native,137.68914800000124,4531.712345,-24925,1048576,1247,43415,0,20,238.740689,-70970.345703125,0,0,0,95,0,,,,,,,,,
median,1,native,137.68914800000124,4794.93638,-24925,1048576,1241,55395,0,21,263.224035,-82351,6,0,0,84,0,,,,,,,,,
median,1,native,137.68914800000124,5052.752531,-24925,1048576,1234,58012,0,22,257.816151,-84597.08984375,0,0,0,107,0,,,,,,,,,
median,1,native,137.68914800000124,5317.671805,-24925,1048576,1248,51435,0,23,264.919274,-78289.490234375,0,0,0,73,0,,,,,,,,,
median,1,native,137.68914800000124,5597.128155,-24897,1048576,1244,49360,0,24,279.45635,-76234.044921875,0,0,0,87,0,,,,,,,,,
median,1,native,137.68914800000124,5871.464422,-24897,1048576,1257,47836,0,25,274.336267,-74606.1904296875,0,0,0,88,0,,,,,,,,,
median,1,native,137.68914800000124,6141.88916,-24897,1048576,1258,61885,0,26,270.424738,-88111.046875,0,0,0,99,0,,,,,,,,,
median,1,native,137.68914800000124,6408.777991,-24897,1048576,1239,44961,0,27,266.888831,-71638.4189453125,2,0,0,97,0,,,,,,,,,
median,1,native,137.68914800000124,6678.378774,-24897,1048576,1231,49418,0,28,269.600783,-75774.6708984375,2,0,0,117,0,,,,,,,,,
median,1,native,137.68914800000124,6946.841006,-24897,1048576,1248,41056,0,29,268.462232,-67666.126953125,6,0,0,104,0,,,,,,,,,
median,1,native,137.68914800000124,7216.182191999999,-24897,1048576,1245,47005,0,30,269.341186,-73565.71484375,6,0,0,81,0,,,,,,,,,
median,1,native,137.68914800000124,7494.9027049999995,-24897,1048576,1247,30009,0,31,278.720513,-55931.3115234375,2,0,0,97,0,,,,,,,,,
median,1,fragments,189.74268799999845,225.06271899999845,-31025,1048576,,275609,0,0,35.320031,-304667.439453125,,0,0,135,0,888,14.267015,int-list-views-typed-sorted-direct-root-window-unboxed-bound-add,1011384,3.368517,2350,64.66015625,9.918395,20.43497
median,1,fragments,189.74268799999845,250.55820499999845,-30492,1048576,,86405,0,1,25.495486,-123979.2900390625,,0,0,203,0,820,11.395964,int-list-views-typed-sorted-direct-root-window-unboxed-bound-add,1012128,2.168794,2073,60.6806640625,8.406403999999998,13.675108
median,1,fragments,189.74268799999845,275.2659819999985,-30492,1048576,,22565,0,2,24.707777,-60601.42578125,,0,0,230,0,793,11.185727,int-list-views-typed-sorted-direct-root-window-unboxed-bound-add,1012672,2.155552,1918,72.244140625,8.233079,13.150237
median,1,fragments,189.74268799999845,302.1513119999985,-30492,1048576,,23386,0,3,26.88533,-61452.240234375,,0,0,244,0,779,11.998349,int-list-views-typed-sorted-direct-root-window-unboxed-bound-add,1013460,2.15331,1823,78.74609375,8.934629999999999,14.488265
median,1,fragments,189.74268799999845,330.4369539999985,-30492,1048576,,19831,0,4,28.285642,-54110.28125,,0,0,248,0,775,12.432303,int-list-views-typed-sorted-direct-root-window-unboxed-bound-add,1013916,2.226195,1787,80.767578125,9.354104,15.488269
median,1,fragments,189.74268799999845,359.36867899999845,-30492,1048576,,23028,0,5,28.931725,-57283.2568359375,,0,0,213,0,810,12.742717,int-list-views-typed-sorted-direct-root-window-unboxed-bound-add,1014388,2.21681,1813,83.3818359375,9.659976,15.828958
median,1,fragments,189.74268799999845,389.76656099999843,-30492,1048576,,35485,0,6,30.397882,-67796.5654296875,,0,0,180,0,843,12.781506,int-list-views-typed-sorted-direct-root-window-unboxed-bound-add,1014912,2.218149,1840,85.8017578125,9.623238,17.250569
median,1,fragments,189.74268799999845,420.76854199999843,-30492,1048576,,28488,0,7,31.001981,-60788.017578125,,0,0,151,0,872,12.86237,int-list-views-typed-sorted-direct-root-window-unboxed-bound-add,1015540,2.211583,1839,88.234375,9.725336000000002,17.759564
median,1,fragments,189.74268799999845,451.67518999999845,-30492,1048576,,42551,0,8,30.906648,-74323.2197265625,,0,0,211,0,812,13.012279,int-list-views-typed-sorted-direct-root-window-unboxed-bound-add,1015856,2.22019,1803,86.84765625,9.921472999999999,17.501734
median,1,fragments,189.74268799999845,483.02345099999843,-30492,1048576,,28249,0,9,31.348261,-60397.08984375,,0,0,142,0,881,12.961723,int-list-views-typed-sorted-direct-root-window-unboxed-bound-add,1016000,2.201787,1841,84.7841796875,9.888652999999998,17.990179
median,1,fragments,189.74268799999845,514.7798809999985,-30492,1048576,,35222,0,10,31.75643,-67431.474609375,,0,0,198,0,825,13.01379,int-list-views-typed-sorted-direct-root-window-unboxed-bound-add,1016268,2.244829,1777,84.8544921875,9.908104000000002,18.35413
median,1,fragments,189.74268799999845,546.1839999999985,-27487,1048576,,23445,0,11,31.404119,-54453.70703125,,0,0,172,0,851,12.811766,int-list-views-typed-sorted-direct-root-window-unboxed-bound-add,1016612,2.234292,1754,89.0830078125,9.708321000000002,18.205968
median,1,fragments,189.74268799999845,577.9081649999985,-27487,1048576,,22432,0,12,31.724165,-54727.3125,,0,0,145,0,878,12.652255,int-list-views-typed-sorted-direct-root-window-unboxed-bound-add,1017044,2.222031,1769,93.0791015625,9.494405,18.683704
median,1,fragments,189.74268799999845,611.6565549999984,-27487,1048576,,12261,0,13,33.74839,-43329.5439453125,,0,0,149,0,874,12.755087,int-list-views-typed-sorted-direct-root-window-unboxed-bound-add,1017544,2.26937,1777,98.8525390625,9.603261,20.60371
median,1,fragments,189.74268799999845,646.4553549999985,-27487,1048576,,10180,0,14,34.7988,-41378.6650390625,,0,0,155,0,868,13.754255,int-list-views-typed-sorted-direct-root-window-unboxed-bound-add,1018640,2.264711,1814,105.5341796875,10.547219,20.644696
median,1,fragments,189.74268799999845,682.8200129999984,-27487,1048576,,16354,0,15,36.364658,-48307.22265625,,0,0,149,0,874,13.719247,int-list-views-typed-sorted-direct-root-window-unboxed-bound-add,1020732,2.271062,1879,109.865234375,10.539691999999999,22.21592
median,1,fragments,189.74268799999845,719.9514949999984,-27487,1048576,,19960,0,16,37.131482,-50366.5830078125,,0,0,116,0,907,14.053132,int-list-views-typed-sorted-direct-root-window-unboxed-bound-add,1023444,2.272128,1937,113.0498046875,10.808701,22.62484
median,1,fragments,189.74268799999845,759.5744949999985,-26069,1048576,,23517,0,17,39.623,-53680.6640625,,0,0,128,0,895,14.397842,int-list-views-typed-sorted-direct-root-window-unboxed-bound-add,1027936,2.274281,1950,113.9716796875,11.161760000000001,24.802333
median,1,fragments,189.74268799999845,798.7166739999984,-26069,1048576,,21898,0,18,39.142179,-52243.53125,,0,0,133,0,890,14.212911,int-list-views-typed-sorted-direct-root-window-unboxed-bound-add,1030196,2.211982,1923,113.8173828125,11.05604,24.494301
median,1,fragments,189.74268799999845,837.6928909999984,-26069,1048576,,23391,0,19,38.976217,-53077.306640625,,0,0,102,0,921,14.090704,int-list-views-typed-sorted-direct-root-window-unboxed-bound-add,1031288,2.185682,1960,111.41015625,10.979780000000002,24.43035
median,1,fragments,189.74268799999845,877.3621239999984,-26069,1048576,,27517,0,20,39.669233,-58738.44921875,,0,0,125,0,898,14.067246,int-list-views-typed-sorted-direct-root-window-unboxed-bound-add,1032744,2.303207,1947,106.8408203125,10.773983000000001,25.158081
median,1,fragments,189.74268799999845,915.7185219999984,-26069,1048576,,37020,0,21,38.356398,-66400.4296875,,0,0,116,0,907,13.785436,int-list-views-typed-sorted-direct-root-window-unboxed-bound-add,1033948,2.263113,1915,107.1982421875,10.612290999999999,24.135209
median,1,fragments,189.74268799999845,952.7659989999984,-26069,1048576,,42384,0,22,37.047477,-71270.4814453125,,0,0,104,0,919,14.066333,int-list-views-typed-sorted-direct-root-window-unboxed-bound-add,1034492,2.292642,1921,104.072265625,10.859673,22.525584
median,1,fragments,189.74268799999845,989.8751199999983,-25397,1048576,,36558,0,23,37.109121,-64871.25,,0,0,108,0,915,13.319565,int-list-views-typed-sorted-direct-root-window-unboxed-bound-add,1034568,2.290376,1906,100.8466796875,10.127179,23.333468
median,1,fragments,189.74268799999845,1027.4649729999983,-25397,1048576,,41454,0,24,37.589853,-69020.3564453125,,0,0,96,0,927,13.75108,int-list-views-typed-sorted-direct-root-window-unboxed-bound-add,1034736,2.343563,1879,95.865234375,10.529354999999999,23.424201
median,1,fragments,189.74268799999845,1063.7436159999984,-25397,1048576,,47742,0,25,36.278643,-74671.333984375,,0,0,88,0,935,13.675873,int-list-views-typed-sorted-direct-root-window-unboxed-bound-add,1034856,2.330634,1906,94.232421875,10.462508,22.187486
median,1,fragments,189.74268799999845,1099.4353509999985,-25397,1048576,,55661,0,26,35.691735,-82545.251953125,,0,0,101,0,922,13.647208,int-list-views-typed-sorted-direct-root-window-unboxed-bound-add,1034904,2.286252,1870,99.3095703125,10.463299,21.629068
median,1,fragments,189.74268799999845,1135.8466989999986,-25397,1048576,,42501,0,27,36.411348,-69215.73046875,,0,0,107,0,916,13.64361,int-list-views-typed-sorted-direct-root-window-unboxed-bound-add,1035068,2.354112,1867,98.1064453125,10.38055,22.332909
median,1,fragments,189.74268799999845,1171.6340399999985,-25397,1048576,,59879,0,28,35.787341,-85612.1396484375,,0,0,112,0,911,13.350478,int-list-views-typed-sorted-direct-root-window-unboxed-bound-add,1035208,2.292331,1884,96.2001953125,10.122629,22.013771
median,1,fragments,189.74268799999845,1206.9963429999984,-25397,1048576,,50785,0,29,35.362303,-77522.38671875,,0,0,108,0,915,13.903887,int-list-views-typed-sorted-direct-root-window-unboxed-bound-add,1035208,2.305335,1902,99.8896484375,10.717758,21.029022
median,1,fragments,189.74268799999845,1243.2859719999985,-25397,1048576,,64758,0,30,36.289629,-89981.5224609375,,0,0,92,0,931,13.601889,int-list-views-typed-sorted-direct-root-window-unboxed-bound-add,1035216,2.279674,1907,100.740234375,10.434244,22.278046
median,1,fragments,189.74268799999845,1280.1507509999985,-25319,1048576,,58395,0,31,36.864779,-83698.0927734375,,0,0,89,0,934,12.983792,int-list-views-typed-sorted-direct-root-window-unboxed-bound-add,1035696,2.330081,1895,100.615234375,9.759203,23.450252
median,1,fragments,189.74268799999845,1317.0262299999986,-25319,1048576,,55109,0,32,36.875479,-80794.1171875,,0,0,98,0,925,14.051488,int-list-views-typed-sorted-direct-root-window-unboxed-bound-add,1035712,2.358949,1900,100.271484375,10.772225000000002,22.329397
median,1,fragments,189.74268799999845,1353.5274459999987,-25319,1048576,,52006,0,33,36.501216,-77510.146484375,,0,0,102,0,921,13.91584,int-list-views-typed-sorted-direct-root-window-unboxed-bound-add,1035804,2.347749,1909,99.55078125,10.680464,22.16585
median,1,fragments,189.74268799999845,1388.7776989999986,-25319,1048576,,49194,0,34,35.250253,-74732.103515625,,0,0,96,0,927,13.712376,int-list-views-typed-sorted-direct-root-window-unboxed-bound-add,1035824,2.328422,1901,101.2412109375,10.457476,21.094945
median,1,fragments,189.74268799999845,1424.9441269999986,-25319,1048576,,54810,0,35,36.166428,-79859.435546875,,0,0,98,0,925,13.167676,int-list-views-typed-sorted-direct-root-window-unboxed-bound-add,1035852,2.332949,1898,98.998046875,9.937944000000002,22.571251
median,1,fragments,189.74268799999845,1461.3437699999986,-25319,1048576,,52577,0,36,36.399643,-77780.64453125,,0,0,99,0,924,13.737526,int-list-views-typed-sorted-direct-root-window-unboxed-bound-add,1035928,2.353649,1890,98.3701171875,10.449856,22.242882
median,1,fragments,189.74268799999845,1496.9144099999985,-23990,1048576,,43661,0,37,35.57064,-70570.505859375,,0,0,93,0,930,13.681934,int-list-views-typed-sorted-direct-root-window-unboxed-bound-add,1036028,2.31794,1937,96.8203125,10.483106,21.435599
median,1,fragments,189.74268799999845,1531.7223679999986,-23990,1048576,,36305,0,38,34.807958,-62605.056640625,,0,0,97,0,926,13.554089,int-list-views-typed-sorted-direct-root-window-unboxed-bound-add,1036216,2.336846,1902,95.359375,10.304852,20.82916
median,1,fragments,189.74268799999845,1566.1860789999987,-23990,1048576,,51140,0,39,34.463711,-77072.779296875,,0,0,94,0,929,12.978727,int-list-views-typed-sorted-direct-root-window-unboxed-bound-add,1036244,2.346249,1885,94.0732421875,9.753074999999999,21.066274
median,1,fragments,189.74268799999845,1600.6380439999987,-23990,1048576,,57355,0,40,34.451965,-82481.552734375,,0,0,102,0,921,12.86636,int-list-views-typed-sorted-direct-root-window-unboxed-bound-add,1036272,2.252897,1897,89.2880859375,9.698396,21.167457
median,1,fragments,189.74268799999845,1635.4618449999987,-23990,1048576,,45964,0,41,34.823801,-71647.373046875,,0,0,113,0,910,13.217643,int-list-views-typed-sorted-direct-root-window-unboxed-bound-add,1036316,2.350075,1904,91.203125,10.00786,21.079875
median,1,fragments,189.74268799999845,1669.7637169999987,-23990,1048576,,45696,0,42,34.301872,-71444.466796875,,0,0,99,0,924,13.451514,int-list-views-typed-sorted-direct-root-window-unboxed-bound-add,1036344,2.350243,1912,90.8876953125,10.199278,20.383916
median,1,fragments,189.74268799999845,1703.6490919999987,-23987,1048576,,53557,0,43,33.885375,-79007.998046875,,0,0,93,0,930,13.298849,int-list-views-typed-sorted-direct-root-window-unboxed-bound-add,1036384,2.296516,1904,89.3486328125,10.126606,20.178722
median,1,fragments,189.74268799999845,1737.0022869999987,-23976,1048576,,55590,0,44,33.353195,-80506.291015625,,0,0,110,0,913,13.264198,int-list-views-typed-sorted-direct-root-window-unboxed-bound-add,1036424,2.314459,1909,88.1435546875,10.040032,19.687153
median,1,fragments,189.74268799999845,1771.7351149999986,-23976,1048576,,57448,0,45,34.732828,-82332.603515625,,0,0,97,0,926,13.207836,int-list-views-typed-sorted-direct-root-window-unboxed-bound-add,1036600,2.356656,1882,90.5244140625,9.985016000000002,21.116719
median,1,fragments,189.74268799999845,1806.3589449999986,-23206,1048576,,57657,0,46,34.62383,-82305.9169921875,,0,0,116,0,907,13.389084,int-list-views-typed-sorted-direct-root-window-unboxed-bound-add,1036604,2.350584,1862,91.7021484375,10.12733,20.815317
median,1,fragments,189.74268799999845,1841.2039359999985,-23206,1048576,,52943,0,47,34.844991,-77866.9287109375,,0,0,121,0,902,13.474186,int-list-views-typed-sorted-direct-root-window-unboxed-bound-add,1036632,2.324788,1892,92.9853515625,10.199432999999999,20.936219
median,1,fragments,189.74268799999845,1876.4046649999984,-23206,1048576,,57513,0,48,35.200729,-81884.3134765625,,0,0,110,0,913,13.338894,int-list-views-typed-sorted-direct-root-window-unboxed-bound-add,1036648,2.325861,1895,97.7529296875,10.098061,21.408439
median,1,fragments,189.74268799999845,1912.3077349999985,-23206,1048576,,50649,0,49,35.90307,-75192.255859375,,0,0,96,0,927,13.74607,int-list-views-typed-sorted-direct-root-window-unboxed-bound-add,1036648,2.365441,1878,101.3427734375,10.443166999999999,21.737396
median,1,fragments,189.74268799999845,1948.5898529999986,-23206,1048576,,48203,0,50,36.282118,-72523.0107421875,,0,0,106,0,917,13.585301,int-list-views-typed-sorted-direct-root-window-unboxed-bound-add,1036720,2.393227,1888,103.5693359375,10.305169,22.277962
median,1,fragments,189.74268799999845,1984.2772549999986,-23206,1048576,,60425,0,51,35.687402,-83949.037109375,,0,0,99,0,924,13.379044,int-list-views-typed-sorted-direct-root-window-unboxed-bound-add,1036916,2.364938,1879,105.4873046875,10.118170000000001,21.890025
median,1,fragments,189.74268799999845,2020.5669109999985,-23206,1048576,,68429,0,52,36.289656,-91441.3984375,,0,0,96,0,927,13.341988,int-list-views-typed-sorted-direct-root-window-unboxed-bound-add,1037000,2.330678,1878,104.806640625,10.106262000000001,22.467145
median,1,fragments,189.74268799999845,2057.7098599999986,-23206,1048576,,53677,0,53,37.142949,-76965.1650390625,,0,0,112,0,911,13.410979,int-list-views-typed-sorted-direct-root-window-unboxed-bound-add,1037048,2.38995,1876,107.61328125,10.077961,23.29485
median,1,fragments,189.74268799999845,2096.2539009999987,-23206,1048576,,61578,0,54,38.544041,-84507.11328125,,0,0,103,0,920,13.844971,int-list-views-typed-sorted-direct-root-window-unboxed-bound-add,1037612,2.375802,1871,109.541015625,10.56709,24.285939
median,1,fragments,189.74268799999845,2133.918566999999,-23206,1048576,,49131,0,55,37.664666,-72703.92578125,,0,0,96,0,927,14.083091,int-list-views-typed-sorted-direct-root-window-unboxed-bound-add,1038504,2.402253,1872,110.8798828125,10.776091000000001,23.164833
median,1,fragments,189.74268799999845,2173.449867999999,-23131,1048576,,44484,0,56,39.531301,-68108.50390625,,0,0,97,0,926,13.741655,int-list-views-typed-sorted-direct-root-window-unboxed-bound-add,1038688,2.385711,1881,110.6689453125,10.444085,25.291322
median,1,fragments,189.74268799999845,2213.234904999999,-23131,1048576,,68412,0,57,39.785037,-90939.9169921875,,0,0,108,0,915,14.052466,int-list-views-typed-sorted-direct-root-window-unboxed-bound-add,1038976,2.449116,1862,114.5244140625,10.690208000000002,25.31858
median,1,fragments,189.74268799999845,2254.266544999999,-23131,1048576,,53161,0,58,41.03164,-76024.5205078125,,0,0,109,0,914,14.299845,int-list-views-typed-sorted-direct-root-window-unboxed-bound-add,1039360,2.405726,1832,117.0302734375,10.962062,26.277182
median,1,fragments,189.74268799999845,2296.080330999999,-21072,1048576,,51967,0,59,41.813786,-74587.330078125,,0,0,113,0,910,14.864612,int-list-views-typed-sorted-direct-root-window-unboxed-bound-add,1039820,2.507846,1830,120.96875,11.420050999999999,26.532581
median,1,fragments,189.74268799999845,2338.380176999999,-20879,1048576,,45443,0,60,42.299846,-68261.5771484375,,0,0,89,0,934,15.24878,int-list-views-typed-sorted-direct-root-window-unboxed-bound-add,1040276,2.514509,1897,124.01171875,11.765391,26.58072
median,1,fragments,189.74268799999845,2381.143317999999,-20879,1048576,,59716,0,61,42.763141,-81838.693359375,,0,0,99,0,924,15.264596,int-list-views-typed-sorted-direct-root-window-unboxed-bound-add,1041052,2.57614,1877,124.892578125,11.608386999999999,27.069047
median,1,fragments,189.74268799999845,2424.872221999999,-20879,1048576,,45664,0,62,43.728904,-68400.9501953125,,0,0,97,0,926,14.888258,int-list-views-typed-sorted-direct-root-window-unboxed-bound-add,1042728,2.536315,1892,127.8154296875,11.223438000000002,28.398559
median,1,fragments,189.74268799999845,2469.550820999999,-20879,1048576,,45254,0,63,44.678599,-68042.365234375,,0,0,89,0,934,16.05859,int-list-views-typed-sorted-direct-root-window-unboxed-bound-add,1044320,2.559355,1904,128.0703125,12.328564,28.175479
median,1,fragments,189.74268799999845,2513.803046999999,-20879,1048576,,52050,0,64,44.252226,-74485.7294921875,,0,0,98,0,925,14.936469,int-list-views-typed-sorted-direct-root-window-unboxed-bound-add,1045012,2.564942,1891,126.6064453125,11.339891000000001,28.881355
median,1,fragments,189.74268799999845,2559.216754999999,-20879,1048576,,38681,0,65,45.413708,-61635.767578125,,0,0,88,0,935,16.238823,int-list-views-typed-sorted-direct-root-window-unboxed-bound-add,1045260,2.585662,1887,125.701171875,12.438397,28.685532
median,1,fragments,189.74268799999845,2603.398115999999,-20879,1048576,,44611,0,66,44.181361,-67097.2177734375,,0,0,104,0,919,15.207423,int-list-views-typed-sorted-direct-root-window-unboxed-bound-add,1045508,2.636856,1899,121.75,11.537842,28.543211
median,1,fragments,189.74268799999845,2646.631999999999,-20879,1048576,,54511,0,67,43.233884,-76491.5947265625,,0,0,86,0,937,15.024807,int-list-views-typed-sorted-direct-root-window-unboxed-bound-add,1045668,2.593087,1886,117.0380859375,11.445374999999999,27.769472
median,1,fragments,189.74268799999845,2686.745893999999,-20879,1048576,,43025,0,68,40.113894,-65408.9296875,,0,0,103,0,920,13.904682,int-list-views-typed-sorted-direct-root-window-unboxed-bound-add,1045696,2.653878,1915,114.0166015625,10.330764,25.77264
median,1,fragments,189.74268799999845,2727.8440599999994,-20063,1048576,,46503,0,69,41.098166,-68735.640625,,0,0,119,0,904,13.895699,int-list-views-typed-sorted-direct-root-window-unboxed-bound-add,1045888,2.662425,1879,112.669921875,10.313528000000002,26.717563
median,1,fragments,189.74268799999845,2773.1272109999995,-20063,1048576,,44658,0,70,45.283151,-66875.939453125,,0,0,117,0,906,18.868845,int-list-views-typed-sorted,1046708,7.044675,1894,113.154296875,10.900523,25.964126
median,1,fragments,189.74268799999845,2817.8357189999997,-19564,1048576,,46222,0,71,44.708508,-68061.6884765625,,0,0,87,0,936,16.895213,int-list-views-typed-sorted,1046936,4.531986,1899,113.6591796875,11.373560999999999,27.339893
median,1,fragments,189.74268799999845,2860.522713,-19176,1048576,,56067,0,72,42.686994,-77389.650390625,,0,0,90,0,933,17.370694,int-list-views-typed-sorted,1046968,4.548218,1926,113.9072265625,11.831422,24.916014
median,1,fragments,189.74268799999845,2903.7101669999997,-19176,1048576,,49704,0,73,43.187454,-70926.0849609375,,0,0,106,0,917,16.029067,int-list-views-typed-sorted,1047008,4.588381,1885,116.232421875,10.467811000000001,26.725256
median,1,fragments,189.74268799999845,2947.1079689999997,-19176,1048576,,42061,0,74,43.397802,-63462.1962890625,,0,0,110,0,913,16.716354,int-list-views-typed-sorted,1047012,4.574024,1872,120.4580078125,11.231784999999999,26.236742
median,1,fragments,189.74268799999845,2990.735316,-19176,1048576,,46908,0,75,43.627347,-67930.455078125,,0,0,94,0,929,16.790686,int-list-views-typed-sorted,1047040,4.561978,1915,121.052734375,11.311532,26.375296
median,1,fragments,189.74268799999845,3033.1720569999998,-19176,1048576,,55429,0,76,42.436741,-76168.6240234375,,0,0,96,0,927,14.906031,int-list-views-typed-sorted-direct-root-window-unboxed-bound-add,1047064,2.700897,1920,121.0927734375,11.267216000000001,27.075512
median,1,fragments,189.74268799999845,3078.451224,-18806,1048576,,47347,0,77,45.279167,-68291.2080078125,,0,0,116,0,907,17.038648,int-list-views-typed-sorted,1047100,4.537721,1879,123.22265625,11.493058999999999,27.747045
median,1,fragments,189.74268799999845,3121.009297,-18806,1048576,,41010,0,78,42.558073,-61861.7490234375,,0,0,112,0,911,14.926669,int-list-views-typed-sorted-direct-root-window-unboxed-bound-add,1047172,2.687094,1889,124.4482421875,11.142911,27.212354
median,1,fragments,189.74268799999845,3165.22465,-18806,1048576,,37957,0,79,44.215353,-59063.7734375,,0,0,101,0,922,15.047476,int-list-views-typed-sorted-direct-root-window-unboxed-bound-add,1047268,2.69577,1911,129.521484375,11.315121999999999,28.740975
median,1,fragments,189.74268799999845,3212.657713,-18806,1048576,,38336,0,80,47.433063,-59428.166015625,,0,0,88,0,935,17.4315,int-list-views-typed-sorted-direct-root-window-unboxed-bound-add,1051048,2.739749,1883,130.583984375,13.484950999999999,29.525871
median,1,fragments,189.74268799999845,3260.9381590000003,-18469,1048576,,50175,0,81,48.280446,-70333.052734375,,0,0,119,0,904,18.837164,int-list-views-typed-sorted,1051304,4.631316,1865,129.0810546875,12.982465000000001,28.997038
median,1,fragments,189.74268799999845,3307.526443,-17776,1048576,,43596,0,82,46.588284,-64088.9052734375,,0,0,101,0,922,17.181966,int-list-views-typed-sorted,1052084,4.513287,1881,131.5458984375,11.596388999999999,28.991401
median,1,fragments,189.74268799999845,3353.9485640000003,-17776,1048576,,42564,0,83,46.422121,-62964.9716796875,,0,0,107,0,916,17.623152,int-list-views-typed-sorted,1052596,4.585579,1894,132.1787109375,11.958218,28.373402
median,1,fragments,189.74268799999845,3403.0542440000004,-17088,1048576,,42616,0,84,49.10568,-62573.716796875,,0,0,95,0,928,17.88571,int-list-views-typed-sorted,1053364,4.582377,1900,132.2392578125,12.213067,30.784761
median,1,fragments,189.74268799999845,3452.4283760000003,-17088,1048576,,49061,0,85,49.374132,-68728.2685546875,,0,0,97,0,926,17.834372,int-list-views-typed-sorted,1053864,4.582184,1912,131.6748046875,12.098362999999999,31.004304
median,1,fragments,189.74268799999845,3499.2924070000004,-17088,1048576,,47963,0,86,46.864031,-67770.1376953125,,0,0,91,0,932,17.854203,int-list-views-typed-sorted,1054932,4.501298,1911,132.46875,12.270816999999997,28.563912
median,1,fragments,189.74268799999845,3547.0966210000006,-17088,1048576,,45460,0,87,47.804214,-65023.005859375,,0,0,88,0,935,17.361747,int-list-views-typed-sorted,1055348,4.576702,1915,132.4794921875,11.657066000000002,29.991627
median,1,fragments,189.74268799999845,3595.7222240000006,-17088,1048576,,44187,0,88,48.625603,-63569.828125,,0,0,106,0,917,17.854118,int-list-views-typed-sorted,1056168,4.617275,1899,134.0341796875,12.090357000000001,30.327183
median,1,fragments,189.74268799999845,3644.5804670000007,-17088,1048576,,39381,0,89,48.858243,-59581.1435546875,,0,0,98,0,925,17.368013,int-list-views-typed-sorted,1057504,4.4684,1877,133.515625,11.814358000000002,31.038404
median,1,fragments,189.74268799999845,3692.855439000001,-17088,1048576,,36076,0,90,48.274972,-55486.8251953125,,0,0,94,0,929,17.869291,int-list-views-typed-sorted,1057600,4.56285,1887,133.8935546875,12.183172,29.980547
median,1,fragments,189.74268799999845,3740.2901770000008,-17088,1048576,,32588,0,91,47.434738,-52249.9677734375,,0,0,98,0,925,17.614095,int-list-views-typed-sorted,1057796,4.55602,1903,137.54296875,11.985945,29.395861
median,1,fragments,189.74268799999845,3790.133566000001,-16943,1048576,,43709,0,92,49.843389,-62833.2119140625,,0,0,111,0,912,17.995856,int-list-views-typed-sorted,1058228,4.736384,1868,140.705078125,12.186187,31.421467
median,1,fragments,189.74268799999845,3840.896377000001,-16943,1048576,,38268,0,93,50.762811,-57231.4638671875,,0,0,99,0,924,18.089172,int-list-views-typed-sorted,1059668,4.72174,1851,145.73828125,12.286220000000002,32.248856
median,1,fragments,189.74268799999845,3891.011767000001,-16135,1048576,,43061,0,94,50.11539,-61661.5634765625,,0,0,87,0,936,18.079841,int-list-views-typed-sorted,1061384,4.616919,1900,150.23828125,12.322108999999998,31.612993
median,1,fragments,189.74268799999845,3941.859732000001,-16135,1048576,,33580,0,95,50.847965,-52468.201171875,,0,0,115,0,908,18.303415,int-list-views-typed-sorted,1063800,4.6449,1892,153.388671875,12.558295000000001,32.012391
median,1,fragments,189.74268799999845,3995.977105000001,-16135,1048576,,42513,0,96,54.117373,-60665.7919921875,,0,0,90,0,933,18.867708,int-list-views-typed-sorted,1065752,4.685224,1882,154.203125,12.97483,34.792077
median,1,fragments,189.74268799999845,4051.3608480000007,-16135,1048576,,42082,0,97,55.383743,-60292.81640625,,0,0,106,0,917,18.716858,int-list-views-typed-sorted,1067468,4.772055,1864,153.8857421875,12.805159,36.24694
median,1,fragments,189.74268799999845,4107.151453,-16135,1048576,,41320,0,98,55.790605,-59417.3115234375,,0,0,100,0,923,19.292335,int-list-views-typed-sorted,1069004,4.849037,1840,153.255859375,13.226307000000002,35.97045
median,1,fragments,189.74268799999845,4161.411362000001,-16135,1048576,,35940,0,99,54.259909,-54187.6865234375,,0,0,94,0,929,19.675868,int-list-views-typed-sorted,1070472,4.957274,1866,154.8037109375,13.489553,34.103811
median,1,fragments,189.74268799999845,4215.195353000001,-16040,1048576,,35705,0,100,53.783991,-53981.1591796875,,0,0,88,0,935,18.525674,int-list-views-typed-sorted,1071832,5.043556,1879,153.98828125,12.318219,34.811152
median,1,fragments,189.74268799999845,4267.9981210000005,-16040,1048576,,39436,0,101,52.802768,-57532.2744140625,,0,0,104,0,919,17.997346,int-list-views-typed-sorted,1072372,5.009694,1873,155.349609375,11.861266,34.367314
median,1,fragments,189.74268799999845,4322.349864000001,-16040,1048576,,47668,0,102,54.351743,-65387.3095703125,,0,0,82,0,941,18.130871,int-list-views-typed-sorted,1073276,5.058719,1877,156.6865234375,11.969420999999999,35.767582
median,1,fragments,189.74268799999845,4376.094894000001,-15800,1048576,,34381,0,103,53.74503,-52621.99609375,,0,0,105,0,918,19.012445,int-list-views-typed-sorted,1073640,5.155531,1864,157.396484375,12.738555999999999,34.283743
median,1,fragments,189.74268799999845,4433.169097000001,-15800,1048576,,26381,0,104,57.074203,-44575.1015625,,0,0,102,0,921,19.526231,int-list-views-typed-sorted,1073884,5.011287,1876,159.0576171875,13.319544999999998,37.010102
median,1,fragments,189.74268799999845,4490.034482000001,-15800,1048576,,37205,0,105,56.865385,-54949.9150390625,,0,0,107,0,916,19.326429,int-list-views-typed-sorted,1075336,5.141884,1884,160.12890625,13.026664000000002,37.071138
median,1,fragments,189.74268799999845,4547.772256000001,-15554,1048576,,33097,0,106,57.737774,-51012.6123046875,,0,0,88,0,935,18.892129,int-list-views-typed-sorted,1076516,5.051668,1874,166.7001953125,12.710452,38.416392
median,1,fragments,189.74268799999845,4604.805656000001,-15554,1048576,,41336,0,107,57.0334,-58431.8310546875,,0,0,83,0,940,19.336856,int-list-views-typed-sorted,1078940,5.216749,1896,171.900390625,12.987792000000002,37.253029
median,1,fragments,189.74268799999845,4665.408732000002,-15554,1048576,,37737,0,108,60.603076,-54961.7578125,,0,0,93,0,930,20.123577,int-list-views-typed-sorted,1080384,5.404562,1887,174.1943359375,13.509671,40.019433
median,1,fragments,189.74268799999845,4722.973699000002,-15554,1048576,,38565,0,109,57.564967,-55754.56640625,,0,0,97,0,926,19.170642,int-list-views-typed-sorted,1082872,5.263409,1869,175.716796875,12.672941000000002,37.943528
median,1,fragments,189.74268799999845,4782.084207000002,-15358,1048576,,40213,0,110,59.110508,-57410.03515625,,0,0,93,0,930,19.16338,int-list-views-typed-sorted,1084680,5.335993,1899,175.443359375,12.616505,39.489719
median,1,fragments,189.74268799999845,4843.171615000002,-15358,1048576,,36148,0,111,61.087408,-53540.4638671875,,0,0,104,0,919,19.792458,int-list-views-typed-sorted,1086876,5.327914,1869,179.154296875,13.236059999999998,40.840536
median,1,fragments,189.74268799999845,4903.801234000002,-15358,1048576,,27287,0,112,60.629619,-44723.5703125,,0,0,113,0,910,20.146865,int-list-views-typed-sorted,1090196,5.217579,1869,181.01171875,13.694921999999998,40.03178
median,1,fragments,189.74268799999845,4965.109356000003,-15358,1048576,,34310,0,113,61.308122,-51212.98046875,,0,0,111,0,912,19.782472,int-list-views-typed-sorted,1091648,5.27622,1871,181.396484375,13.241944999999998,41.081154
median,1,fragments,189.74268799999845,5027.765022000002,-15358,1048576,,36880,0,114,62.655666,-53504.619140625,,0,0,109,0,914,20.31002,int-list-views-typed-sorted,1092388,5.581192,1849,181.2236328125,13.506266000000002,41.889529
median,1,fragments,189.74268799999845,5091.071336000003,-15291,1048576,,29610,0,115,63.306314,-46609.3291015625,,0,0,96,0,927,20.953903,int-list-views-typed-sorted,1093576,5.673051,1865,184.2236328125,14.024201000000001,41.905307
median,1,fragments,189.74268799999845,5152.954274000002,-15249,1048576,,34162,0,116,61.882938,-51159.525390625,,0,0,108,0,915,21.823533,int-list-views-typed-sorted,1094404,5.952547,1860,182.4765625,14.595727000000002,39.608349
median,1,fragments,189.74268799999845,5213.756565000002,-15249,1048576,,27031,0,117,60.802291,-44291.96875,,0,0,109,0,914,20.189282,int-list-views-typed-sorted,1094588,5.420233,1905,185.0419921875,13.409291999999999,40.156865
median,1,fragments,189.74268799999845,5278.042509000003,-15249,1048576,,33679,0,118,64.285944,-50613.193359375,,0,0,103,0,920,21.346495,int-list-views-typed-sorted,1096256,6.130791,1880,184.1953125,13.927049,42.468985
median,1,fragments,189.74268799999845,5341.375279000003,-15249,1048576,,47534,0,119,63.33277,-63657.013671875,,0,0,88,0,935,20.844928,int-list-views-typed-sorted,1098208,5.915108,1886,179.5888671875,13.696682999999998,41.999752
median,1,fragments,189.74268799999845,5403.623849000002,-15142,1048576,,41666,0,120,62.24857,-58237.7158203125,,0,0,106,0,917,20.910255,int-list-views-typed-sorted,1098448,6.071375,1876,175.97265625,13.606580999999998,40.874607
median,1,fragments,189.74268799999845,5464.869864000002,-15142,1048576,,38526,0,121,61.246015,-55212.2998046875,,0,0,102,0,921,21.005709,int-list-views-typed-sorted,1098644,6.346104,1867,173.90625,13.366055,39.779344
median,1,fragments,189.74268799999845,5525.574327000002,-15142,1048576,,41193,0,122,60.704463,-57566.130859375,,0,0,110,0,913,20.96685,int-list-views-typed-sorted,1098756,6.406816,1825,172.6259765625,13.300093,39.28035
median,1,fragments,189.74268799999845,5584.390204000002,-15142,1048576,,45931,0,123,58.815877,-61940.998046875,,0,0,97,0,926,20.69982,int-list-views-typed-sorted,1098836,6.946822,1855,170.4345703125,12.533034999999998,37.650708
median,1,fragments,189.74268799999845,5643.224714000002,-14837,1048576,,39577,0,124,58.83451,-55576.0322265625,,0,0,94,0,929,20.884359,int-list-views-typed-sorted,1098948,7.514607,1874,168.02734375,12.139949,37.475756
median,1,fragments,189.74268799999845,5703.906690000002,-14837,1048576,,29832,0,125,60.681976,-46379.9404296875,,0,0,112,0,911,22.627132,int-list-views-typed-sorted,1099016,8.216422,1849,166.9658203125,13.099663999999999,37.598545
median,1,fragments,189.74268799999845,5767.413260000001,-14837,1048576,,29624,0,126,63.50657,-46028.146484375,,0,0,97,0,926,23.03519,int-list-views-typed-sorted,1099100,8.567974,1854,169.29296875,13.137784000000002,39.987494
median,1,fragments,189.74268799999845,5832.782118000001,-14837,1048576,,37984,0,127,65.368858,-53930.6982421875,,0,0,102,0,921,24.473297,int-list-views-typed-sorted,1099268,9.255487,1875,168.3515625,13.834357999999998,40.36912
median,2,native,140.6830090000015,331.6748750000015,-31025,1048576,1199,275609,0,0,190.991866,-304667.439453125,0,0,0,120,0,,,,,,,,,
median,2,native,140.6830090000015,508.5142560000015,-28478,1048576,1185,97847,0,1,176.839381,-135069.443359375,2,0,0,146,0,,,,,,,,,
median,2,native,140.6830090000015,796.1226160000015,-28478,1048576,1175,25075,0,2,287.60836,-62842.26953125,0,0,0,144,0,,,,,,,,,
median,2,native,140.6830090000015,986.7627560000014,-28478,1048576,1205,19309,0,3,190.64014,-54418.04296875,0,0,0,100,0,,,,,,,,,
median,2,native,140.6830090000015,1190.2715430000014,-28478,1048576,1200,12199,0,4,203.508787,-48149.087890625,2,0,0,145,0,,,,,,,,,
median,2,native,140.6830090000015,1406.7308420000013,-28478,1048576,1199,12180,0,5,216.459299,-47020.9541015625,4,0,0,129,0,,,,,,,,,
median,2,native,140.6830090000015,1620.0305620000013,-28478,1048576,1221,16132,0,6,213.29972,-49765.1943359375,2,0,0,113,0,,,,,,,,,
median,2,native,140.6830090000015,1818.0977060000014,-28478,1048576,1208,19871,0,7,198.067144,-52952.7021484375,0,0,0,134,0,,,,,,,,,
median,2,native,140.6830090000015,2015.9489450000015,-28478,1048576,1183,34306,0,8,197.851239,-66854.6142578125,2,0,0,134,0,,,,,,,,,
median,2,native,140.6830090000015,2207.3889780000013,-25831,1048576,1211,36633,0,9,191.440033,-69222.42578125,4,0,0,108,0,,,,,,,,,
median,2,native,140.6830090000015,2390.844069000001,-25133,1048576,1226,40197,0,10,183.455091,-71073.767578125,4,0,0,100,0,,,,,,,,,
median,2,native,140.6830090000015,2580.488701000001,-25133,1048576,1219,48194,0,11,189.644632,-78822.9228515625,4,0,0,109,0,,,,,,,,,
median,2,native,140.6830090000015,2776.274549000001,-25133,1048576,1222,36795,0,12,195.785848,-67186.75390625,8,0,0,104,0,,,,,,,,,
median,2,native,140.6830090000015,2976.101023000001,-25133,1048576,1252,48348,0,13,199.826474,-77252.7978515625,0,0,0,72,0,,,,,,,,,
median,2,native,140.6830090000015,3181.575436000001,-25133,1048576,1240,48420,0,14,205.474413,-77302.3544921875,4,0,0,110,0,,,,,,,,,
median,2,native,140.6830090000015,3390.119094000001,-25038,1048576,1239,53016,0,15,208.543658,-81200.5224609375,0,0,0,82,0,,,,,,,,,
median,2,native,140.6830090000015,3613.090295000001,-24943,1048576,1254,55794,0,16,222.971201,-83085.482421875,0,0,0,89,0,,,,,,,,,
median,2,native,140.6830090000015,3839.150555000001,-24943,1048576,1252,70333,0,17,226.06026,-96639.95703125,0,0,0,99,0,,,,,,,,,
median,2,native,140.6830090000015,4079.218955000001,-24825,1048576,1251,63275,0,18,240.0684,-89656.6728515625,0,0,0,93,0,,,,,,,,,
median,2,native,140.6830090000015,4326.495527000001,-24825,1048576,1237,48075,0,19,247.276572,-75963.22265625,2,0,0,89,0,,,,,,,,,
median,2,native,140.6830090000015,4582.289357000001,-24467,1048576,1214,41776,0,20,255.79383,-68789.2353515625,0,0,0,119,0,,,,,,,,,
median,2,native,140.6830090000015,4854.9541420000005,-24467,1048576,1244,40621,0,21,272.664785,-67227.16015625,2,0,0,104,0,,,,,,,,,
median,2,native,140.6830090000015,5143.641448,-23885,1048576,1250,36221,0,22,288.687306,-62197.1572265625,0,0,0,81,0,,,,,,,,,
median,2,native,140.6830090000015,5441.947950000001,-23885,1048576,1230,27394,0,23,298.306502,-53767.99609375,0,0,0,90,0,,,,,,,,,
median,2,native,140.6830090000015,5736.934974000001,-23885,1048576,1228,27841,0,24,294.987024,-53146.3671875,0,0,0,105,0,,,,,,,,,
median,2,native,140.6830090000015,6039.582168000001,-23885,1048576,1239,24815,0,25,302.647194,-49922.4970703125,2,0,0,89,0,,,,,,,,,
median,2,native,140.6830090000015,6346.093303000001,-23789,1048576,1253,23192,0,26,306.511135,-48115.001953125,0,0,0,100,0,,,,,,,,,
median,2,native,140.6830090000015,6652.635932,-23789,1048576,1231,34872,0,27,306.542629,-59048.916015625,0,0,0,104,0,,,,,,,,,
median,2,native,140.6830090000015,6966.381728,-22288,1048576,1238,26233,0,28,313.745796,-50744.6025390625,2,0,0,80,0,,,,,,,,,
median,2,native,140.6830090000015,7274.8548820000005,-22288,1048576,1223,26119,0,29,308.473154,-50540.7001953125,0,0,0,93,0,,,,,,,,,
median,2,native,140.6830090000015,7587.449442000001,-22288,1048576,1258,23083,0,30,312.59456,-47787.263671875,0,0,0,89,0,,,,,,,,,
median,2,native,140.6830090000015,7921.451899000001,-22288,1048576,1246,26054,0,31,334.002457,-50434.60546875,0,0,0,84,0,,,,,,,,,
median,2,fragments,198.4433570000001,234.1046360000001,-31025,1048576,,275609,0,0,35.661279,-304667.439453125,,0,0,121,0,902,14.116539,int-list-views-typed-sorted-direct-root-window-unboxed-bound-add,1009932,3.32056,2333,59.447265625,9.735709,20.815718
median,2,fragments,198.4433570000001,258.9221900000001,-30492,1048576,,83578,0,1,24.817554,-120794.259765625,,0,0,205,0,818,11.265596,int-list-views-typed-sorted-direct-root-window-unboxed-bound-add,1010336,2.133401,2065,54.9208984375,8.319945,13.132731
median,2,fragments,198.4433570000001,282.47916500000014,-30492,1048576,,28899,0,2,23.556975,-67909.505859375,,0,0,238,0,785,10.895291,int-list-views-typed-sorted-direct-root-window-unboxed-bound-add,1010620,2.168547,1875,63.4287109375,7.935892000000001,12.301514
median,2,fragments,198.4433570000001,305.7345750000001,-30492,1048576,,20333,0,3,23.25541,-56244.427734375,,0,0,284,0,739,11.311183,int-list-views-typed-sorted-direct-root-window-unboxed-bound-add,1010856,2.193266,1795,68.87109375,8.310763999999999,11.601864
median,2,fragments,198.4433570000001,329.83092900000014,-30492,1048576,,42109,0,4,24.096354,-77283.1025390625,,0,0,268,0,755,11.456187,int-list-views-typed-sorted-direct-root-window-unboxed-bound-add,1011220,2.220521,1755,71.6259765625,8.374398,12.300685
median,2,fragments,198.4433570000001,355.94870600000013,-30492,1048576,,30257,0,5,26.117777,-66161.353515625,,0,0,241,0,782,11.669087,int-list-views-typed-sorted-direct-root-window-unboxed-bound-add,1011396,2.188149,1714,71.8974609375,8.604379999999999,14.103898
median,2,fragments,198.4433570000001,383.11528400000014,-30492,1048576,,29076,0,6,27.166578,-63263.24609375,,0,0,226,0,797,12.520281,int-list-views-typed-sorted-direct-root-window-unboxed-bound-add,1011492,2.200326,1711,71.517578125,9.439006000000001,14.305596
median,2,fragments,198.4433570000001,410.5226440000001,-30492,1048576,,34584,0,7,27.40736,-67461.345703125,,0,0,209,0,814,12.583024,int-list-views-typed-sorted-direct-root-window-unboxed-bound-add,1011656,2.178446,1727,69.6533203125,9.565066999999999,14.475681
median,2,fragments,198.4433570000001,437.6792600000001,-29187,1048576,,29510,0,8,27.156616,-62727.623046875,,0,0,186,0,837,12.312554,int-list-views-typed-sorted-direct-root-window-unboxed-bound-add,1011728,2.179667,1742,69.90234375,9.258868,14.487518
median,2,fragments,198.4433570000001,464.6427840000001,-29187,1048576,,31816,0,9,26.963524,-65253.5498046875,,0,0,184,0,839,12.445554,int-list-views-typed-sorted-direct-root-window-unboxed-bound-add,1011832,2.268388,1772,70.6181640625,9.333153,14.164733
median,2,fragments,198.4433570000001,492.3757830000001,-29187,1048576,,17688,0,10,27.732999,-51639.630859375,,0,0,170,0,853,12.117588,int-list-views-typed-sorted-direct-root-window-unboxed-bound-add,1012012,2.230786,1777,70.025390625,8.971944,15.263692
median,2,fragments,198.4433570000001,520.5036380000001,-29187,1048576,,31301,0,11,28.127855,-64317.5673828125,,0,0,168,0,855,12.403039,int-list-views-typed-sorted-direct-root-window-unboxed-bound-add,1012140,2.241015,1791,69.671875,9.318915,15.371884
median,2,fragments,198.4433570000001,548.8816770000001,-29187,1048576,,28173,0,12,28.378039,-59259.876953125,,0,0,163,0,860,12.328044,int-list-views-typed-sorted-direct-root-window-unboxed-bound-add,1012480,2.261493,1790,72.9267578125,9.227966,15.661176
median,2,fragments,198.4433570000001,577.7629810000001,-29187,1048576,,21054,0,13,28.881304,-52783.212890625,,0,0,172,0,851,12.385119,int-list-views-typed-sorted-direct-root-window-unboxed-bound-add,1012716,2.214464,1787,78.9873046875,9.331337999999999,16.122492
median,2,fragments,198.4433570000001,607.4365200000001,-29187,1048576,,37435,0,14,29.673539,-68914.6416015625,,0,0,169,0,854,12.580704,int-list-views-typed-sorted-direct-root-window-unboxed-bound-add,1012976,2.203905,1806,81.2744140625,9.524156999999999,16.72895
median,2,fragments,198.4433570000001,638.128806,-29187,1048576,,27653,0,15,30.692286,-59830.6689453125,,0,0,128,0,895,12.717246,int-list-views-typed-sorted-direct-root-window-unboxed-bound-add,1013680,2.240588,1843,85.697265625,9.617935,17.596569
median,2,fragments,198.4433570000001,669.2683800000001,-29187,1048576,,41197,0,16,31.139574,-70327.6005859375,,0,0,134,0,889,12.823009,int-list-views-typed-sorted-direct-root-window-unboxed-bound-add,1014188,2.229445,1854,92.5634765625,9.729413000000001,17.935095
median,2,fragments,198.4433570000001,702.0834140000001,-29082,1048576,,68418,0,17,32.815034,-97205.6796875,,0,0,124,0,899,13.637209,int-list-views-typed-sorted-direct-root-window-unboxed-bound-add,1015476,2.229258,1865,94.6884765625,10.533809,18.787115
median,2,fragments,198.4433570000001,736.278223,-25900,1048576,,83541,0,18,34.194809,-110685.580078125,,0,0,116,0,907,13.297432,int-list-views-typed-sorted-direct-root-window-unboxed-bound-add,1016676,2.16523,1903,95.6806640625,10.263380000000002,20.407113
median,2,fragments,198.4433570000001,770.580808,-25900,1048576,,91811,0,19,34.302585,-119366.4951171875,,0,0,109,0,914,14.060428,int-list-views-typed-sorted-direct-root-window-unboxed-bound-add,1018168,2.196237,1894,97.126953125,10.985648000000001,19.852175
median,2,fragments,198.4433570000001,804.896029,-25900,1048576,,101301,0,20,34.315221,-126717.5712890625,,0,0,122,0,901,12.66356,int-list-views-typed-sorted-direct-root-window-unboxed-bound-add,1019244,2.169837,1867,98.494140625,9.617149000000001,21.196628
median,2,fragments,198.4433570000001,840.353881,-25900,1048576,,103060,0,21,35.457852,-128718.162109375,,0,0,132,0,891,13.424029,int-list-views-typed-sorted-direct-root-window-unboxed-bound-add,1019692,2.26362,1846,98.4306640625,10.280640000000002,21.629561
median,2,fragments,198.4433570000001,875.079001,-25900,1048576,,88786,0,22,34.72512,-114230.265625,,0,0,115,0,908,13.331056,int-list-views-typed-sorted-direct-root-window-unboxed-bound-add,1020132,2.226889,1886,97.470703125,10.183531,20.958604
median,2,fragments,198.4433570000001,909.843589,-25900,1048576,,101396,0,23,34.764588,-126220.41796875,,0,0,109,0,914,13.155787,int-list-views-typed-sorted-direct-root-window-unboxed-bound-add,1020640,2.210054,1924,97.3974609375,10.028513,21.206153
median,2,fragments,198.4433570000001,946.4957539999999,-25900,1048576,,104468,0,24,36.652165,-129151.46875,,0,0,116,0,907,13.424009,int-list-views-typed-sorted-direct-root-window-unboxed-bound-add,1021272,2.174768,1922,98.6328125,10.339419,22.837285
median,2,fragments,198.4433570000001,984.3021859999999,-25900,1048576,,80459,0,25,37.806432,-106976.634765625,,0,0,106,0,917,12.781654,int-list-views-typed-sorted-direct-root-window-unboxed-bound-add,1022340,2.249313,1900,99.419921875,9.658624,24.600493
median,2,fragments,198.4433570000001,1020.9834149999999,-24897,1048576,,113978,0,26,36.681229,-137907.5654296875,,0,0,101,0,922,13.639293,int-list-views-typed-sorted-direct-root-window-unboxed-bound-add,1023116,2.250832,1918,100.4228515625,10.448177,22.581869
median,2,fragments,198.4433570000001,1058.559527,-24897,1048576,,95725,0,27,37.576112,-120337.6298828125,,0,0,98,0,925,13.544008,int-list-views-typed-sorted-direct-root-window-unboxed-bound-add,1023468,2.254024,1878,100.2138671875,10.319291999999999,23.527884
median,2,fragments,198.4433570000001,1094.1962099999998,-23799,1048576,,88851,0,28,35.636683,-114881.298828125,,0,0,100,0,923,13.404214,int-list-views-typed-sorted-direct-root-window-unboxed-bound-add,1023808,2.259052,1925,100.0869140625,10.259861999999998,21.808621
median,2,fragments,198.4433570000001,1129.4069819999997,-23799,1048576,,94740,0,29,35.210772,-119755.1904296875,,0,0,122,0,901,12.87017,int-list-views-typed-sorted-direct-root-window-unboxed-bound-add,1024332,2.254025,1904,101.314453125,9.706453,21.91747
median,2,fragments,198.4433570000001,1165.3673569999996,-23799,1048576,,100054,0,30,35.960375,-125163.4765625,,0,0,87,0,936,13.307993,int-list-views-typed-sorted-direct-root-window-unboxed-bound-add,1024812,2.308769,1910,100.314453125,10.108291000000001,22.233465
median,2,fragments,198.4433570000001,1200.7932939999996,-23799,1048576,,89767,0,31,35.425937,-114060.6728515625,,0,0,93,0,930,13.171233,int-list-views-typed-sorted-direct-root-window-unboxed-bound-add,1025268,2.300644,1909,99.5205078125,9.954186000000002,21.832855
median,2,fragments,198.4433570000001,1234.9496429999997,-23432,1048576,,88053,0,32,34.156349,-112735.7060546875,,0,0,114,0,909,13.160499,int-list-views-typed-sorted-direct-root-window-unboxed-bound-add,1025532,2.368956,1867,99.046875,9.872236,20.586326
median,2,fragments,198.4433570000001,1270.3274199999996,-17267,1048576,,90899,0,33,35.377777,-114547.1142578125,,0,0,121,0,902,12.91775,int-list-views-typed-sorted-direct-root-window-unboxed-bound-add,1025936,2.355707,1875,100.1142578125,9.624493,22.049621
median,2,fragments,198.4433570000001,1305.1308889999996,-17267,1048576,,96906,0,34,34.803469,-119465.3662109375,,0,0,112,0,911,12.991809,int-list-views-typed-sorted-direct-root-window-unboxed-bound-add,1026212,2.31076,1879,101.8447265625,9.798713000000001,21.389598
median,2,fragments,198.4433570000001,1342.1896599999995,-17267,1048576,,102034,0,35,37.058771,-124370.4326171875,,0,0,105,0,918,14.234399,int-list-views-typed-sorted-direct-root-window-unboxed-bound-add,1026512,2.318215,1898,104.4794921875,10.978861,22.422818
median,2,fragments,198.4433570000001,1379.3036909999996,-17267,1048576,,116053,0,36,37.114031,-138466.189453125,,0,0,94,0,929,13.631824,int-list-views-typed-sorted-direct-root-window-unboxed-bound-add,1027040,2.364807,1885,107.896484375,10.306071,23.062808
median,2,fragments,198.4433570000001,1416.9414889999996,-17267,1048576,,99946,0,37,37.637798,-122020.611328125,,0,0,109,0,914,13.870443,int-list-views-typed-sorted-direct-root-window-unboxed-bound-add,1027604,2.266472,1907,109.1298828125,10.593537999999999,23.340898
median,2,fragments,198.4433570000001,1453.8682849999996,-17267,1048576,,112928,0,38,36.926796,-133873.7275390625,,0,0,91,0,932,13.761305,int-list-views-typed-sorted-direct-root-window-unboxed-bound-add,1028780,2.319826,1918,114.2314453125,10.530522,22.755661
median,2,fragments,198.4433570000001,1493.4096829999996,-17267,1048576,,103656,0,39,39.541398,-124726.658203125,,0,0,98,0,925,14.479018,int-list-views-typed-sorted-direct-root-window-unboxed-bound-add,1030000,2.334552,1894,114.560546875,11.17905,24.549827
median,2,fragments,198.4433570000001,1531.7699609999997,-17267,1048576,,108647,0,40,38.360278,-129222.462890625,,0,0,91,0,932,13.577265,int-list-views-typed-sorted-direct-root-window-unboxed-bound-add,1030720,2.352298,1905,116.4638671875,10.290284,24.353167
median,2,fragments,198.4433570000001,1569.8680869999998,-17267,1048576,,102150,0,41,38.098126,-122540.5234375,,0,0,97,0,926,13.388309,int-list-views-typed-sorted-direct-root-window-unboxed-bound-add,1032476,2.326209,1882,119.626953125,10.153766,24.261545
median,2,fragments,198.4433570000001,1609.6703839999998,-17267,1048576,,106384,0,42,39.802297,-126130.9091796875,,0,0,91,0,932,14.201792,int-list-views-typed-sorted-direct-root-window-unboxed-bound-add,1033624,2.413566,1904,119.935546875,10.806427,25.166725
median,2,fragments,198.4433570000001,1649.1033249999998,-17267,1048576,,112499,0,43,39.432941,-131632.2998046875,,0,0,92,0,931,14.011239,int-list-views-typed-sorted-direct-root-window-unboxed-bound-add,1034844,2.380256,1900,124.244140625,10.687967999999998,24.832713
median,2,fragments,198.4433570000001,1691.3798439999998,-17267,1048576,,97412,0,44,42.276519,-116663.3076171875,,0,0,100,0,923,14.113216,int-list-views-typed-sorted-direct-root-window-unboxed-bound-add,1037920,2.428273,1861,129.6181640625,10.692415,27.738069
median,2,fragments,198.4433570000001,1736.1662419999998,-17267,1048576,,94753,0,45,44.786398,-113345.8369140625,,0,0,90,0,933,14.323514,int-list-views-typed-sorted-direct-root-window-unboxed-bound-add,1040452,2.440439,1853,131.86328125,10.828164999999998,30.025576
median,2,fragments,198.4433570000001,1783.0875849999998,-17267,1048576,,120635,0,46,46.921343,-137149.8359375,,0,0,95,0,928,16.982626,int-list-views-typed-sorted-direct-root-window-unboxed-bound-add,1044036,2.466235,1871,134.1220703125,13.224411,29.486933
median,2,fragments,198.4433570000001,1830.3184739999997,-17267,1048576,,96705,0,47,47.230889,-113967.20703125,,0,0,87,0,936,15.786749,int-list-views-typed-sorted-direct-root-window-unboxed-bound-add,1046884,2.483838,1878,136.0302734375,12.168544,30.874765
median,2,fragments,198.4433570000001,1877.1158959999998,-17267,1048576,,86588,0,48,46.797422,-103351.94140625,,0,0,73,0,950,16.611766,int-list-views-typed-sorted-direct-root-window-unboxed-bound-add,1049764,2.500355,1910,136.021484375,12.897718,29.742646
median,2,fragments,198.4433570000001,1924.00977,-17267,1048576,,90113,0,49,46.893874,-106265.5712890625,,0,0,92,0,931,15.767868,int-list-views-typed-sorted-direct-root-window-unboxed-bound-add,1050896,2.492482,1871,139.9228515625,12.144298,30.684785
median,2,fragments,198.4433570000001,1968.998969,-17267,1048576,,127807,0,50,44.989199,-142776.18359375,,0,0,102,0,921,15.351137,int-list-views-typed-sorted-direct-root-window-unboxed-bound-add,1051872,2.479456,1879,137.2978515625,11.696825,29.183907
median,2,fragments,198.4433570000001,2014.93265,-17267,1048576,,101393,0,51,45.933681,-116919.4453125,,0,0,82,0,941,15.183795,int-list-views-typed-sorted-direct-root-window-unboxed-bound-add,1053204,2.538712,1909,138.7001953125,11.536912000000001,30.258897
median,2,fragments,198.4433570000001,2061.454363,-17267,1048576,,102542,0,52,46.521713,-118252.0810546875,,0,0,109,0,914,15.672049,int-list-views-typed-sorted-direct-root-window-unboxed-bound-add,1055832,2.480542,1919,139.294921875,12.020415,30.416442
median,2,fragments,198.4433570000001,2106.492432,-17267,1048576,,103107,0,53,45.038069,-118604.3916015625,,0,0,85,0,938,15.182462,int-list-views-typed-sorted-direct-root-window-unboxed-bound-add,1057168,2.50612,1927,139.6298828125,11.559507,29.389986
median,2,fragments,198.4433570000001,2152.0670020000002,-17267,1048576,,103620,0,54,45.57457,-118885.0244140625,,0,0,93,0,930,15.085944,int-list-views-typed-sorted-direct-root-window-unboxed-bound-add,1058212,2.578166,1975,142.0419921875,11.391834999999999,30.013374
median,2,fragments,198.4433570000001,2198.9165080000002,-17267,1048576,,108688,0,55,46.849506,-123788.1845703125,,0,0,89,0,934,15.644295,int-list-views-typed-sorted-direct-root-window-unboxed-bound-add,1059824,2.517897,1969,143.87890625,12.015263000000001,30.766252
median,2,fragments,198.4433570000001,2247.4300770000004,-17223,1048576,,103830,0,56,48.513569,-119140.353515625,,0,0,86,0,937,16.156275,int-list-views-typed-sorted-direct-root-window-unboxed-bound-add,1060764,2.453859,1993,142.0966796875,12.430278000000001,31.789921
median,2,fragments,198.4433570000001,2295.8318020000006,-17223,1048576,,125865,0,57,48.401725,-140560.7939453125,,0,0,95,0,928,16.9063,int-list-views-typed-sorted-direct-root-window-unboxed-bound-add,1060992,2.508901,1994,140.669921875,13.205881000000002,31.046853
median,2,fragments,198.4433570000001,2345.9791530000007,-17223,1048576,,112987,0,58,50.147351,-128082.240234375,,0,0,106,0,917,16.100051,int-list-views-typed-sorted-direct-root-window-unboxed-bound-add,1061660,2.478414,1951,141.3935546875,12.367295,33.493355
median,2,fragments,198.4433570000001,2394.4443700000006,-17223,1048576,,97750,0,59,48.465217,-113599.3759765625,,0,0,88,0,935,17.309205,int-list-views-typed-sorted-direct-root-window-unboxed-bound-add,1062548,2.51079,1954,147.3359375,13.632561999999997,30.682691
median,2,fragments,198.4433570000001,2441.7868490000005,-17223,1048576,,111202,0,60,47.342479,-126074.6904296875,,0,0,108,0,915,15.817277,int-list-views-typed-sorted-direct-root-window-unboxed-bound-add,1064356,2.547781,1952,150.1044921875,12.123282000000001,31.088655
median,2,fragments,198.4433570000001,2489.5039530000004,-17223,1048576,,97633,0,61,47.717104,-112976.650390625,,0,0,82,0,941,15.347328,int-list-views-typed-sorted-direct-root-window-unboxed-bound-add,1066412,2.482942,1984,153.44921875,11.746602,31.91145
median,2,fragments,198.4433570000001,2542.690543,-17223,1048576,,95646,0,62,53.18659,-111221.9208984375,,0,0,98,0,925,20.364617,int-list-views-typed-sorted,1068552,7.010718,1952,157.6123046875,12.16875,32.355968
median,2,fragments,198.4433570000001,2591.749173,-17223,1048576,,108993,0,63,49.05863,-123653.140625,,0,0,97,0,926,16.064971,int-list-views-typed-sorted-direct-root-window-unboxed-bound-add,1070036,2.534095,1952,157.1416015625,12.370532,32.469328
median,2,fragments,198.4433570000001,2640.6133240000004,-17210,1048576,,93184,0,64,48.864151,-108922.19140625,,0,0,86,0,937,16.041357,int-list-views-typed-sorted-direct-root-window-unboxed-bound-add,1071436,2.543531,1968,156.0478515625,12.358245,32.34375
median,2,fragments,198.4433570000001,2690.0207430000005,-17210,1048576,,112381,0,65,49.407419,-126939.9736328125,,0,0,107,0,916,16.534195,int-list-views-typed-sorted-direct-root-window-unboxed-bound-add,1072148,2.561709,1953,154.072265625,12.839327,32.29683
median,2,fragments,198.4433570000001,2740.0726680000007,-17210,1048576,,84896,0,66,50.051925,-100960.537109375,,0,0,95,0,928,15.745547,int-list-views-typed-sorted-direct-root-window-unboxed-bound-add,1072988,2.528614,1931,154.158203125,12.068278,33.769527
median,2,fragments,198.4433570000001,2790.8752480000007,-17210,1048576,,78962,0,67,50.80258,-94709.1904296875,,0,0,113,0,910,15.799331,int-list-views-typed-sorted-direct-root-window-unboxed-bound-add,1073672,2.64436,1930,152.78125,11.957505000000001,34.539832
median,2,fragments,198.4433570000001,2840.8538040000008,-17210,1048576,,99763,0,68,49.978556,-115637.078125,,0,0,101,0,922,15.846579,int-list-views-typed-sorted-direct-root-window-unboxed-bound-add,1074016,2.621865,1929,154.48828125,12.064435,33.66163
median,2,fragments,198.4433570000001,2892.8274850000007,-17210,1048576,,92309,0,69,51.973681,-108398.2587890625,,0,0,128,0,895,18.294854,int-list-views-typed-sorted,1074400,4.490596,1893,150.83203125,12.68927,33.22353
median,2,fragments,198.4433570000001,2943.3707970000005,-17210,1048576,,77043,0,70,50.543312,-92678.0244140625,,0,0,111,0,912,18.158889,int-list-views-typed-sorted,1074632,4.618263,1870,152.2421875,12.438454999999998,31.934812
median,2,fragments,198.4433570000001,2994.1297190000005,-17210,1048576,,62400,0,71,50.758922,-78707.966796875,,0,0,105,0,918,17.701117,int-list-views-typed-sorted,1074728,4.753404,1876,150.861328125,11.809954999999999,32.579463
median,2,fragments,198.4433570000001,3045.3918000000003,-17210,1048576,,65464,0,72,51.262081,-81587.6982421875,,0,0,85,0,938,17.402257,int-list-views-typed-sorted,1074884,4.579722,1926,150.0830078125,11.667015999999998,33.385404
median,2,fragments,198.4433570000001,3096.607468,-17210,1048576,,73861,0,73,51.215668,-89409.4814453125,,0,0,126,0,897,17.665425,int-list-views-typed-sorted,1075076,4.60464,1903,147.1279296875,11.943932,32.929929
median,2,fragments,198.4433570000001,3148.121297,-17210,1048576,,72673,0,74,51.513829,-88516.0537109375,,0,0,112,0,911,18.080596,int-list-views-typed-sorted,1075140,4.672502,1905,146.4072265625,12.208002,32.986104
median,2,fragments,198.4433570000001,3198.708758,-17210,1048576,,70061,0,75,50.587461,-88128.87109375,,0,0,91,0,932,18.287814,int-list-views-typed-sorted,1075196,4.67197,1930,142.7568359375,12.491470000000001,31.835025
median,2,fragments,198.4433570000001,3249.545747,-17210,1048576,,74088,0,76,50.836989,-90461.10546875,,0,0,115,0,908,18.085021,int-list-views-typed-sorted,1075228,4.80523,1903,141.7021484375,12.100950000000001,32.303999
median,2,fragments,198.4433570000001,3300.190549,-17210,1048576,,52633,0,77,50.644802,-69498.572265625,,0,0,116,0,907,18.068004,int-list-views-typed-sorted,1075576,4.759587,1905,137.978515625,12.181698999999998,32.11522
median,2,fragments,198.4433570000001,3349.692399,-17210,1048576,,55531,0,78,49.50185,-72891.21484375,,0,0,105,0,918,17.916933,int-list-views-typed-sorted,1075880,4.849603,1901,138.75390625,11.916985,31.128974
median,2,fragments,198.4433570000001,3398.9019200000002,-17210,1048576,,63783,0,79,49.209521,-80196.8359375,,0,0,121,0,902,17.824457,int-list-views-typed-sorted,1075960,4.561279,1881,139.4580078125,12.106632,30.936404
median,2,fragments,198.4433570000001,3446.000668,-17210,1048576,,77340,0,80,47.098748,-92476.88671875,,0,0,135,0,888,17.763708,int-list-views-typed-sorted,1076032,4.648183,1887,137.7685546875,11.981172,28.83267
median,2,fragments,198.4433570000001,3494.868012,-17210,1048576,,57147,0,81,48.867344,-73238.1162109375,,0,0,119,0,904,17.449804,int-list-views-typed-sorted,1076100,4.835536,1950,140.8251953125,11.524160000000002,30.96082
median,2,fragments,198.4433570000001,3544.564547,-17210,1048576,,57630,0,82,49.696535,-74332.544921875,,0,0,117,0,906,18.634599,int-list-views-typed-sorted,1076128,4.707296,1931,140.6953125,12.78811,30.612064
median,2,fragments,198.4433570000001,3592.696985,-17173,1048576,,57153,0,83,48.132438,-74251.7509765625,,0,0,102,0,921,18.110713,int-list-views-typed-sorted,1076140,5.03807,2003,144.18359375,11.801417,29.489062
median,2,fragments,198.4433570000001,3642.228703,-17173,1048576,,62234,0,84,49.531718,-78487.76953125,,0,0,116,0,907,18.51589,int-list-views-typed-sorted,1076224,4.898591,1989,148.146484375,12.426789,30.555587
median,2,fragments,198.4433570000001,3692.0750310000003,-17173,1048576,,62069,0,85,49.846328,-78569.955078125,,0,0,117,0,906,18.113754,int-list-views-typed-sorted,1076260,4.875543,1981,151.5263671875,12.061858,31.289673
median,2,fragments,198.4433570000001,3745.1197130000005,-17173,1048576,,67120,0,86,53.044682,-82705.8525390625,,0,0,113,0,910,19.009676,int-list-views-typed-sorted,1077596,5.002147,1989,152.1513671875,12.774255,33.422552
median,2,fragments,198.4433570000001,3796.3341360000004,-17173,1048576,,77435,0,87,51.214423,-93439.416015625,,0,0,114,0,909,18.480873,int-list-views-typed-sorted,1078312,4.708386,2000,155.0224609375,12.639458999999999,32.26472
median,2,fragments,198.4433570000001,3849.2674540000003,-17173,1048576,,85576,0,88,52.933318,-100492.1513671875,,0,0,88,0,935,18.910405,int-list-views-typed-sorted,1078696,4.953842,2019,157.5927734375,12.775367000000001,33.572796
median,2,fragments,198.4433570000001,3902.295109,-17173,1048576,,69077,0,89,53.027655,-86280.875,,0,0,111,0,912,19.116062,int-list-views-typed-sorted,1079184,5.104706,2007,159.794921875,12.843798999999999,33.439631
median,2,fragments,198.4433570000001,3954.3415010000003,-17173,1048576,,58074,0,90,52.046392,-74115.7587890625,,0,0,124,0,899,18.604369,int-list-views-typed-sorted,1080740,4.949645,2008,161.87109375,12.421446999999997,32.974735
median,2,fragments,198.4433570000001,4011.6852030000005,-17173,1048576,,60185,0,91,57.343702,-75850.6796875,,0,0,109,0,914,19.441506,int-list-views-typed-sorted,1082880,5.232539,1993,165.208984375,13.065996,37.397806
median,2,fragments,198.4433570000001,4068.9109270000004,-17173,1048576,,73143,0,92,57.225724,-88224.03125,,0,0,116,0,907,20.806138,int-list-views-typed-sorted,1083536,5.372521,2021,164.6748046875,14.195117,35.948214
median,2,fragments,198.4433570000001,4123.538711,-16994,1048576,,62818,0,93,54.627784,-79366.0185546875,,0,0,102,0,921,18.666903,int-list-views-typed-sorted,1084384,4.919365,1998,163.1025390625,12.618257000000002,35.50116
median,2,fragments,198.4433570000001,4177.164132,-16994,1048576,,66538,0,94,53.625421,-81957.6201171875,,0,0,116,0,907,19.192884,int-list-views-typed-sorted,1085024,5.433504,1977,162.2734375,12.638373,33.974473
median,2,fragments,198.4433570000001,4230.949446,-16943,1048576,,53427,0,95,53.785314,-69641.541015625,,0,0,111,0,912,18.896754,int-list-views-typed-sorted,1085508,5.254412,2004,160.8818359375,12.480407,34.391437
median,2,fragments,198.4433570000001,4285.6084949999995,-16943,1048576,,82215,0,96,54.659049,-98008.8388671875,,0,0,122,0,901,18.715212,int-list-views-typed-sorted,1086212,5.356441,1956,159.8115234375,12.229191,35.416315
median,2,fragments,198.4433570000001,4340.152268,-16943,1048576,,78009,0,97,54.543773,-93066.8203125,,0,0,123,0,900,19.307377,int-list-views-typed-sorted,1086316,5.18899,1963,154.181640625,12.944230999999998,34.713499
median,2,fragments,198.4433570000001,4396.2553419999995,-16890,1048576,,62516,0,98,56.103074,-78477.19140625,,0,0,104,0,919,19.765888,int-list-views-typed-sorted,1086416,5.148342,1933,149.443359375,13.379636,35.897945
median,2,fragments,198.4433570000001,4450.062814999999,-16878,1048576,,94820,0,99,53.807473,-109283.13671875,,0,0,97,0,926,19.274733,int-list-views-typed-sorted,1086864,5.008072,1920,143.4765625,13.120923000000001,34.041287
median,2,fragments,198.4433570000001,4501.038884999999,-16878,1048576,,92752,0,100,50.97607,-107735.0009765625,,0,0,112,0,911,18.417119,int-list-views-typed-sorted,1086932,4.906459,1913,140.6611328125,12.404761,32.077285
median,2,fragments,198.4433570000001,4552.305944999999,-16878,1048576,,95899,0,101,51.26706,-110510.1650390625,,0,0,110,0,913,18.358567,int-list-views-typed-sorted,1086940,4.891055,1901,139.9384765625,12.368685,32.467922
median,2,fragments,198.4433570000001,4602.459571999999,-16878,1048576,,92798,0,102,50.153627,-107789.4658203125,,0,0,97,0,926,18.080028,int-list-views-typed-sorted,1087404,4.682396,1873,140.2666015625,12.273789999999998,31.63088
median,2,fragments,198.4433570000001,4652.221359999999,-16642,1048576,,112185,0,103,49.761788,-126604.4384765625,,0,0,105,0,918,17.594086,int-list-views-typed-sorted,1087520,4.710794,1893,140.603515625,11.776685,31.69992
median,2,fragments,198.4433570000001,4702.313021999998,-16642,1048576,,101114,0,104,50.091662,-115792.298828125,,0,0,121,0,902,18.010206,int-list-views-typed-sorted,1087732,4.48591,1879,141.388671875,12.428224,31.600432
median,2,fragments,198.4433570000001,4750.835783999998,-16642,1048576,,78789,0,105,48.522762,-94467.7412109375,,0,0,126,0,897,18.13264,int-list-views-typed-sorted,1088340,4.81178,1859,141.4345703125,12.183523999999998,29.967162
median,2,fragments,198.4433570000001,4800.1754839999985,-16642,1048576,,73964,0,106,49.3397,-89462.935546875,,0,0,102,0,921,17.39745,int-list-views-typed-sorted,1088572,4.640552,1864,143.5263671875,11.656517,31.446393
median,2,fragments,198.4433570000001,4850.015537999999,-16642,1048576,,79824,0,107,49.840054,-94965.1669921875,,0,0,125,0,898,17.881523,int-list-views-typed-sorted,1088596,4.65848,1848,145.861328125,12.101273000000003,31.524609
median,2,fragments,198.4433570000001,4900.088558999999,-16642,1048576,,91713,0,108,50.073021,-106535.7802734375,,0,0,126,0,897,17.653324,int-list-views-typed-sorted,1088712,4.601624,1834,145.6337890625,11.943370000000002,31.990077
median,2,fragments,198.4433570000001,4949.545166999999,-16630,1048576,,101866,0,109,49.456608,-116327.8115234375,,0,0,114,0,909,17.475986,int-list-views-typed-sorted,1088904,4.55431,1859,146.119140625,11.813182999999999,31.54503
median,2,fragments,198.4433570000001,5001.586885,-16630,1048576,,86466,0,110,52.041718,-101389.4775390625,,0,0,122,0,901,18.009723,int-list-views-typed-sorted,1088904,4.602299,1881,150.5419921875,12.170862000000001,33.590627
median,2,fragments,198.4433570000001,5055.426066,-16630,1048576,,102424,0,111,53.839181,-117868.5234375,,0,0,137,0,886,19.482896,int-list-views-typed-sorted,1088928,4.537924,1818,153.353515625,13.741883000000001,33.935635
median,2,fragments,198.4433570000001,5109.867302,-16630,1048576,,90207,0,112,54.441236,-105297.375,,0,0,132,0,891,19.182208,int-list-views-typed-sorted,1088968,4.821979,1842,164.6181640625,13.131125,34.83857
median,2,fragments,198.4433570000001,5163.751676,-16570,1048576,,72346,0,113,53.884374,-87646.6591796875,,0,0,128,0,895,19.31092,int-list-views-typed-sorted,1089868,4.602495,1873,178.365234375,13.545569,34.163534
median,2,fragments,198.4433570000001,5219.526296999999,-16570,1048576,,73739,0,114,55.774621,-88988.4072265625,,0,0,124,0,899,18.99106,int-list-views-typed-sorted,1091432,4.819808,1854,193.1318359375,13.022016,36.30599
median,2,fragments,198.4433570000001,5280.214086999999,-16570,1048576,,64278,0,115,60.68779,-79347.8173828125,,0,0,104,0,919,19.728501,int-list-views-typed-sorted,1094424,5.002148,1892,203.322265625,13.475086000000001,40.50882
median,2,fragments,198.4433570000001,5345.666098999999,-15932,1048576,,53545,0,116,65.452012,-69057.90625,,0,0,117,0,906,21.450896,int-list-views-typed-sorted,1099188,5.0133,1897,211.72265625,15.01837,43.553325
median,2,fragments,198.4433570000001,5409.217499999999,-15932,1048576,,61806,0,117,63.551401,-76738.974609375,,0,0,129,0,894,21.343177,int-list-views-typed-sorted,1104012,5.035409,1922,213.697265625,14.901784000000001,41.682623
median,2,fragments,198.4433570000001,5473.299836999999,-15932,1048576,,57593,0,118,64.082337,-72595.876953125,,0,0,115,0,908,20.428494,int-list-views-typed-sorted,1106884,4.977188,1946,211.8125,14.080481,43.201651
median,2,fragments,198.4433570000001,5538.362919999999,-15932,1048576,,63789,0,119,65.063083,-79222.2919921875,,0,0,107,0,916,20.544658,int-list-views-typed-sorted,1109732,4.937536,1956,208.2939453125,14.279060999999999,44.046525
median,2,fragments,198.4433570000001,5604.680347999999,-15932,1048576,,53202,0,120,66.317428,-68456.5908203125,,0,0,106,0,917,20.695597,int-list-views-typed-sorted,1112012,4.958463,1940,204.69921875,14.426426,45.158552
median,2,fragments,198.4433570000001,5669.517975999999,-15932,1048576,,75689,0,121,64.837628,-90355.9580078125,,0,0,113,0,910,21.219573,int-list-views-typed-sorted,1113132,4.84042,1924,201.2216796875,15.03555,42.993566
median,2,fragments,198.4433570000001,5733.234869999999,-15928,1048576,,74758,0,122,63.716894,-89553.931640625,,0,0,101,0,922,20.59905,int-list-views-typed-sorted,1114040,4.929612,1927,201.9345703125,14.453972999999998,42.649623
median,2,fragments,198.4433570000001,5796.401744999999,-15928,1048576,,72720,0,123,63.166875,-87351.4951171875,,0,0,115,0,908,19.88459,int-list-views-typed-sorted,1114516,4.849063,1862,198.3291015625,13.796795999999999,42.817671
median,2,fragments,198.4433570000001,5858.837638999999,-15928,1048576,,95267,0,124,62.435894,-109236.82421875,,0,0,102,0,921,19.543917,int-list-views-typed-sorted,1114800,4.880525,1880,198.552734375,13.451245,42.420478
median,2,fragments,198.4433570000001,5921.793551999999,-15902,1048576,,83579,0,125,62.955913,-98161.1474609375,,0,0,127,0,896,19.567645,int-list-views-typed-sorted,1115044,4.796099,1818,198.28515625,13.545538,42.924078
median,2,fragments,198.4433570000001,5983.076525999999,-15902,1048576,,69774,0,126,61.282974,-84818.7529296875,,0,0,102,0,921,19.716293,int-list-views-typed-sorted,1115232,5.059522,1882,196.2041015625,13.472665000000001,41.06987
median,2,fragments,198.4433570000001,6045.832397999999,-15902,1048576,,59626,0,127,62.755872,-74706.7001953125,,0,0,123,0,900,19.523348,int-list-views-typed-sorted,1115300,4.927227,1846,192.794921875,13.372126,42.779219
