task,seed,mode,cold_charged_ms,prefix_ms,best,cases,changed,errors,fallbacks,generation,generation_ms,mean,operator_fallbacks,rejected,timeouts,unchanged,unscored,changed_final_offspring,eval_ms,host_rss_kb,kernel_ms,live_fragments,mean_nodes,pack_ms,repro_ms
sum_of_elements,0,native,144.39636700001148,384.37956400001144,0,1048576,1140,318332,0,0,239.983197,-873309.2548828125,0,0,0,180,0,,,,,,,,
sum_of_elements,0,native,144.39636700001148,604.6943490000115,0,1048576,1148,110954,0,1,220.314785,-824009.6015625,0,0,0,177,0,,,,,,,,
sum_of_elements,0,native,144.39636700001148,823.3590300000114,0,1048576,1188,29687,0,2,218.664681,-796204.822265625,0,0,0,169,0,,,,,,,,
sum_of_elements,0,native,144.39636700001148,1031.5246960000113,0,1048576,1177,22616,0,3,208.165666,-789019.7060546875,0,0,0,129,0,,,,,,,,
sum_of_elements,0,native,144.39636700001148,1243.0099480000113,0,1048576,1210,18640,0,4,211.485252,-770578.7509765625,0,0,0,136,0,,,,,,,,
sum_of_elements,0,native,144.39636700001148,1447.8606620000112,0,1048576,1190,17597,0,5,204.850714,-759979.513671875,0,0,0,133,0,,,,,,,,
sum_of_elements,0,native,144.39636700001148,1648.070393000011,0,1048576,1234,14150,0,6,200.209731,-742506.1240234375,0,0,0,115,0,,,,,,,,
sum_of_elements,0,native,144.39636700001148,1855.2067890000112,0,1048576,1222,16608,0,7,207.136396,-717642.48828125,2,0,0,116,0,,,,,,,,
sum_of_elements,0,native,144.39636700001148,2065.5668710000114,0,1048576,1218,13502,0,8,210.360082,-694738.599609375,4,0,0,107,0,,,,,,,,
sum_of_elements,0,native,144.39636700001148,2278.8237900000113,0,1048576,1225,27850,0,9,213.256919,-669412.0537109375,2,0,0,101,0,,,,,,,,
sum_of_elements,0,native,144.39636700001148,2492.227364000011,0,1048576,1201,23547,0,10,213.403574,-639548.1083984375,4,0,0,108,0,,,,,,,,
sum_of_elements,0,native,144.39636700001148,2714.843917000011,0,1048576,1236,24564,0,11,222.616553,-607289.4189453125,4,0,0,100,0,,,,,,,,
sum_of_elements,0,native,144.39636700001148,2942.075650000011,0,1048576,1235,32968,0,12,227.231733,-563443.2626953125,6,0,0,116,0,,,,,,,,
sum_of_elements,0,native,144.39636700001148,3170.512395000011,0,1048576,1200,30710,0,13,228.436745,-514765.4638671875,12,0,0,129,0,,,,,,,,
sum_of_elements,0,native,144.39636700001148,3416.924493000011,0,1048576,1205,25409,0,14,246.412098,-434995.4697265625,16,0,0,114,0,,,,,,,,
sum_of_elements,0,native,144.39636700001148,3663.381682000011,0,1048576,1196,39919,0,15,246.457189,-385158.376953125,14,0,0,119,0,,,,,,,,
sum_of_elements,0,native,144.39636700001148,3948.804007000011,0,1048576,1182,36751,0,16,285.422325,-311610.5703125,28,0,0,149,0,,,,,,,,
sum_of_elements,0,native,144.39636700001148,4207.746505000011,0,1048576,1226,29682,0,17,258.942498,-266355.4677734375,12,0,0,108,0,,,,,,,,
sum_of_elements,0,native,144.39636700001148,4490.849552000011,0,1048576,1194,37774,0,18,283.103047,-239506.9228515625,28,0,0,133,0,,,,,,,,
sum_of_elements,0,native,144.39636700001148,4759.882672000011,0,1048576,1215,35830,0,19,269.03312,-220302.7734375,32,0,0,117,0,,,,,,,,
sum_of_elements,0,native,144.39636700001148,5032.28145000001,0,1048576,1169,23540,0,20,272.398778,-198986.2861328125,44,0,0,168,0,,,,,,,,
sum_of_elements,0,native,144.39636700001148,5319.235339000011,0,1048576,1188,33687,0,21,286.953889,-181579.8427734375,34,0,0,159,0,,,,,,,,
sum_of_elements,0,native,144.39636700001148,5609.163096000011,0,1048576,1203,34797,0,22,289.927757,-180200.162109375,18,0,0,106,0,,,,,,,,
sum_of_elements,0,native,144.39636700001148,5907.7009990000115,0,1048576,1173,24562,0,23,298.537903,-173582.8330078125,38,0,0,166,0,,,,,,,,
sum_of_elements,0,native,144.39636700001148,6221.266897000011,0,1048576,1172,21370,0,24,313.565898,-146007.615234375,42,0,0,172,0,,,,,,,,
sum_of_elements,0,native,144.39636700001148,6539.610153000011,0,1048576,1159,23544,0,25,318.343256,-140795.2568359375,32,0,0,155,0,,,,,,,,
sum_of_elements,0,native,144.39636700001148,6866.7261720000115,0,1048576,1190,20463,0,26,327.116019,-119238.6142578125,20,0,0,121,0,,,,,,,,
sum_of_elements,0,native,144.39636700001148,7195.369493000011,0,1048576,1214,24548,0,27,328.643321,-131827.724609375,14,0,0,111,0,,,,,,,,
sum_of_elements,0,native,144.39636700001148,7528.179081000011,0,1048576,1191,15348,0,28,332.809588,-131490.69140625,12,0,0,127,0,,,,,,,,
sum_of_elements,0,native,144.39636700001148,7906.658709000011,0,1048576,1187,18428,0,29,378.479628,-106238.087890625,22,0,0,138,0,,,,,,,,
sum_of_elements,0,native,144.39636700001148,8289.00318600001,0,1048576,1178,18307,0,30,382.344477,-115973.7109375,22,0,0,149,0,,,,,,,,
sum_of_elements,0,native,144.39636700001148,8690.934153000011,0,1048576,1189,30591,0,31,401.930967,-106477.5732421875,20,0,0,121,0,,,,,,,,
sum_of_elements,0,native,144.39636700001148,9101.821400000012,0,1048576,1210,23423,0,32,410.887247,-101944.265625,34,0,0,132,0,,,,,,,,
sum_of_elements,0,native,144.39636700001148,9519.133341000012,0,1048576,1198,15354,0,33,417.311941,-90185.8037109375,24,0,0,134,0,,,,,,,,
sum_of_elements,0,native,144.39636700001148,9946.275743000011,0,1048576,1194,11258,0,34,427.142402,-72327.326171875,24,0,0,136,0,,,,,,,,
sum_of_elements,0,native,144.39636700001148,10381.79472500001,0,1048576,1195,22515,0,35,435.518982,-87480.76171875,28,0,0,131,0,,,,,,,,
sum_of_elements,0,native,144.39636700001148,10818.652516000011,0,1048576,1209,7163,0,36,436.857791,-89915.3095703125,10,0,0,121,0,,,,,,,,
sum_of_elements,0,native,144.39636700001148,11273.67413700001,0,1048576,1266,13308,0,37,455.021621,-78812.07421875,12,0,0,92,0,,,,,,,,
sum_of_elements,0,native,144.39636700001148,11727.747663000011,0,1048576,1203,10693,0,38,454.073526,-73282.501953125,26,0,0,124,0,,,,,,,,
sum_of_elements,0,native,144.39636700001148,12182.63490100001,0,1048576,1163,17651,0,39,454.887238,-78499.939453125,24,0,0,144,0,,,,,,,,
sum_of_elements,0,native,144.39636700001148,12647.43821800001,0,1048576,1195,16382,0,40,464.803317,-84132.181640625,18,0,0,133,0,,,,,,,,
sum_of_elements,0,native,144.39636700001148,13144.92002500001,0,1048576,1214,18424,0,41,497.481807,-84737.2587890625,26,0,0,133,0,,,,,,,,
sum_of_elements,0,native,144.39636700001148,13654.43920600001,0,1048576,1203,10446,0,42,509.519181,-64431.931640625,20,0,0,144,0,,,,,,,,
sum_of_elements,0,native,144.39636700001148,14180.72381900001,0,1048576,1212,9212,0,43,526.284613,-63430.6005859375,20,0,0,124,0,,,,,,,,
sum_of_elements,0,native,144.39636700001148,14712.06359400001,0,1048576,1195,10230,0,44,531.339775,-58074.6767578125,20,0,0,123,0,,,,,,,,
sum_of_elements,0,native,144.39636700001148,15264.381840000011,0,1048576,1218,8184,0,45,552.318246,-64537.275390625,22,0,0,106,0,,,,,,,,
sum_of_elements,0,native,144.39636700001148,15832.997423000012,0,1048576,1202,10823,0,46,568.615583,-56067.4716796875,20,0,0,124,0,,,,,,,,
sum_of_elements,0,native,144.39636700001148,16415.184154000013,0,1048576,1244,14330,0,47,582.186731,-64206.341796875,12,0,0,108,0,,,,,,,,
sum_of_elements,0,native,144.39636700001148,16995.990719000012,0,1048576,1185,5116,0,48,580.806565,-47639.4326171875,28,0,0,138,0,,,,,,,,
sum_of_elements,0,native,144.39636700001148,17603.875148000014,0,1048576,1191,9212,0,49,607.884429,-53706.2841796875,12,0,0,157,0,,,,,,,,
sum_of_elements,0,native,144.39636700001148,18214.464731000015,0,1048576,1180,8189,0,50,610.589583,-47478.5009765625,20,0,0,151,0,,,,,,,,
sum_of_elements,0,native,144.39636700001148,18835.161651000013,0,1048576,1222,9212,0,51,620.69692,-56323.66015625,20,0,0,130,0,,,,,,,,
sum_of_elements,0,native,144.39636700001148,19470.089336000012,0,1048576,1193,7168,0,52,634.927685,-51495.392578125,10,0,0,118,0,,,,,,,,
sum_of_elements,0,native,144.39636700001148,20122.44556200001,0,1048576,1176,4094,0,53,652.356226,-41605.3955078125,14,0,0,132,0,,,,,,,,
sum_of_elements,0,native,144.39636700001148,20783.45596100001,0,1048576,1194,4094,0,54,661.010399,-44758.5166015625,14,0,0,129,0,,,,,,,,
sum_of_elements,0,native,144.39636700001148,21449.20511000001,0,1048576,1188,4094,0,55,665.749149,-30525.8466796875,2,0,0,113,0,,,,,,,,
sum_of_elements,0,native,144.39636700001148,22130.29273300001,0,1048576,1202,3070,0,56,681.087623,-35955.919921875,6,0,0,119,0,,,,,,,,
sum_of_elements,0,native,144.39636700001148,22819.41450000001,0,1048576,1243,8184,0,57,689.121767,-43996.4169921875,16,0,0,108,0,,,,,,,,
sum_of_elements,0,native,144.39636700001148,23501.36744300001,0,1048576,1201,5120,0,58,681.952943,-25067.625,6,0,0,143,0,,,,,,,,
sum_of_elements,0,native,144.39636700001148,24207.46263200001,0,1048576,1223,7166,0,59,706.095189,-32112.28515625,14,0,0,127,0,,,,,,,,
sum_of_elements,0,native,144.39636700001148,24917.64240200001,0,1048576,1204,4302,0,60,710.17977,-31534.91015625,8,0,0,108,0,,,,,,,,
sum_of_elements,0,native,144.39636700001148,25672.29832300001,0,1048576,1248,3282,0,61,754.655921,-29481.2138671875,8,0,0,84,0,,,,,,,,
sum_of_elements,0,native,144.39636700001148,26421.35812000001,0,1048576,1215,11262,0,62,749.059797,-40502.7548828125,6,0,0,117,0,,,,,,,,
sum_of_elements,0,native,144.39636700001148,27159.64148200001,0,1048576,1211,4092,0,63,738.283362,-27846.396484375,4,0,0,120,0,,,,,,,,
sum_of_elements,0,native,144.39636700001148,27995.87567900001,0,1048576,1243,4096,0,64,836.234197,-28825.2109375,4,0,0,113,0,,,,,,,,
sum_of_elements,0,native,144.39636700001148,28788.40310300001,0,1048576,1250,10208,0,65,792.527424,-28681.2373046875,4,0,0,96,0,,,,,,,,
sum_of_elements,0,native,144.39636700001148,29595.43826300001,0,1048576,1215,2048,0,66,807.03516,-37264.875,6,0,0,105,0,,,,,,,,
sum_of_elements,0,native,144.39636700001148,30389.236409000012,0,1048576,1221,5120,0,67,793.798146,-26687.5830078125,4,0,0,124,0,,,,,,,,
sum_of_elements,0,native,144.39636700001148,31177.72719700001,0,1048576,1195,7168,0,68,788.490788,-30156.1220703125,6,0,0,126,0,,,,,,,,
sum_of_elements,0,native,144.39636700001148,31983.31169600001,0,1048576,1193,5116,0,69,805.584499,-31923.455078125,12,0,0,117,0,,,,,,,,
sum_of_elements,0,native,144.39636700001148,32806.28952100001,0,1048576,1232,4094,0,70,822.977825,-32831.82421875,0,0,0,110,0,,,,,,,,
sum_of_elements,0,native,144.39636700001148,33672.629968000016,0,1048576,1225,2044,0,71,866.340447,-18083.42578125,0,0,0,112,0,,,,,,,,
sum_of_elements,0,native,144.39636700001148,34506.39967900002,0,1048576,1222,1024,0,72,833.769711,-18800.1875,0,0,0,116,0,,,,,,,,
sum_of_elements,0,native,144.39636700001148,35354.42868000002,0,1048576,1225,6142,0,73,848.029001,-27001.201171875,6,0,0,122,0,,,,,,,,
sum_of_elements,0,native,144.39636700001148,36195.69546500002,0,1048576,1180,2046,0,74,841.266785,-25646.701171875,2,0,0,135,0,,,,,,,,
sum_of_elements,0,native,144.39636700001148,37024.51833000002,0,1048576,1204,4096,0,75,828.822865,-20162.853515625,4,0,0,134,0,,,,,,,,
sum_of_elements,0,native,144.39636700001148,37872.25598400002,0,1048576,1213,6144,0,76,847.737654,-27151.3466796875,0,0,0,133,0,,,,,,,,
sum_of_elements,0,native,144.39636700001148,38743.99313400002,0,1048576,1240,2046,0,77,871.73715,-21451.0224609375,4,0,0,115,0,,,,,,,,
sum_of_elements,0,native,144.39636700001148,39653.569165000015,0,1048576,1241,9148,0,78,909.576031,-19186.58203125,2,0,0,107,0,,,,,,,,
sum_of_elements,0,native,144.39636700001148,40565.549452000014,0,1048576,1242,3072,0,79,911.980287,-33346.412109375,6,0,0,106,0,,,,,,,,
sum_of_elements,0,native,144.39636700001148,41447.554224000014,0,1048576,1239,4091,0,80,882.004772,-26152.2998046875,14,0,0,124,0,,,,,,,,
sum_of_elements,0,native,144.39636700001148,42326.805949000016,0,1048576,1206,5120,0,81,879.251725,-28098.01953125,6,0,0,126,0,,,,,,,,
sum_of_elements,0,native,144.39636700001148,43184.52201600002,0,1048576,1198,9208,0,82,857.716067,-29755.0908203125,8,0,0,112,0,,,,,,,,
sum_of_elements,0,native,144.39636700001148,44040.125152000015,0,1048576,1206,4096,0,83,855.603136,-27077.994140625,4,0,0,132,0,,,,,,,,
sum_of_elements,0,native,144.39636700001148,44923.22059300001,0,1048576,1219,7168,0,84,883.095441,-28625.8662109375,2,0,0,129,0,,,,,,,,
sum_of_elements,0,native,144.39636700001148,45831.81894500001,0,1048576,1179,7162,0,85,908.598352,-22986.9482421875,4,0,0,135,0,,,,,,,,
sum_of_elements,0,native,144.39636700001148,46711.98466100002,0,1048576,1173,6144,0,86,880.165716,-25239.58984375,4,0,0,138,0,,,,,,,,
sum_of_elements,0,native,144.39636700001148,47615.074234000014,0,1048576,1212,7166,0,87,903.089573,-26325.6767578125,6,0,0,123,0,,,,,,,,
sum_of_elements,0,native,144.39636700001148,48553.640179000016,0,1048576,1196,2048,0,88,938.565945,-19359.130859375,2,0,0,110,0,,,,,,,,
sum_of_elements,0,native,144.39636700001148,49483.96669500002,0,1048576,1213,3072,0,89,930.326516,-21252.2080078125,2,0,0,117,0,,,,,,,,
sum_of_elements,0,native,144.39636700001148,50419.817463000014,0,1048576,1207,3072,0,90,935.850768,-17257.857421875,4,0,0,125,0,,,,,,,,
sum_of_elements,0,native,144.39636700001148,51365.39145300001,0,1048576,1238,0,0,91,945.57399,-18265.421875,4,0,0,106,0,,,,,,,,
sum_of_elements,0,native,144.39636700001148,52297.03116000001,0,1048576,1203,3072,0,92,931.639707,-22047.3984375,4,0,0,104,0,,,,,,,,
sum_of_elements,0,native,144.39636700001148,53218.88507700001,0,1048576,1198,0,0,93,921.853917,-16951.2197265625,2,0,0,128,0,,,,,,,,
sum_of_elements,0,native,144.39636700001148,54142.44678100001,0,1048576,1196,5120,0,94,923.561704,-20771.865234375,6,0,0,125,0,,,,,,,,
sum_of_elements,0,native,144.39636700001148,55051.64818200001,0,1048576,1199,6142,0,95,909.201401,-21488.1259765625,0,0,0,121,0,,,,,,,,
sum_of_elements,0,native,144.39636700001148,56036.94997400001,0,1048576,1222,2048,0,96,985.301792,-17094.4609375,4,0,0,119,0,,,,,,,,
sum_of_elements,0,native,144.39636700001148,57016.21465100001,0,1048576,1214,1024,0,97,979.264677,-17453.501953125,2,0,0,121,0,,,,,,,,
sum_of_elements,0,native,144.39636700001148,57967.97212400001,0,1048576,1254,1024,0,98,951.757473,-14357.431640625,2,0,0,107,0,,,,,,,,
sum_of_elements,0,native,144.39636700001148,59002.112873000005,0,1048576,1263,3072,0,99,1034.140749,-17034.8671875,4,0,0,86,0,,,,,,,,
sum_of_elements,0,native,144.39636700001148,59975.23472300001,0,1048576,1214,5118,0,100,973.12185,-21378.2646484375,2,0,0,121,0,,,,,,,,
sum_of_elements,0,native,144.39636700001148,60947.06638100001,0,1048576,1231,4096,0,101,971.831658,-23239.3408203125,0,0,0,116,0,,,,,,,,
sum_of_elements,0,native,144.39636700001148,61965.16593700001,0,1048576,1231,5120,0,102,1018.099556,-21206.5029296875,2,0,0,111,0,,,,,,,,
sum_of_elements,0,native,144.39636700001148,62998.05150900001,0,1048576,1224,2044,0,103,1032.885572,-18140.001953125,0,0,0,114,0,,,,,,,,
sum_of_elements,0,native,144.39636700001148,63991.035613000015,0,1048576,1193,3068,0,104,992.984104,-18726.6533203125,4,0,0,119,0,,,,,,,,
sum_of_elements,0,native,144.39636700001148,64997.639141000014,0,1048576,1191,2046,0,105,1006.603528,-22988.4501953125,2,0,0,120,0,,,,,,,,
sum_of_elements,0,native,144.39636700001148,66047.46687500001,0,1048576,1239,2046,0,106,1049.827734,-18205.31640625,2,0,0,127,0,,,,,,,,
sum_of_elements,0,native,144.39636700001148,67117.74772200001,0,1048576,1222,3072,0,107,1070.280847,-21505.5087890625,4,0,0,108,0,,,,,,,,
sum_of_elements,0,native,144.39636700001148,68142.02004000002,0,1048576,1201,2048,0,108,1024.272318,-22659.6396484375,4,0,0,118,0,,,,,,,,
sum_of_elements,0,native,144.39636700001148,69187.27627900001,0,1048576,1215,5118,0,109,1045.256239,-21374.384765625,4,0,0,122,0,,,,,,,,
sum_of_elements,0,native,144.39636700001148,70260.50361200001,0,1048576,1205,2258,0,110,1073.227333,-16521.5908203125,4,0,0,127,0,,,,,,,,
sum_of_elements,0,native,144.39636700001148,71321.81701200001,0,1048576,1216,2048,0,111,1061.3134,-17101.1923828125,4,0,0,115,0,,,,,,,,
sum_of_elements,0,native,144.39636700001148,72373.39981400002,0,1048576,1211,1024,0,112,1051.582802,-15334.4091796875,6,0,0,116,0,,,,,,,,
sum_of_elements,0,native,144.39636700001148,73426.80775700002,0,1048576,1220,6136,0,113,1053.407943,-14115.42578125,6,0,0,121,0,,,,,,,,
sum_of_elements,0,native,144.39636700001148,74484.05304400001,0,1048576,1216,3070,0,114,1057.245287,-11254.8388671875,4,0,0,97,0,,,,,,,,
sum_of_elements,0,native,144.39636700001148,75529.54551700002,0,1048576,1228,3070,0,115,1045.492473,-18944.037109375,0,0,0,113,0,,,,,,,,
sum_of_elements,0,native,144.39636700001148,76628.24066200003,0,1048576,1236,3072,0,116,1098.695145,-15900.595703125,4,0,0,121,0,,,,,,,,
sum_of_elements,0,native,144.39636700001148,77723.02265200003,0,1048576,1226,1024,0,117,1094.78199,-18540.01171875,0,0,0,100,0,,,,,,,,
sum_of_elements,0,native,144.39636700001148,78806.49823700002,0,1048576,1219,1024,0,118,1083.475585,-16646.7412109375,0,0,0,122,0,,,,,,,,
sum_of_elements,0,native,144.39636700001148,79957.75938600002,0,1048576,1236,2048,0,119,1151.261149,-16347.6904296875,0,0,0,126,0,,,,,,,,
sum_of_elements,0,native,144.39636700001148,81101.96029700001,0,1048576,1206,4094,0,120,1144.200911,-20185.0869140625,2,0,0,110,0,,,,,,,,
sum_of_elements,0,native,144.39636700001148,82264.252531,0,1048576,1189,2048,0,121,1162.292234,-22279.5380859375,0,0,0,132,0,,,,,,,,
sum_of_elements,0,native,144.39636700001148,83475.24877600001,0,1048576,1206,1927,0,122,1210.996245,-21303.51953125,2,0,0,131,0,,,,,,,,
sum_of_elements,0,native,144.39636700001148,84600.55706400001,0,1048576,1235,3070,0,123,1125.308288,-13649.365234375,0,0,0,101,0,,,,,,,,
sum_of_elements,0,native,144.39636700001148,85663.58707000001,0,1048576,1209,3072,0,124,1063.030006,-15897.1904296875,4,0,0,130,0,,,,,,,,
sum_of_elements,0,native,144.39636700001148,86714.646332,0,1048576,1215,3072,0,125,1051.059262,-16805.728515625,4,0,0,96,0,,,,,,,,
sum_of_elements,0,native,144.39636700001148,87763.933886,0,1048576,1238,4092,0,126,1049.287554,-18735.34765625,2,0,0,122,0,,,,,,,,
sum_of_elements,0,native,144.39636700001148,88867.840776,0,1048576,1184,0,0,127,1103.90689,-15534.607421875,4,0,0,152,0,,,,,,,,
sum_of_elements,0,fragments,196.2401260000006,295.4066930000006,0,1048576,,318332,0,0,99.166567,-873309.2548828125,,0,0,151,0,872,80.210518,1009772,68.729139,2328,54.0361328125,10.447351999999988,18.135379
sum_of_elements,0,fragments,196.2401260000006,391.0323710000006,0,1048576,,108654,0,1,95.625678,-817769.353515625,,0,0,215,0,808,83.154561,1010072,74.704246,1980,40.1962890625,7.6144979999999975,12.02855
sum_of_elements,0,fragments,196.2401260000006,487.57754400000056,0,1048576,,31671,0,2,96.545173,-789128.8203125,,0,0,246,0,777,87.674219,1010292,79.681433,1877,38.8115234375,7.214733999999988,8.563805
sum_of_elements,0,fragments,196.2401260000006,587.4944440000006,0,1048576,,13508,0,3,99.9169,-773057.4892578125,,0,0,229,0,794,91.044058,1010376,83.143138,1823,36.302734375,7.159512000000005,8.604359
sum_of_elements,0,fragments,196.2401260000006,684.0782780000006,0,1048576,,17391,0,4,96.583834,-756674.01953125,,0,0,222,0,801,87.802406,1010452,80.09397,1791,38.2734375,6.958170000000008,8.494796
sum_of_elements,0,fragments,196.2401260000006,782.7221320000007,0,1048576,,21502,0,5,98.643854,-728976.9443359375,,0,0,229,0,794,89.852858,1010504,82.041218,1787,40.6279296875,7.016963999999991,8.518922
sum_of_elements,0,fragments,196.2401260000006,880.1249480000007,0,1048576,,16384,0,6,97.402816,-704882.90625,,0,0,247,0,776,88.341403,1010516,80.533708,1741,41.9580078125,7.066989000000005,8.732761
sum_of_elements,0,fragments,196.2401260000006,978.1784040000007,0,1048576,,24342,0,7,98.053456,-672290.666015625,,0,0,200,0,823,87.996191,1010556,80.002836,1743,44.212890625,7.258533999999996,9.795548
sum_of_elements,0,fragments,196.2401260000006,1076.0699570000006,0,1048576,,19376,0,8,97.891553,-635633.958984375,,0,0,176,0,847,87.724256,1010584,79.234548,1792,46.1201171875,7.749461999999996,9.830464
sum_of_elements,0,fragments,196.2401260000006,1175.3910350000006,0,1048576,,22660,0,9,99.321078,-616780.6279296875,,0,0,203,0,820,89.033334,1010620,80.60941,1786,47.982421875,7.677499000000003,10.013658
sum_of_elements,0,fragments,196.2401260000006,1275.8195210000006,0,1048576,,29331,0,10,100.428486,-583367.939453125,,0,0,153,0,870,88.412778,1010776,79.952142,1788,51.6318359375,7.655637000000002,11.729292
sum_of_elements,0,fragments,196.2401260000006,1378.2015150000007,0,1048576,,22203,0,11,102.381994,-537288.798828125,,0,0,185,0,838,90.740082,1010888,81.636242,1777,54.8134765625,8.316063000000003,11.348923
sum_of_elements,0,fragments,196.2401260000006,1480.8160830000006,0,1048576,,32166,0,12,102.614568,-482484.736328125,,0,0,154,0,869,90.326263,1010988,81.429139,1788,56.9892578125,8.095511999999996,11.997955
sum_of_elements,0,fragments,196.2401260000006,1582.4428270000005,0,1048576,,30960,0,13,101.626744,-449591.8671875,,0,0,152,0,871,88.996136,1011084,80.08363,1843,59.83203125,8.043809000000008,12.324362
sum_of_elements,0,fragments,196.2401260000006,1685.1934910000004,0,1048576,,40162,0,14,102.750664,-413651.4423828125,,0,0,174,0,849,90.041062,1011356,80.598865,1881,63.0390625,8.632707999999992,12.402031
sum_of_elements,0,fragments,196.2401260000006,1790.0609470000004,0,1048576,,46451,0,15,104.867456,-348240.109375,,0,0,158,0,865,90.303389,1011748,80.941491,1855,65.599609375,8.547515999999998,14.249745
sum_of_elements,0,fragments,196.2401260000006,1899.2275020000004,0,1048576,,39627,0,16,109.166555,-300027.15625,,0,0,171,0,852,94.388709,1011972,84.840807,1808,69.3759765625,8.680132000000008,14.435904
sum_of_elements,0,fragments,196.2401260000006,2010.0397410000005,0,1048576,,29800,0,17,110.812239,-244432.466796875,,0,0,168,0,855,94.424819,1012220,83.922386,1809,72.51171875,9.651880000000002,16.074345
sum_of_elements,0,fragments,196.2401260000006,2121.0223350000006,0,1048576,,67504,0,18,110.982594,-230000.7265625,,0,0,149,0,874,94.76666,1012496,84.317736,1827,73.66796875,9.595246999999999,15.895788
sum_of_elements,0,fragments,196.2401260000006,2235.1814240000003,0,1048576,,45779,0,19,114.159089,-178491.490234375,,0,0,142,0,881,98.767235,1012872,88.637847,1892,77.6865234375,9.270335999999999,15.066203
sum_of_elements,0,fragments,196.2401260000006,2348.7072470000003,0,1048576,,54373,0,20,113.525823,-166655.41015625,,0,0,146,0,877,97.941944,1013180,87.35714,1969,80.7265625,9.687233,15.250742
sum_of_elements,0,fragments,196.2401260000006,2461.882347,0,1048576,,52013,0,21,113.1751,-162986.9072265625,,0,0,128,0,895,96.572622,1013584,86.004061,1994,83.9013671875,9.694163999999994,16.253015
sum_of_elements,0,fragments,196.2401260000006,2577.7503290000004,0,1048576,,67197,0,22,115.867982,-165164.3037109375,,0,0,143,0,880,97.960385,1013924,86.568492,2012,85.0537109375,10.500438,17.434698
sum_of_elements,0,fragments,196.2401260000006,2692.7021730000006,0,1048576,,59518,0,23,114.951844,-132929.54296875,,0,0,121,0,902,97.262558,1014296,86.320328,2048,86.77734375,10.058316999999999,17.241563
sum_of_elements,0,fragments,196.2401260000006,2812.3873330000006,0,1048576,,46864,0,24,119.68516,-137441.1767578125,,0,0,131,0,892,100.735682,1014820,89.709048,2050,89.0107421875,10.09298399999999,18.613006
sum_of_elements,0,fragments,196.2401260000006,2927.8779300000006,0,1048576,,76470,0,25,115.490597,-161824.638671875,,0,0,131,0,892,96.441074,1015276,85.196664,2040,91.013671875,10.369812000000003,18.690558
sum_of_elements,0,fragments,196.2401260000006,3046.2549980000003,0,1048576,,48219,0,26,118.377068,-135503.7763671875,,0,0,111,0,912,100.028185,1015464,88.969058,2057,92.384765625,10.143289999999995,17.965452
sum_of_elements,0,fragments,196.2401260000006,3167.3128440000005,0,1048576,,63943,0,27,121.057846,-130322.353515625,,0,0,116,0,907,101.252085,1015692,90.121843,2081,93.7724609375,10.234125999999993,19.461382
sum_of_elements,0,fragments,196.2401260000006,3287.4738710000006,0,1048576,,61051,0,28,120.161027,-134547.3056640625,,0,0,126,0,897,99.591981,1015944,87.933074,2051,95.8056640625,10.731618000000001,20.211971
sum_of_elements,0,fragments,196.2401260000006,3405.0418410000007,0,1048576,,65409,0,29,117.56797,-118309.6455078125,,0,0,101,0,922,97.545442,1016356,86.210067,2132,95.0234375,10.413032999999995,19.656197
sum_of_elements,0,fragments,196.2401260000006,3527.1403690000006,0,1048576,,59494,0,30,122.098528,-116497.5322265625,,0,0,127,0,896,101.445454,1016476,90.243329,2100,96.4365234375,10.281765999999994,20.279109
sum_of_elements,0,fragments,196.2401260000006,3647.6686660000005,0,1048576,,56933,0,31,120.528297,-121626.4267578125,,0,0,115,0,908,100.456926,1016708,88.809692,2096,98.1025390625,10.75354599999999,19.631468
sum_of_elements,0,fragments,196.2401260000006,3770.0381850000003,0,1048576,,45796,0,32,122.369519,-115742.25390625,,0,0,113,0,910,101.166864,1017172,89.270117,2095,101.0146484375,10.799452000000006,20.819512
sum_of_elements,0,fragments,196.2401260000006,3894.4194180000004,0,1048576,,49702,0,33,124.381233,-104925.9541015625,,0,0,118,0,905,101.835832,1018996,89.79162,2087,104.4306640625,11.140073000000001,22.168959
sum_of_elements,0,fragments,196.2401260000006,4059.0368730000005,0,1048576,,44172,0,34,164.617455,-106029.79296875,,0,0,106,0,917,142.214888,1019932,129.965041,2098,104.654296875,11.164301000000005,22.007159
sum_of_elements,0,fragments,196.2401260000006,4219.309431000001,0,1048576,,43830,0,35,160.272558,-104945.8125,,0,0,108,0,915,136.966431,1020968,124.514135,2108,106.5576171875,11.430617000000007,22.91701
sum_of_elements,0,fragments,196.2401260000006,4350.235745000001,0,1048576,,41937,0,36,130.926314,-102348.85546875,,0,0,114,0,909,107.138009,1022992,94.123048,2116,106.5126953125,11.921635999999996,23.409579
sum_of_elements,0,fragments,196.2401260000006,4481.819732000001,0,1048576,,39389,0,37,131.583987,-96346.0908203125,,0,0,116,0,907,103.838126,1023920,91.133186,2107,107.5146484375,11.597549999999998,27.365344
sum_of_elements,0,fragments,196.2401260000006,4608.884607000001,0,1048576,,50094,0,38,127.064875,-102573.8896484375,,0,0,109,0,914,103.82545,1024788,89.802596,2097,107.9658203125,12.936719000000004,22.831865
sum_of_elements,0,fragments,196.2401260000006,4733.825374000001,0,1048576,,62372,0,39,124.940767,-109320.4775390625,,0,0,99,0,924,99.95176,1025848,87.194214,2076,107.5615234375,11.697912999999993,24.594703
sum_of_elements,0,fragments,196.2401260000006,4860.958038000001,0,1048576,,46833,0,40,127.132664,-102870.3779296875,,0,0,93,0,930,103.753952,1026404,91.339862,2079,111.58203125,11.335927000000003,22.991497
sum_of_elements,0,fragments,196.2401260000006,4987.584783,0,1048576,,49630,0,41,126.626745,-96646.5859375,,0,0,120,0,903,102.973196,1028012,90.707818,2109,115.869140625,11.231591999999996,23.251048
sum_of_elements,0,fragments,196.2401260000006,5117.9834550000005,0,1048576,,41681,0,42,130.398672,-105108.38671875,,0,0,106,0,917,104.924703,1029596,92.766591,2112,117.1240234375,11.106659999999987,25.081261
sum_of_elements,0,fragments,196.2401260000006,5246.758398000001,0,1048576,,45526,0,43,128.774943,-93252.150390625,,0,0,103,0,920,103.017487,1031980,89.966128,2141,121.2490234375,11.982981999999996,25.343072
sum_of_elements,0,fragments,196.2401260000006,5379.101223000001,0,1048576,,43210,0,44,132.342825,-84944.0048828125,,0,0,84,0,939,105.164852,1035764,92.218382,2144,124.06640625,11.86140199999999,26.745065
sum_of_elements,0,fragments,196.2401260000006,5515.626316000001,0,1048576,,32608,0,45,136.525093,-73623.732421875,,0,0,90,0,933,109.529141,1037432,95.883197,2159,125.2060546875,12.537419999999997,26.606917
sum_of_elements,0,fragments,196.2401260000006,5649.115437,0,1048576,,50770,0,46,133.489121,-99870.6806640625,,0,0,125,0,898,105.388212,1038888,91.588083,2136,128.33203125,12.675664999999992,27.666227
sum_of_elements,0,fragments,196.2401260000006,5820.55269,0,1048576,,50777,0,47,171.437253,-86359.7490234375,,0,0,105,0,918,141.743607,1040464,128.485196,2125,130.5595703125,12.122298999999995,29.271523
sum_of_elements,0,fragments,196.2401260000006,5955.763326,0,1048576,,45865,0,48,135.210636,-81650.4521484375,,0,0,94,0,929,106.375762,1042972,91.253278,2135,133.1376953125,13.91429799999999,28.429659
sum_of_elements,0,fragments,196.2401260000006,6120.977354000001,0,1048576,,54078,0,49,165.214028,-100087.1611328125,,0,0,91,0,932,137.115444,1044356,123.544792,2129,135.76953125,12.391668999999993,27.690992
sum_of_elements,0,fragments,196.2401260000006,6287.994914000001,0,1048576,,45317,0,50,167.01756,-83338.91796875,,0,0,116,0,907,137.924935,1046568,124.319588,2139,136.3505859375,12.463857,28.683255
sum_of_elements,0,fragments,196.2401260000006,6457.857259,0,1048576,,49134,0,51,169.862345,-94211.4833984375,,0,0,93,0,930,139.71873,1048916,126.136418,2137,139.9140625,12.41284899999999,29.724373
sum_of_elements,0,fragments,196.2401260000006,6629.618718000001,0,1048576,,46579,0,52,171.761459,-90356.0322265625,,0,0,81,0,942,142.077796,1052864,127.545833,2149,144.0556640625,13.386880000000009,29.284789
sum_of_elements,0,fragments,196.2401260000006,6801.370970000001,0,1048576,,38221,0,53,171.752252,-75796.1845703125,,0,0,87,0,936,139.314377,1056592,125.719501,2137,147.53515625,12.465027000000003,32.029399
sum_of_elements,0,fragments,196.2401260000006,6975.357784000001,0,1048576,,41716,0,54,173.986814,-78035.5380859375,,0,0,108,0,915,142.566329,1059068,127.733305,2161,147.9130859375,13.589936999999983,30.941026
sum_of_elements,0,fragments,196.2401260000006,7150.850541000001,0,1048576,,40018,0,55,175.492757,-80339.1005859375,,0,0,79,0,944,140.472498,1061372,126.597034,2117,150.0888671875,12.732183000000013,34.567529
sum_of_elements,0,fragments,196.2401260000006,7323.2608660000005,0,1048576,,31251,0,56,172.410325,-66582.9619140625,,0,0,128,0,895,139.813575,1062836,125.879306,2115,151.85546875,12.769595999999996,32.17902
sum_of_elements,0,fragments,196.2401260000006,7497.6822520000005,0,1048576,,38532,0,57,174.421386,-70715.0126953125,,0,0,94,0,929,140.739298,1064780,126.113469,2132,154.7548828125,13.464829999999983,33.284053
sum_of_elements,0,fragments,196.2401260000006,7673.5332020000005,0,1048576,,49174,0,58,175.85095,-79655.4658203125,,0,0,118,0,905,142.403854,1067536,127.788546,2136,154.7294921875,13.424373999999988,33.010084
sum_of_elements,0,fragments,196.2401260000006,7847.509054,0,1048576,,40559,0,59,173.975852,-73314.26953125,,0,0,93,0,930,139.208951,1069084,125.009605,2126,158.783203125,13.038532000000021,34.348119
sum_of_elements,0,fragments,196.2401260000006,8026.754624,0,1048576,,31502,0,60,179.24557,-74591.3232421875,,0,0,96,0,927,143.554999,1071240,129.20259,2156,160.232421875,13.171559000000016,35.270983
sum_of_elements,0,fragments,196.2401260000006,8205.12415,0,1048576,,40548,0,61,178.369526,-79906.1669921875,,0,0,98,0,925,143.037962,1073660,127.097203,2130,166.1533203125,14.792485999999984,34.881263
sum_of_elements,0,fragments,196.2401260000006,8382.122446,0,1048576,,36326,0,62,176.998296,-84138.7275390625,,0,0,100,0,923,140.596458,1076188,125.813741,2131,169.966796875,13.598722,35.998305
sum_of_elements,0,fragments,196.2401260000006,8562.631682,0,1048576,,34019,0,63,180.509236,-71128.6044921875,,0,0,101,0,922,144.889085,1078304,129.484119,2150,170.17578125,14.251907999999997,35.192392
sum_of_elements,0,fragments,196.2401260000006,8746.090186,0,1048576,,32307,0,64,183.458504,-66870.6357421875,,0,0,91,0,932,144.92241,1081952,129.8091,2173,175.8662109375,13.944522000000001,38.116627
sum_of_elements,0,fragments,196.2401260000006,8931.512159,0,1048576,,32024,0,65,185.421973,-81489.705078125,,0,0,94,0,929,146.003315,1085624,130.19876,2178,183.4990234375,14.625006999999973,38.993889
sum_of_elements,0,fragments,196.2401260000006,9116.954541,0,1048576,,23359,0,66,185.442382,-61179.7431640625,,0,0,100,0,923,145.401569,1089640,129.140151,2153,185.732421875,15.022182999999986,39.547059
sum_of_elements,0,fragments,196.2401260000006,9307.866985999999,0,1048576,,32398,0,67,190.912445,-65309.63671875,,0,0,86,0,937,150.971648,1092192,135.087134,2161,192.068359375,14.619363999999985,39.512971
sum_of_elements,0,fragments,196.2401260000006,9491.292565999998,0,1048576,,32708,0,68,183.42558,-66054.125,,0,0,81,0,942,141.825582,1096600,125.961278,2178,194.5595703125,14.55431399999999,41.078616
sum_of_elements,0,fragments,196.2401260000006,9683.197363999998,0,1048576,,31080,0,69,191.904798,-65798.6806640625,,0,0,101,0,922,149.027726,1100416,132.452322,2160,194.1416015625,15.249817999999994,42.443279
sum_of_elements,0,fragments,196.2401260000006,9874.587266999997,0,1048576,,25737,0,70,191.389903,-58311.669921875,,0,0,95,0,928,149.426454,1101848,132.635229,2190,196.8515625,15.379851000000004,41.538199
sum_of_elements,0,fragments,196.2401260000006,10067.794553999996,0,1048576,,41369,0,71,193.207287,-72132.376953125,,0,0,96,0,927,150.495479,1104832,133.633855,2177,200.6494140625,15.572040999999984,42.273011
sum_of_elements,0,fragments,196.2401260000006,10262.379259999996,0,1048576,,31069,0,72,194.584706,-64764.3740234375,,0,0,97,0,926,149.336294,1109472,133.356788,2151,204.17578125,14.685034999999997,44.810245
sum_of_elements,0,fragments,196.2401260000006,10461.325500999996,0,1048576,,25670,0,73,198.946241,-48904.4033203125,,0,0,97,0,926,153.083331,1112180,135.800163,2105,209.1416015625,15.931207999999982,45.437464
sum_of_elements,0,fragments,196.2401260000006,10658.130379999995,0,1048576,,23712,0,74,196.804879,-53740.0498046875,,0,0,95,0,928,152.291082,1115140,135.296575,2136,211.974609375,15.629119999999997,44.035578
sum_of_elements,0,fragments,196.2401260000006,10852.762127999995,0,1048576,,30765,0,75,194.631748,-62139.87109375,,0,0,108,0,915,151.261576,1117500,134.45623,2156,214.7158203125,15.37800799999998,42.927293
sum_of_elements,0,fragments,196.2401260000006,11046.716070999995,0,1048576,,43909,0,76,193.953943,-68191.3076171875,,0,0,84,0,939,147.443938,1120456,130.346816,2138,215.212890625,15.591826999999995,46.050754
sum_of_elements,0,fragments,196.2401260000006,11242.420356999995,0,1048576,,34130,0,77,195.704286,-67961.029296875,,0,0,99,0,924,149.314038,1121820,131.638566,2139,221.470703125,16.216769999999997,45.928879
sum_of_elements,0,fragments,196.2401260000006,11440.370242999996,0,1048576,,33735,0,78,197.949886,-52691.193359375,,0,0,104,0,919,150.216186,1123820,132.114318,2160,221.5693359375,16.675802000000004,47.244862
sum_of_elements,0,fragments,196.2401260000006,11638.576722999996,0,1048576,,27420,0,79,198.20648,-50290.3115234375,,0,0,81,0,942,149.658191,1126812,131.541982,2170,226.4560546875,16.613412999999994,48.106283
sum_of_elements,0,fragments,196.2401260000006,11842.602283999997,0,1048576,,29953,0,80,204.025561,-60272.869140625,,0,0,101,0,922,156.187554,1130088,138.262451,2137,233.1748046875,16.560679,47.390161
sum_of_elements,0,fragments,196.2401260000006,12043.717250999996,0,1048576,,34070,0,81,201.114967,-56580.8515625,,0,0,86,0,937,148.839167,1135680,131.504575,2145,242.029296875,15.958775000000001,51.854208
sum_of_elements,0,fragments,196.2401260000006,12247.660233999997,0,1048576,,27552,0,82,203.942983,-52996.427734375,,0,0,85,0,938,152.166482,1143988,130.75578,2154,241.3935546875,19.805603000000005,51.341212
sum_of_elements,0,fragments,196.2401260000006,12450.594315999997,0,1048576,,27190,0,83,202.934082,-47729.203125,,0,0,97,0,926,151.17558,1148180,131.838217,2160,243.0380859375,17.88728600000001,51.321722
sum_of_elements,0,fragments,196.2401260000006,12655.429258999997,0,1048576,,34080,0,84,204.834943,-59556.044921875,,0,0,89,0,934,152.956748,1153052,134.029379,2176,245.9228515625,17.501576000000007,51.401682
sum_of_elements,0,fragments,196.2401260000006,12861.432410999996,0,1048576,,27428,0,85,206.003152,-45987.912109375,,0,0,87,0,936,151.817861,1157580,132.25235,2165,249.3857421875,18.06859699999998,53.73749
sum_of_elements,0,fragments,196.2401260000006,13067.778807999995,0,1048576,,17322,0,86,206.346397,-40202.0302734375,,0,0,91,0,932,153.917504,1159712,132.988233,2173,249.3740234375,19.140727000000016,51.959979
sum_of_elements,0,fragments,196.2401260000006,13274.837941999995,0,1048576,,19526,0,87,207.059134,-45663.9521484375,,0,0,90,0,933,151.894483,1162012,132.419191,2154,250.2841796875,18.012459000000014,54.744928
sum_of_elements,0,fragments,196.2401260000006,13477.778987999995,0,1048576,,30916,0,88,202.941046,-54375.5263671875,,0,0,88,0,935,150.163712,1164420,130.257397,2182,255.759765625,18.426629000000013,52.350882
sum_of_elements,0,fragments,196.2401260000006,13683.645391999995,0,1048576,,24251,0,89,205.866404,-58002.3876953125,,0,0,85,0,938,152.260061,1167932,131.987328,2185,253.5087890625,18.754610000000007,53.161148
sum_of_elements,0,fragments,196.2401260000006,13886.821106999994,0,1048576,,30832,0,90,203.175715,-57640.2275390625,,0,0,80,0,943,147.35858,1172756,128.315314,2161,255.0087890625,17.45927699999999,55.298877
sum_of_elements,0,fragments,196.2401260000006,14091.899566999995,0,1048576,,39760,0,91,205.07846,-60907.98046875,,0,0,79,0,944,148.327521,1176848,129.55148,2143,261.65234375,17.251426999999996,56.301447
sum_of_elements,0,fragments,196.2401260000006,14298.317665999995,0,1048576,,24144,0,92,206.418099,-46964.1552734375,,0,0,101,0,922,148.627864,1182084,128.966865,2144,263.9931640625,18.167945999999993,57.325032
sum_of_elements,0,fragments,196.2401260000006,14509.928020999996,0,1048576,,26274,0,93,211.610355,-45188.251953125,,0,0,92,0,931,152.08632,1185952,131.314629,2146,269.3916015625,19.190309999999997,59.06255
sum_of_elements,0,fragments,196.2401260000006,14724.097631999995,0,1048576,,29641,0,94,214.169611,-49776.873046875,,0,0,94,0,929,153.784816,1190680,132.333113,2159,271.853515625,19.786725000000004,59.903104
sum_of_elements,0,fragments,196.2401260000006,14931.899241999996,0,1048576,,32245,0,95,207.80161,-52175.0390625,,0,0,93,0,930,152.971586,1193396,131.319472,2170,278.837890625,20.044422000000004,54.388935
sum_of_elements,0,fragments,196.2401260000006,15144.535551999996,0,1048576,,27603,0,96,212.63631,-48348.2744140625,,0,0,93,0,930,154.733043,1196716,135.451025,2178,278.3583984375,17.741977000000013,57.439293
sum_of_elements,0,fragments,196.2401260000006,15366.116395999996,0,1048576,,27580,0,97,221.580844,-51260.05078125,,0,0,96,0,927,161.090896,1197932,141.387402,2169,278.5927734375,18.119352999999975,60.002965
sum_of_elements,0,fragments,196.2401260000006,15582.761383999996,0,1048576,,37691,0,98,216.644988,-58756.787109375,,0,0,96,0,927,159.745591,1198892,137.580685,2201,285.44140625,20.456330999999984,56.456702
sum_of_elements,0,fragments,196.2401260000006,15796.602709999996,0,1048576,,28981,0,99,213.841326,-56546.38671875,,0,0,89,0,934,154.9299,1201392,133.910677,2210,281.4716796875,19.507292,58.468643
sum_of_elements,0,fragments,196.2401260000006,16014.229358999995,0,1048576,,21257,0,100,217.626649,-45134.4501953125,,0,0,97,0,926,158.767117,1204584,138.148875,2187,290.763671875,19.038493000000024,58.420559
sum_of_elements,0,fragments,196.2401260000006,16231.861745999995,0,1048576,,32005,0,101,217.632387,-48134.9208984375,,0,0,97,0,926,156.327249,1206964,135.109905,2142,291.2255859375,19.599676999999982,60.850068
sum_of_elements,0,fragments,196.2401260000006,16454.497960999994,0,1048576,,30982,0,102,222.636215,-49781.0087890625,,0,0,76,0,947,159.816641,1211136,138.535782,2152,297.1474609375,19.723599999999994,62.380808
sum_of_elements,0,fragments,196.2401260000006,16681.690225999995,0,1048576,,13895,0,103,227.192265,-35529.2314453125,,0,0,94,0,929,163.397227,1216912,142.308538,2150,301.021484375,19.544328,63.357457
sum_of_elements,0,fragments,196.2401260000006,16902.011178999994,0,1048576,,27829,0,104,220.320953,-46601.3671875,,0,0,83,0,940,156.532068,1218924,135.142101,2175,299.8994140625,19.83018700000002,63.339837
sum_of_elements,0,fragments,196.2401260000006,17125.085804999995,0,1048576,,26489,0,105,223.074626,-45912.5986328125,,0,0,81,0,942,159.780583,1221204,137.57756,2175,297.9033203125,20.572217000000023,62.847081
sum_of_elements,0,fragments,196.2401260000006,17339.135800999997,0,1048576,,24616,0,106,214.049996,-46842.9443359375,,0,0,82,0,941,152.002278,1222988,131.754602,2192,299.9853515625,18.699338999999995,61.588115
sum_of_elements,0,fragments,196.2401260000006,17562.643449999996,0,1048576,,26208,0,107,223.507649,-45823.0009765625,,0,0,86,0,937,157.428719,1226468,136.433871,2213,308.736328125,19.438899,65.625015
sum_of_elements,0,fragments,196.2401260000006,17781.194398999996,0,1048576,,29078,0,108,218.550949,-47261.9892578125,,0,0,95,0,928,155.360341,1229192,133.189743,2166,311.8251953125,20.433691000000007,62.748223
sum_of_elements,0,fragments,196.2401260000006,17994.056934999997,0,1048576,,22306,0,109,212.862536,-37021.28515625,,0,0,79,0,944,150.63443,1233772,129.431905,2179,316.4140625,19.533412999999996,61.762711
sum_of_elements,0,fragments,196.2401260000006,18212.710895999997,0,1048576,,32661,0,110,218.653961,-55967.791015625,,0,0,87,0,936,152.886947,1236108,131.538561,2166,327.2099609375,19.60006099999999,65.296671
sum_of_elements,0,fragments,196.2401260000006,18436.404993999997,0,1048576,,26872,0,111,223.694098,-49552.1357421875,,0,0,86,0,937,156.003576,1240432,133.719959,2165,324.423828125,20.64615,67.240436
sum_of_elements,0,fragments,196.2401260000006,18657.435392999996,0,1048576,,29018,0,112,221.030399,-52491.1279296875,,0,0,73,0,950,153.26369,1244792,131.099254,2165,327.7802734375,20.47648899999999,67.252884
sum_of_elements,0,fragments,196.2401260000006,18893.858975999996,0,1048576,,31870,0,113,236.423583,-50958.3603515625,,0,0,81,0,942,168.073932,1247792,145.683272,2131,328.1533203125,20.73571100000001,67.898513
sum_of_elements,0,fragments,196.2401260000006,19117.508563999996,0,1048576,,18148,0,114,223.649588,-42715.998046875,,0,0,93,0,930,155.929937,1248980,134.411453,2170,328.630859375,19.859279,67.252615
sum_of_elements,0,fragments,196.2401260000006,19348.087849999996,0,1048576,,31176,0,115,230.579286,-49279.8408203125,,0,0,89,0,934,159.926071,1250680,137.172098,2159,328.1533203125,21.088521999999998,70.207795
sum_of_elements,0,fragments,196.2401260000006,19577.079961999996,0,1048576,,30245,0,116,228.992112,-49733.8251953125,,0,0,90,0,933,157.644881,1254020,133.626135,2136,331.34765625,22.267125999999983,70.894851
sum_of_elements,0,fragments,196.2401260000006,19804.611724999995,0,1048576,,28650,0,117,227.531763,-48767.96484375,,0,0,90,0,933,158.539435,1257280,134.60641,2199,338.7451171875,22.157578000000008,68.55603
sum_of_elements,0,fragments,196.2401260000006,20039.099753999995,0,1048576,,22460,0,118,234.488029,-43976.525390625,,0,0,90,0,933,163.62117,1260684,139.273849,2185,342.66796875,22.501605999999995,70.415043
sum_of_elements,0,fragments,196.2401260000006,20274.173873999996,0,1048576,,22849,0,119,235.07412,-39854.0966796875,,0,0,89,0,934,163.743161,1262780,140.727023,2181,340.119140625,21.29993299999999,70.878921
sum_of_elements,0,fragments,196.2401260000006,20511.318002999997,0,1048576,,21641,0,120,237.144129,-36072.6474609375,,0,0,81,0,942,165.269564,1266784,142.514092,2157,337.0693359375,21.11387299999999,71.373893
sum_of_elements,0,fragments,196.2401260000006,20748.708734999997,0,1048576,,26725,0,121,237.390732,-36960.8984375,,0,0,84,0,939,165.549574,1271348,142.781666,2198,339.8759765625,21.144674000000016,71.387328
sum_of_elements,0,fragments,196.2401260000006,20985.584627999997,0,1048576,,27579,0,122,236.875893,-52609.65625,,0,0,78,0,945,165.621797,1273204,142.372361,2207,342.994140625,21.599843,70.778768
sum_of_elements,0,fragments,196.2401260000006,21225.111312999998,0,1048576,,23499,0,123,239.526685,-42245.6416015625,,0,0,83,0,940,166.423103,1274232,142.997913,2179,339.6845703125,21.72580099999999,72.602588
sum_of_elements,0,fragments,196.2401260000006,21456.281624999996,0,1048576,,21599,0,124,231.170312,-40405.3173828125,,0,0,94,0,929,158.669775,1275240,136.472928,2180,333.154296875,20.542676999999983,72.054285
sum_of_elements,0,fragments,196.2401260000006,21690.660691999998,0,1048576,,25573,0,125,234.379067,-40984.6376953125,,0,0,79,0,944,162.824476,1276452,140.080184,2183,348.8876953125,21.11279600000001,71.09866
sum_of_elements,0,fragments,196.2401260000006,21933.381099,0,1048576,,22571,0,126,242.720407,-40244.1953125,,0,0,83,0,940,171.940101,1280584,148.55839,2189,354.3095703125,21.717800000000008,70.26046
sum_of_elements,0,fragments,196.2401260000006,22182.615590999998,0,1048576,,22780,0,127,249.234492,-34528.56640625,,0,0,84,0,939,176.006539,1284192,153.94673,2209,354.111328125,20.318442999999995,72.759377
sum_of_elements,1,native,145.6753130000094,380.8180790000094,0,1048576,1185,318332,0,0,235.142766,-873309.2548828125,0,0,0,175,0,,,,,,,,
sum_of_elements,1,native,145.6753130000094,601.4824780000095,0,1048576,1164,90604,0,1,220.664399,-821682.416015625,0,0,0,160,0,,,,,,,,
sum_of_elements,1,native,145.6753130000094,814.2397650000095,0,1048576,1160,24570,0,2,212.757287,-795658.2568359375,0,0,0,157,0,,,,,,,,
sum_of_elements,1,native,145.6753130000094,1026.2675210000095,0,1048576,1215,21465,0,3,212.027756,-782082.265625,0,0,0,129,0,,,,,,,,
sum_of_elements,1,native,145.6753130000094,1232.5981630000097,0,1048576,1181,11262,0,4,206.330642,-764530.3759765625,2,0,0,151,0,,,,,,,,
sum_of_elements,1,native,145.6753130000094,1438.9112220000097,0,1048576,1194,14542,0,5,206.313059,-749084.90625,4,0,0,153,0,,,,,,,,
sum_of_elements,1,native,145.6753130000094,1646.6334470000097,0,1048576,1249,18640,0,6,207.722225,-723388.486328125,0,0,0,108,0,,,,,,,,
sum_of_elements,1,native,145.6753130000094,1845.8492260000098,0,1048576,1196,15304,0,7,199.215779,-696163.1875,2,0,0,120,0,,,,,,,,
sum_of_elements,1,native,145.6753130000094,2055.57032000001,0,1048576,1195,13306,0,8,209.721094,-659995.96484375,2,0,0,123,0,,,,,,,,
sum_of_elements,1,native,145.6753130000094,2274.23996000001,0,1048576,1218,17388,0,9,218.66964,-634326.8759765625,4,0,0,128,0,,,,,,,,
sum_of_elements,1,native,145.6753130000094,2494.2268490000097,0,1048576,1190,19443,0,10,219.986889,-597652.0009765625,6,0,0,117,0,,,,,,,,
sum_of_elements,1,native,145.6753130000094,2761.7469870000095,0,1048576,1216,10226,0,11,267.520138,-533908.3662109375,8,0,0,115,0,,,,,,,,
sum_of_elements,1,native,145.6753130000094,3033.2692190000093,0,1048576,1211,21293,0,12,271.522232,-497223.8369140625,20,0,0,126,0,,,,,,,,
sum_of_elements,1,native,145.6753130000094,3312.4855750000092,0,1048576,1223,22111,0,13,279.216356,-423494.427734375,12,0,0,106,0,,,,,,,,
sum_of_elements,1,native,145.6753130000094,3594.8205980000093,0,1048576,1191,27429,0,14,282.335023,-373318.7041015625,22,0,0,136,0,,,,,,,,
sum_of_elements,1,native,145.6753130000094,3881.336862000009,0,1048576,1169,28866,0,15,286.516264,-313118.2255859375,10,0,0,141,0,,,,,,,,
sum_of_elements,1,native,145.6753130000094,4193.89979300001,0,1048576,1211,21695,0,16,312.562931,-245833.1201171875,24,0,0,128,0,,,,,,,,
sum_of_elements,1,native,145.6753130000094,4515.145491000009,0,1048576,1205,17870,0,17,321.245698,-216760.3193359375,24,0,0,144,0,,,,,,,,
sum_of_elements,1,native,145.6753130000094,4823.926979000009,0,1048576,1172,21492,0,18,308.781488,-179509.95703125,20,0,0,158,0,,,,,,,,
sum_of_elements,1,native,145.6753130000094,5130.923876000009,0,1048576,1165,29771,0,19,306.996897,-171876.083984375,32,0,0,143,0,,,,,,,,
sum_of_elements,1,native,145.6753130000094,5441.978536000009,0,1048576,1218,22615,0,20,311.05466,-152423.408203125,26,0,0,124,0,,,,,,,,
sum_of_elements,1,native,145.6753130000094,5767.921290000008,0,1048576,1162,12407,0,21,325.942754,-160237.462890625,40,0,0,163,0,,,,,,,,
sum_of_elements,1,native,145.6753130000094,6092.690196000009,0,1048576,1168,18383,0,22,324.768906,-143869.1328125,28,0,0,173,0,,,,,,,,
sum_of_elements,1,native,145.6753130000094,6419.941697000008,0,1048576,1170,9416,0,23,327.251501,-139358.611328125,20,0,0,151,0,,,,,,,,
sum_of_elements,1,native,145.6753130000094,6753.549517000009,0,1048576,1183,10654,0,24,333.60782,-129142.9169921875,24,0,0,148,0,,,,,,,,
sum_of_elements,1,native,145.6753130000094,7097.461471000009,0,1048576,1211,13514,0,25,343.911954,-132312.232421875,20,0,0,134,0,,,,,,,,
sum_of_elements,1,native,145.6753130000094,7453.012510000009,0,1048576,1207,19435,0,26,355.551039,-130286.8125,30,0,0,150,0,,,,,,,,
sum_of_elements,1,native,145.6753130000094,7804.931738000008,0,1048576,1151,16367,0,27,351.919228,-98946.783203125,22,0,0,185,0,,,,,,,,
sum_of_elements,1,native,145.6753130000094,8168.752888000008,0,1048576,1219,20383,0,28,363.82115,-113782.56640625,16,0,0,129,0,,,,,,,,
sum_of_elements,1,native,145.6753130000094,8526.746318000009,0,1048576,1182,21496,0,29,357.99343,-108533.4306640625,22,0,0,170,0,,,,,,,,
sum_of_elements,1,native,145.6753130000094,8896.681666000008,0,1048576,1192,19424,0,30,369.935348,-104234.201171875,24,0,0,134,0,,,,,,,,
sum_of_elements,1,native,145.6753130000094,9282.838700000008,0,1048576,1206,19437,0,31,386.157034,-105937.0078125,28,0,0,138,0,,,,,,,,
sum_of_elements,1,native,145.6753130000094,9669.867319000008,0,1048576,1197,18376,0,32,387.028619,-104536.3271484375,24,0,0,147,0,,,,,,,,
sum_of_elements,1,native,145.6753130000094,10071.525911000008,0,1048576,1182,20403,0,33,401.658592,-99455.130859375,24,0,0,130,0,,,,,,,,
sum_of_elements,1,native,145.6753130000094,10483.859795000008,0,1048576,1191,17380,0,34,412.333884,-88390.234375,22,0,0,134,0,,,,,,,,
sum_of_elements,1,native,145.6753130000094,10892.507713000008,0,1048576,1219,17397,0,35,408.647918,-90995.548828125,26,0,0,138,0,,,,,,,,
sum_of_elements,1,native,145.6753130000094,11310.125390000008,0,1048576,1198,21485,0,36,417.617677,-100446.48828125,36,0,0,147,0,,,,,,,,
sum_of_elements,1,native,145.6753130000094,11748.18594200001,0,1048576,1187,12267,0,37,438.060552,-88739.0048828125,20,0,0,143,0,,,,,,,,
sum_of_elements,1,native,145.6753130000094,12178.826828000008,0,1048576,1180,18392,0,38,430.640886,-83552.0078125,32,0,0,163,0,,,,,,,,
sum_of_elements,1,native,145.6753130000094,12618.745282000009,0,1048576,1205,13312,0,39,439.918454,-76901.3291015625,26,0,0,149,0,,,,,,,,
sum_of_elements,1,native,145.6753130000094,13064.985464000009,0,1048576,1211,14326,0,40,446.240182,-78589.7763671875,26,0,0,136,0,,,,,,,,
sum_of_elements,1,native,145.6753130000094,13515.455492000008,0,1048576,1168,8190,0,41,450.470028,-70572.98828125,28,0,0,157,0,,,,,,,,
sum_of_elements,1,native,145.6753130000094,13967.382632000008,0,1048576,1177,16365,0,42,451.92714,-69800.80859375,28,0,0,133,0,,,,,,,,
sum_of_elements,1,native,145.6753130000094,14434.588137000008,0,1048576,1162,10944,0,43,467.205505,-62623.2236328125,30,0,0,148,0,,,,,,,,
sum_of_elements,1,native,145.6753130000094,14918.090900000008,0,1048576,1198,10443,0,44,483.502763,-66717.5625,28,0,0,131,0,,,,,,,,
sum_of_elements,1,native,145.6753130000094,15429.884088000008,0,1048576,1174,14520,0,45,511.793188,-71140.935546875,36,0,0,147,0,,,,,,,,
sum_of_elements,1,native,145.6753130000094,15926.021304000007,0,1048576,1184,10228,0,46,496.137216,-75579.134765625,20,0,0,143,0,,,,,,,,
sum_of_elements,1,native,145.6753130000094,16436.792568000008,0,1048576,1192,13304,0,47,510.771264,-65138.396484375,42,0,0,131,0,,,,,,,,
sum_of_elements,1,native,145.6753130000094,16944.312468000007,0,1048576,1159,11260,0,48,507.5199,-61711.8916015625,36,0,0,140,0,,,,,,,,
sum_of_elements,1,native,145.6753130000094,17454.306309000007,0,1048576,1188,12274,0,49,509.993841,-48968.2900390625,56,0,0,142,0,,,,,,,,
sum_of_elements,1,native,145.6753130000094,17977.562379000006,0,1048576,1222,9563,0,50,523.25607,-65984.84375,42,0,0,134,0,,,,,,,,
sum_of_elements,1,native,145.6753130000094,18504.316202000005,0,1048576,1200,7160,0,51,526.753823,-65038.9150390625,32,0,0,133,0,,,,,,,,
sum_of_elements,1,native,145.6753130000094,19022.563562000007,0,1048576,1186,5114,0,52,518.24736,-43565.927734375,40,0,0,149,0,,,,,,,,
sum_of_elements,1,native,145.6753130000094,19546.127376000008,0,1048576,1211,10213,0,53,523.563814,-59737.6328125,28,0,0,135,0,,,,,,,,
sum_of_elements,1,native,145.6753130000094,20065.856979000007,0,1048576,1183,15355,0,54,519.729603,-71802.224609375,44,0,0,143,0,,,,,,,,
sum_of_elements,1,native,145.6753130000094,20597.933762000008,0,1048576,1173,10230,0,55,532.076783,-67723.4892578125,42,0,0,153,0,,,,,,,,
sum_of_elements,1,native,145.6753130000094,21147.34472300001,0,1048576,1182,7528,0,56,549.410961,-61484.2216796875,58,0,0,163,0,,,,,,,,
sum_of_elements,1,native,145.6753130000094,21711.94353600001,0,1048576,1204,11255,0,57,564.598813,-66834.734375,36,0,0,132,0,,,,,,,,
sum_of_elements,1,native,145.6753130000094,22287.08350900001,0,1048576,1156,8192,0,58,575.139973,-56761.8271484375,42,0,0,163,0,,,,,,,,
sum_of_elements,1,native,145.6753130000094,22880.38052300001,0,1048576,1169,10207,0,59,593.297014,-55239.3671875,50,0,0,139,0,,,,,,,,
sum_of_elements,1,native,145.6753130000094,23478.79714300001,0,1048576,1176,8412,0,60,598.41662,-55606.0400390625,42,0,0,142,0,,,,,,,,
sum_of_elements,1,native,145.6753130000094,24084.806453000012,0,1048576,1206,5017,0,61,606.00931,-48242.853515625,42,0,0,133,0,,,,,,,,
sum_of_elements,1,native,145.6753130000094,24680.94650600001,0,1048576,1183,11264,0,62,596.140053,-54835.275390625,38,0,0,138,0,,,,,,,,
sum_of_elements,1,native,145.6753130000094,25298.96033700001,0,1048576,1165,5120,0,63,618.013831,-48219.9765625,48,0,0,174,0,,,,,,,,
sum_of_elements,1,native,145.6753130000094,25919.14007500001,0,1048576,1183,16360,0,64,620.179738,-57884.2958984375,58,0,0,129,0,,,,,,,,
sum_of_elements,1,native,145.6753130000094,26530.96195000001,0,1048576,1168,6350,0,65,611.821875,-50774.01953125,56,0,0,156,0,,,,,,,,
sum_of_elements,1,native,145.6753130000094,27143.778128000013,0,1048576,1193,10438,0,66,612.816178,-48553.6533203125,44,0,0,149,0,,,,,,,,
sum_of_elements,1,native,145.6753130000094,27777.754378000012,0,1048576,1144,7101,0,67,633.97625,-61510.7587890625,56,0,0,182,0,,,,,,,,
sum_of_elements,1,native,145.6753130000094,28418.216653000014,0,1048576,1171,13302,0,68,640.462275,-47768.90625,42,0,0,165,0,,,,,,,,
sum_of_elements,1,native,145.6753130000094,29087.517294000016,0,1048576,1211,13302,0,69,669.300641,-59556.4287109375,44,0,0,138,0,,,,,,,,
sum_of_elements,1,native,145.6753130000094,29756.446721000015,0,1048576,1182,7162,0,70,668.929427,-45442.5703125,46,0,0,155,0,,,,,,,,
sum_of_elements,1,native,145.6753130000094,30417.857449000014,0,1048576,1163,7162,0,71,661.410728,-55793.1923828125,44,0,0,179,0,,,,,,,,
sum_of_elements,1,native,145.6753130000094,31073.546387000013,0,1048576,1169,7579,0,72,655.688938,-48121.3564453125,52,0,0,153,0,,,,,,,,
sum_of_elements,1,native,145.6753130000094,31731.668196000013,0,1048576,1202,8185,0,73,658.121809,-38357.4091796875,52,0,0,149,0,,,,,,,,
sum_of_elements,1,native,145.6753130000094,32404.866497000014,0,1048576,1169,9216,0,74,673.198301,-42949.689453125,38,0,0,152,0,,,,,,,,
sum_of_elements,1,native,145.6753130000094,33124.603813000016,0,1048576,1189,12280,0,75,719.737316,-38091.0859375,38,0,0,148,0,,,,,,,,
sum_of_elements,1,native,145.6753130000094,33820.88859200002,0,1048576,1151,3070,0,76,696.284779,-41597.2958984375,70,0,0,177,0,,,,,,,,
sum_of_elements,1,native,145.6753130000094,34537.73744300002,0,1048576,1182,4456,0,77,716.848851,-27678.462890625,38,0,0,145,0,,,,,,,,
sum_of_elements,1,native,145.6753130000094,35255.83870400002,0,1048576,1162,8188,0,78,718.101261,-39453.1201171875,34,0,0,168,0,,,,,,,,
sum_of_elements,1,native,145.6753130000094,35974.21894500002,0,1048576,1166,8178,0,79,718.380241,-34067.830078125,52,0,0,167,0,,,,,,,,
sum_of_elements,1,native,145.6753130000094,36691.174810000026,0,1048576,1162,8186,0,80,716.955865,-31294.34765625,48,0,0,170,0,,,,,,,,
sum_of_elements,1,native,145.6753130000094,37415.73603300002,0,1048576,1185,2256,0,81,724.561223,-24028.3974609375,24,0,0,138,0,,,,,,,,
sum_of_elements,1,native,145.6753130000094,38160.57393200002,0,1048576,1196,6144,0,82,744.837899,-31364.6748046875,34,0,0,144,0,,,,,,,,
sum_of_elements,1,native,145.6753130000094,38899.92958300002,0,1048576,1181,10192,0,83,739.355651,-38708.3564453125,40,0,0,126,0,,,,,,,,
sum_of_elements,1,native,145.6753130000094,39673.89280200002,0,1048576,1188,7162,0,84,773.963219,-32725.9443359375,24,0,0,136,0,,,,,,,,
sum_of_elements,1,native,145.6753130000094,40444.02490700001,0,1048576,1168,3068,0,85,770.132105,-26231.5107421875,42,0,0,154,0,,,,,,,,
sum_of_elements,1,native,145.6753130000094,41192.72762000001,0,1048576,1197,4456,0,86,748.702713,-25975.072265625,28,0,0,122,0,,,,,,,,
sum_of_elements,1,native,145.6753130000094,41976.45376400001,0,1048576,1192,5110,0,87,783.726144,-34310.162109375,36,0,0,148,0,,,,,,,,
sum_of_elements,1,native,145.6753130000094,42789.115006000015,0,1048576,1213,6140,0,88,812.661242,-33494.0546875,34,0,0,120,0,,,,,,,,
sum_of_elements,1,native,145.6753130000094,43583.889963000016,0,1048576,1174,5118,0,89,794.774957,-33062.1416015625,46,0,0,134,0,,,,,,,,
sum_of_elements,1,native,145.6753130000094,44407.773170000015,0,1048576,1187,2044,0,90,823.883207,-29846.7880859375,44,0,0,151,0,,,,,,,,
sum_of_elements,1,native,145.6753130000094,45229.838118000014,0,1048576,1183,11258,0,91,822.064948,-37224.4541015625,32,0,0,154,0,,,,,,,,
sum_of_elements,1,native,145.6753130000094,46038.63672500001,0,1048576,1215,8186,0,92,808.798607,-34924.5185546875,34,0,0,123,0,,,,,,,,
sum_of_elements,1,native,145.6753130000094,46825.57669300001,0,1048576,1198,7374,0,93,786.939968,-34132.2978515625,50,0,0,138,0,,,,,,,,
sum_of_elements,1,native,145.6753130000094,47620.80768800001,0,1048576,1189,7164,0,94,795.230995,-26855.3466796875,66,0,0,148,0,,,,,,,,
sum_of_elements,1,native,145.6753130000094,48413.04526300001,0,1048576,1197,6144,0,95,792.237575,-27005.6640625,44,0,0,136,0,,,,,,,,
sum_of_elements,1,native,145.6753130000094,49204.11696300001,0,1048576,1175,3280,0,96,791.0717,-33677.2978515625,38,0,0,159,0,,,,,,,,
sum_of_elements,1,native,145.6753130000094,50011.17052400001,0,1048576,1167,11260,0,97,807.053561,-36234.986328125,40,0,0,151,0,,,,,,,,
sum_of_elements,1,native,145.6753130000094,50807.03364300001,0,1048576,1186,3280,0,98,795.863119,-28680.7568359375,46,0,0,149,0,,,,,,,,
sum_of_elements,1,native,145.6753130000094,51615.71446000001,0,1048576,1206,0,0,99,808.680817,-23882.1943359375,38,0,0,122,0,,,,,,,,
sum_of_elements,1,native,145.6753130000094,52433.37749400001,0,1048576,1170,2048,0,100,817.663034,-38053.5693359375,52,0,0,171,0,,,,,,,,
sum_of_elements,1,native,145.6753130000094,53217.007541000006,0,1048576,1187,8190,0,101,783.630047,-26161.0205078125,48,0,0,154,0,,,,,,,,
sum_of_elements,1,native,145.6753130000094,54037.875317000005,0,1048576,1158,8188,0,102,820.867776,-21067.818359375,38,0,0,155,0,,,,,,,,
sum_of_elements,1,native,145.6753130000094,54881.737761000004,0,1048576,1176,8182,0,103,843.862444,-34398.90625,20,0,0,114,0,,,,,,,,
sum_of_elements,1,native,145.6753130000094,55743.633625,0,1048576,1214,6502,0,104,861.895864,-31031.1669921875,18,0,0,118,0,,,,,,,,
sum_of_elements,1,native,145.6753130000094,56612.62524,0,1048576,1198,4460,0,105,868.991615,-30840.353515625,24,0,0,129,0,,,,,,,,
sum_of_elements,1,native,145.6753130000094,57468.682112,0,1048576,1165,4094,0,106,856.056872,-25958.2275390625,54,0,0,142,0,,,,,,,,
sum_of_elements,1,native,145.6753130000094,58326.583113,0,1048576,1188,5118,0,107,857.901001,-22937.728515625,30,0,0,143,0,,,,,,,,
sum_of_elements,1,native,145.6753130000094,59237.946328,0,1048576,1166,3067,0,108,911.363215,-23521.2841796875,56,0,0,165,0,,,,,,,,
sum_of_elements,1,native,145.6753130000094,60165.178254,0,1048576,1191,5116,0,109,927.231926,-21904.7646484375,64,0,0,173,0,,,,,,,,
sum_of_elements,1,native,145.6753130000094,61058.464129,0,1048576,1185,2048,0,110,893.285875,-29131.30859375,36,0,0,148,0,,,,,,,,
sum_of_elements,1,native,145.6753130000094,61970.270565,0,1048576,1168,7136,0,111,911.806436,-34321.208984375,58,0,0,164,0,,,,,,,,
sum_of_elements,1,native,145.6753130000094,62858.283553,0,1048576,1130,8159,0,112,888.012988,-28818.7890625,62,0,0,174,0,,,,,,,,
sum_of_elements,1,native,145.6753130000094,63781.057064,0,1048576,1140,4306,0,113,922.773511,-20350.4775390625,40,0,0,180,0,,,,,,,,
sum_of_elements,1,native,145.6753130000094,64700.37317,0,1048576,1139,9214,0,114,919.316106,-29928.845703125,56,0,0,161,0,,,,,,,,
sum_of_elements,1,native,145.6753130000094,65609.74229,0,1048576,1179,3946,0,115,909.36912,-20702.8798828125,40,0,0,159,0,,,,,,,,
sum_of_elements,1,native,145.6753130000094,66527.02739399999,0,1048576,1173,1024,0,116,917.285104,-23689.517578125,32,0,0,164,0,,,,,,,,
sum_of_elements,1,native,145.6753130000094,67472.850203,0,1048576,1194,4921,0,117,945.822809,-23616.583984375,40,0,0,126,0,,,,,,,,
sum_of_elements,1,native,145.6753130000094,68452.27145599999,0,1048576,1189,1024,0,118,979.421253,-21373.8603515625,40,0,0,160,0,,,,,,,,
sum_of_elements,1,native,145.6753130000094,69410.55306699999,0,1048576,1156,2044,0,119,958.281611,-20564.271484375,26,0,0,162,0,,,,,,,,
sum_of_elements,1,native,145.6753130000094,70398.66723999998,0,1048576,1206,1232,0,120,988.114173,-19741.5693359375,32,0,0,139,0,,,,,,,,
sum_of_elements,1,native,145.6753130000094,71453.81111699998,0,1048576,1190,3072,0,121,1055.143877,-22610.3525390625,32,0,0,143,0,,,,,,,,
sum_of_elements,1,native,145.6753130000094,72497.49385999997,0,1048576,1137,3436,0,122,1043.682743,-23902.1669921875,40,0,0,179,0,,,,,,,,
sum_of_elements,1,native,145.6753130000094,73507.03907299998,0,1048576,1200,6144,0,123,1009.545213,-24877.5400390625,24,0,0,124,0,,,,,,,,
sum_of_elements,1,native,145.6753130000094,74519.79039999998,0,1048576,1214,2048,0,124,1012.751327,-21865.7587890625,20,0,0,136,0,,,,,,,,
sum_of_elements,1,native,145.6753130000094,75526.62156399999,0,1048576,1164,4090,0,125,1006.831164,-18780.388671875,42,0,0,165,0,,,,,,,,
sum_of_elements,1,native,145.6753130000094,76554.13155299998,0,1048576,1182,5478,0,126,1027.509989,-21529.4912109375,30,0,0,153,0,,,,,,,,
sum_of_elements,1,native,145.6753130000094,77560.86242699999,0,1048576,1162,1232,0,127,1006.730874,-19978.6953125,50,0,0,167,0,,,,,,,,
sum_of_elements,1,fragments,200.85370200001125,302.2773910000112,0,1048576,,318332,0,0,101.423689,-873309.2548828125,,0,0,141,0,882,80.839552,1008768,69.622056,2338,52.04296875,10.169407999999994,19.784103
sum_of_elements,1,fragments,200.85370200001125,397.0965670000112,0,1048576,,110121,0,1,94.819176,-825211.21875,,0,0,207,0,816,82.527379,1009236,73.748516,2064,45.0302734375,7.982596999999998,11.902997
sum_of_elements,1,fragments,200.85370200001125,497.7338940000112,0,1048576,,26922,0,2,100.637327,-797412.857421875,,0,0,236,0,787,90.320015,1009580,82.325641,1891,42.763671875,7.192496000000001,9.995387
sum_of_elements,1,fragments,200.85370200001125,599.0529230000112,0,1048576,,13203,0,3,101.319029,-779611.2265625,,0,0,220,0,803,91.658168,1009732,83.564261,1852,41.2587890625,7.286113,9.369516
sum_of_elements,1,fragments,200.85370200001125,697.8814890000112,0,1048576,,25584,0,4,98.828566,-761140.2802734375,,0,0,236,0,787,89.43599,1009792,81.482964,1830,39.0234375,7.226536000000001,9.108023
sum_of_elements,1,fragments,200.85370200001125,795.7337520000112,0,1048576,,17375,0,5,97.852263,-745137.814453125,,0,0,241,0,782,88.467086,1009844,80.558394,1803,41.1982421875,7.182216999999997,9.101833
sum_of_elements,1,fragments,200.85370200001125,891.9810340000113,0,1048576,,22452,0,6,96.247282,-721883.2265625,,0,0,201,0,822,87.184465,1009872,78.940717,1805,44.810546875,7.507187000000004,8.795841
sum_of_elements,1,fragments,200.85370200001125,989.8136950000113,0,1048576,,21494,0,7,97.832661,-674159.0390625,,0,0,203,0,820,87.436072,1009892,79.23202,1802,49.708984375,7.372625000000003,10.127425
sum_of_elements,1,fragments,200.85370200001125,1088.9217030000113,0,1048576,,21493,0,8,99.108008,-635861.814453125,,0,0,193,0,830,88.335598,1009912,79.64687,1788,56.041015625,7.904246000000007,10.490173
sum_of_elements,1,fragments,200.85370200001125,1191.5778390000114,0,1048576,,33766,0,9,102.656136,-578437.4453125,,0,0,177,0,846,90.070427,1010088,81.308278,1821,60.1396484375,7.968886999999993,12.297026
sum_of_elements,1,fragments,200.85370200001125,1294.3664320000114,0,1048576,,35814,0,10,102.788593,-517942.8974609375,,0,0,166,0,857,89.324405,1010432,79.998362,1837,66.8056640625,8.517094999999994,13.164951
sum_of_elements,1,fragments,200.85370200001125,1400.7319920000114,0,1048576,,34988,0,11,106.36556,-429982.951171875,,0,0,160,0,863,90.68902,1011048,80.701658,1797,74.712890625,9.132530000000003,15.363979
sum_of_elements,1,fragments,200.85370200001125,1508.7780910000113,0,1048576,,46270,0,12,108.046099,-337460.4814453125,,0,0,162,0,861,91.674235,1011660,81.23137,1802,80.939453125,9.53816699999999,16.060398
sum_of_elements,1,fragments,200.85370200001125,1618.0119650000113,0,1048576,,48308,0,13,109.233874,-243257.7001953125,,0,0,143,0,880,91.402693,1012320,80.62419,1799,86.7685546875,9.908629999999995,17.511719
sum_of_elements,1,fragments,200.85370200001125,1728.7139200000113,0,1048576,,58538,0,14,110.701955,-188159.240234375,,0,0,132,0,891,92.777357,1013096,81.823252,1858,90.8994140625,10.042095,17.592179
sum_of_elements,1,fragments,200.85370200001125,1839.4645280000113,0,1048576,,53224,0,15,110.750608,-149180.5947265625,,0,0,140,0,883,92.243523,1013476,81.426933,1892,94.591796875,9.912524999999992,18.164318
sum_of_elements,1,fragments,200.85370200001125,1952.7269120000115,0,1048576,,54447,0,16,113.262384,-110954.9873046875,,0,0,133,0,890,92.95556,1013944,81.933193,1958,96.1376953125,10.100915000000008,19.959915
sum_of_elements,1,fragments,200.85370200001125,2066.4092980000114,0,1048576,,60366,0,17,113.682386,-131237.513671875,,0,0,114,0,909,92.710078,1014632,80.691927,1982,97.3193359375,11.126609999999992,20.606438
sum_of_elements,1,fragments,200.85370200001125,2178.2714390000115,0,1048576,,56300,0,18,111.862141,-126706.7666015625,,0,0,119,0,904,92.860087,1015124,81.19595,2021,98.8330078125,10.763537999999986,18.633946
sum_of_elements,1,fragments,200.85370200001125,2291.8733290000114,0,1048576,,59368,0,19,113.60189,-125728.5859375,,0,0,120,0,903,91.355474,1016360,80.314027,2030,99.8974609375,10.134012999999998,21.878538
sum_of_elements,1,fragments,200.85370200001125,2404.7145480000113,0,1048576,,57318,0,20,112.841219,-120409.513671875,,0,0,118,0,905,91.895766,1017904,79.881913,2051,102.98046875,11.038436999999991,20.565671
sum_of_elements,1,fragments,200.85370200001125,2519.5012750000114,0,1048576,,41968,0,21,114.786727,-93683.0458984375,,0,0,107,0,916,93.326593,1020252,81.715165,2085,104.9755859375,10.690569,21.037275
sum_of_elements,1,fragments,200.85370200001125,2633.4627300000116,0,1048576,,48116,0,22,113.961455,-102315.830078125,,0,0,116,0,907,91.149188,1022696,79.171119,2078,108.876953125,10.975792999999992,22.414068
sum_of_elements,1,fragments,200.85370200001125,2747.9141810000115,0,1048576,,48460,0,23,114.451451,-108009.48828125,,0,0,108,0,915,89.346903,1024844,77.438282,2089,109.9892578125,10.854054000000005,24.652603
sum_of_elements,1,fragments,200.85370200001125,2865.3550310000114,0,1048576,,34792,0,24,117.44085,-104770.9345703125,,0,0,113,0,910,89.993572,1026936,77.617189,2069,111.876953125,11.191460999999995,27.016565
sum_of_elements,1,fragments,200.85370200001125,2981.9898570000114,0,1048576,,47297,0,25,116.634826,-108377.388671875,,0,0,111,0,912,90.521221,1028888,77.766256,2084,113.2353515625,11.705207999999999,25.696695
sum_of_elements,1,fragments,200.85370200001125,3098.9790050000115,0,1048576,,51581,0,26,116.989148,-125865.4873046875,,0,0,128,0,895,91.747732,1030428,78.885413,2079,114.5732421875,11.801804000000004,24.842472
sum_of_elements,1,fragments,200.85370200001125,3216.5457170000113,0,1048576,,46046,0,27,117.566712,-107421.19140625,,0,0,119,0,904,90.288828,1032936,77.730592,2103,117.78125,11.474146000000001,26.840688
sum_of_elements,1,fragments,200.85370200001125,3337.4505580000114,0,1048576,,37880,0,28,120.904841,-96769.056640625,,0,0,120,0,903,94.295127,1034744,81.750165,2112,121.015625,11.438860999999992,26.181708
sum_of_elements,1,fragments,200.85370200001125,3458.8041660000113,0,1048576,,42886,0,29,121.353608,-83948.40625,,0,0,106,0,917,91.441861,1038376,78.926873,2136,124.00390625,11.457381000000002,29.474771
sum_of_elements,1,fragments,200.85370200001125,3579.636506000011,0,1048576,,44206,0,30,120.83234,-92469.5380859375,,0,0,118,0,905,92.239675,1040624,78.464228,2129,124.70703125,12.66343500000001,28.168402
sum_of_elements,1,fragments,200.85370200001125,3703.7457120000113,0,1048576,,38048,0,31,124.109206,-86741.19921875,,0,0,110,0,913,94.506171,1042016,81.437608,2128,126.015625,11.89366,29.192764
sum_of_elements,1,fragments,200.85370200001125,3830.4618280000113,0,1048576,,33985,0,32,126.716116,-100094.173828125,,0,0,104,0,919,95.22061,1045332,81.711418,2121,127.85546875,12.408944999999992,31.090068
sum_of_elements,1,fragments,200.85370200001125,3957.1661470000113,0,1048576,,38898,0,33,126.704319,-95770.220703125,,0,0,103,0,920,94.214191,1048092,80.21535,2106,128.779296875,12.885739000000003,32.051433
sum_of_elements,1,fragments,200.85370200001125,4083.7277340000114,0,1048576,,40280,0,34,126.561587,-86209.3623046875,,0,0,94,0,929,94.333313,1049960,80.674167,2109,130.1884765625,12.545304999999999,31.813455
sum_of_elements,1,fragments,200.85370200001125,4213.749089000012,0,1048576,,27636,0,35,130.021355,-81671.55078125,,0,0,98,0,925,96.042193,1052320,82.319689,2107,134.818359375,12.567131,33.562763
sum_of_elements,1,fragments,200.85370200001125,4342.012758000012,0,1048576,,35769,0,36,128.263669,-79887.6396484375,,0,0,108,0,915,97.033475,1053928,83.207477,2097,134.25390625,12.684798999999998,30.810762
sum_of_elements,1,fragments,200.85370200001125,4470.965059000012,0,1048576,,32932,0,37,128.952301,-86484.1328125,,0,0,111,0,912,95.026325,1055472,81.817965,2108,137.7197265625,12.080376999999995,33.517244
sum_of_elements,1,fragments,200.85370200001125,4603.277062000012,0,1048576,,27825,0,38,132.312003,-75109.763671875,,0,0,114,0,909,97.640977,1057320,83.06332,2117,138.50390625,13.415690000000001,34.253382
sum_of_elements,1,fragments,200.85370200001125,4734.962982000012,0,1048576,,31963,0,39,131.68592,-86400.6767578125,,0,0,99,0,924,96.278293,1060392,82.138413,2111,142.8818359375,13.013017000000008,34.992253
sum_of_elements,1,fragments,200.85370200001125,4866.4988520000115,0,1048576,,31626,0,40,131.53587,-74343.2099609375,,0,0,102,0,921,96.360626,1063756,82.277965,2108,145.734375,12.951946999999992,34.772008
sum_of_elements,1,fragments,200.85370200001125,5000.475096000012,0,1048576,,35016,0,41,133.976244,-79411.8388671875,,0,0,98,0,925,97.164035,1067068,82.714665,2117,149.3662109375,13.328183000000003,36.384284
sum_of_elements,1,fragments,200.85370200001125,5137.163972000012,0,1048576,,24572,0,42,136.688876,-63712.423828125,,0,0,96,0,927,98.819327,1069488,84.782924,2127,151.9306640625,12.834442999999997,37.458416
sum_of_elements,1,fragments,200.85370200001125,5271.533993000012,0,1048576,,34469,0,43,134.370021,-67916.75,,0,0,102,0,921,95.997834,1072060,81.92112,2143,152.58203125,12.92621699999999,37.939349
sum_of_elements,1,fragments,200.85370200001125,5407.539541000012,0,1048576,,39918,0,44,136.005548,-75747.3134765625,,0,0,92,0,931,96.450133,1073600,81.600633,2157,153.2177734375,13.665633999999988,39.132525
sum_of_elements,1,fragments,200.85370200001125,5542.200432000012,0,1048576,,45159,0,45,134.660891,-81709.66796875,,0,0,85,0,938,94.826733,1074912,80.098679,2129,153.39453125,13.573245000000005,39.408993
sum_of_elements,1,fragments,200.85370200001125,5710.096797000012,0,1048576,,28655,0,46,167.896365,-71213.1669921875,,0,0,109,0,914,131.099431,1076720,115.722676,2105,157.7216796875,14.154923000000013,36.348952
sum_of_elements,1,fragments,200.85370200001125,5870.846642000012,0,1048576,,31734,0,47,160.749845,-72739.8642578125,,0,0,94,0,929,124.306724,1078540,110.112303,2137,159.5322265625,13.018999000000003,36.013282
sum_of_elements,1,fragments,200.85370200001125,6004.989595000012,0,1048576,,42822,0,48,134.142953,-80608.431640625,,0,0,114,0,909,94.33535,1080180,79.876168,2149,163.673828125,13.246063000000001,39.372518
sum_of_elements,1,fragments,200.85370200001125,6144.9229460000115,0,1048576,,26602,0,49,139.933351,-64141.529296875,,0,0,95,0,928,98.209971,1084020,82.831003,2132,167.9091796875,14.225779999999993,41.297553
sum_of_elements,1,fragments,200.85370200001125,6284.5781590000115,0,1048576,,25592,0,50,139.655213,-55171.03515625,,0,0,99,0,924,98.434035,1087256,82.979787,2126,168.80859375,14.299505999999996,40.829081
sum_of_elements,1,fragments,200.85370200001125,6456.248017000012,0,1048576,,31619,0,51,171.669858,-66222.5390625,,0,0,85,0,938,128.5431,1089820,113.696706,2143,172.7353515625,13.668080000000005,42.698244
sum_of_elements,1,fragments,200.85370200001125,6629.945928000012,0,1048576,,37211,0,52,173.697911,-72559.5439453125,,0,0,99,0,924,130.909361,1092908,114.865494,2178,178.40234375,14.825769999999991,42.340986
sum_of_elements,1,fragments,200.85370200001125,6834.363958000012,0,1048576,,22736,0,53,204.41803,-57488.4345703125,,0,0,101,0,922,132.920134,1096056,117.242631,2170,182.78125,14.416866999999993,71.068551
sum_of_elements,1,fragments,200.85370200001125,7031.246458000011,0,1048576,,20476,0,54,196.8825,-48522.5224609375,,0,0,106,0,917,156.527546,1099652,117.564085,2180,181.6630859375,37.395388999999994,38.935128
sum_of_elements,1,fragments,200.85370200001125,7204.863155000012,0,1048576,,26846,0,55,173.616697,-62704.41796875,,0,0,104,0,919,133.394222,1102744,118.043019,2189,187.4013671875,14.157133000000016,39.809566
sum_of_elements,1,fragments,200.85370200001125,7349.400192000012,0,1048576,,21498,0,56,144.537037,-56051.58203125,,0,0,100,0,923,100.193213,1105596,84.661763,2149,189.5234375,14.343976999999997,43.920152
sum_of_elements,1,fragments,200.85370200001125,7492.951011000012,0,1048576,,31728,0,57,143.550819,-57525.6748046875,,0,0,96,0,927,100.667109,1107420,84.523091,2135,190.52734375,14.904724999999992,42.458908
sum_of_elements,1,fragments,200.85370200001125,7637.238842000012,0,1048576,,24563,0,58,144.287831,-59112.63671875,,0,0,110,0,913,100.764138,1109528,84.644332,2112,193.283203125,14.906669000000006,43.088529
sum_of_elements,1,fragments,200.85370200001125,7781.885117000012,0,1048576,,36052,0,59,144.646275,-62981.9326171875,,0,0,104,0,919,99.648565,1111912,83.387862,2109,196.662109375,15.038362999999999,44.580372
sum_of_elements,1,fragments,200.85370200001125,7930.158163000012,0,1048576,,23546,0,60,148.273046,-53191.7568359375,,0,0,85,0,938,103.663027,1114620,86.105606,2146,200.603515625,16.293486,44.182766
sum_of_elements,1,fragments,200.85370200001125,8077.827171000012,0,1048576,,20695,0,61,147.669008,-55227.990234375,,0,0,86,0,937,102.041255,1117588,84.655977,2170,200.6201171875,16.081624000000012,45.216335
sum_of_elements,1,fragments,200.85370200001125,8225.626035000012,0,1048576,,30826,0,62,147.798864,-61410.8330078125,,0,0,91,0,932,102.983536,1122184,86.373927,2149,200.099609375,15.374602000000003,44.373285
sum_of_elements,1,fragments,200.85370200001125,8374.320351000011,0,1048576,,29898,0,63,148.694316,-74263.1279296875,,0,0,103,0,920,101.185694,1124180,85.443824,2130,201.7060546875,14.510820999999998,47.0792
sum_of_elements,1,fragments,200.85370200001125,8525.36136300001,0,1048576,,33770,0,64,151.041012,-64663.662109375,,0,0,88,0,935,103.579652,1126364,85.959344,2123,204.77734375,16.32135099999999,46.996338
sum_of_elements,1,fragments,200.85370200001125,8704.229491000011,0,1048576,,28668,0,65,178.868128,-58506.3896484375,,0,0,105,0,918,132.381728,1127312,115.173427,2099,203.431640625,15.908519000000007,46.037319
sum_of_elements,1,fragments,200.85370200001125,8888.00848800001,0,1048576,,27854,0,66,183.778997,-57691.8876953125,,0,0,92,0,931,136.093287,1128540,119.093387,2145,205.26171875,15.766481999999993,47.264474
sum_of_elements,1,fragments,200.85370200001125,9037.81142400001,0,1048576,,20477,0,67,149.802936,-45537.5927734375,,0,0,87,0,936,103.194439,1129104,85.642058,2153,200.2646484375,16.266292999999997,46.16619
sum_of_elements,1,fragments,200.85370200001125,9220.94453100001,0,1048576,,27528,0,68,183.133107,-58945.51953125,,0,0,83,0,940,136.540191,1130284,119.796538,2158,203.822265625,15.523274999999996,46.112937
sum_of_elements,1,fragments,200.85370200001125,9404.50511900001,0,1048576,,25594,0,69,183.560588,-58594.9677734375,,0,0,106,0,917,136.574045,1132392,119.565093,2156,205.5810546875,15.726181000000018,46.547937
sum_of_elements,1,fragments,200.85370200001125,9589.477541000011,0,1048576,,23545,0,70,184.972422,-52385.8623046875,,0,0,83,0,940,137.149987,1134904,119.95988,2156,210.6455078125,15.895057000000007,47.359414
sum_of_elements,1,fragments,200.85370200001125,9773.292804000012,0,1048576,,29299,0,71,183.815263,-64140.4208984375,,0,0,95,0,928,136.3499,1136244,119.885,2161,210.8056640625,15.113904999999999,46.967207
sum_of_elements,1,fragments,200.85370200001125,9958.183994000012,0,1048576,,21701,0,72,184.89119,-55127.05859375,,0,0,100,0,923,138.06075,1137620,120.810217,2164,212.23828125,15.878737,46.363874
sum_of_elements,1,fragments,200.85370200001125,10141.020330000012,0,1048576,,28662,0,73,182.836336,-49556.2744140625,,0,0,101,0,922,135.778815,1138988,119.140119,2160,214.1669921875,15.294922999999997,46.626178
sum_of_elements,1,fragments,200.85370200001125,10321.303065000013,0,1048576,,30923,0,74,180.282735,-53669.5556640625,,0,0,109,0,914,133.681832,1140920,117.160781,2138,215.109375,15.165291,46.146187
sum_of_elements,1,fragments,200.85370200001125,10506.859097000013,0,1048576,,34796,0,75,185.556032,-65023.783203125,,0,0,98,0,925,135.625493,1142588,118.808403,2149,217.3154296875,15.446734000000014,49.485993
sum_of_elements,1,fragments,200.85370200001125,10696.934771000013,0,1048576,,29100,0,76,190.075674,-59897.4443359375,,0,0,102,0,921,139.543414,1144220,122.224522,2166,221.15625,15.950885,50.093253
sum_of_elements,1,fragments,200.85370200001125,10887.695054000013,0,1048576,,22312,0,77,190.760283,-45334.87109375,,0,0,108,0,915,141.042812,1145720,122.346541,2141,225.3251953125,17.254163000000005,49.163899
sum_of_elements,1,fragments,200.85370200001125,11076.974251000012,0,1048576,,19403,0,78,189.279197,-43652.669921875,,0,0,111,0,912,138.748048,1147208,120.745856,2132,228.1298828125,16.629629000000023,50.059732
sum_of_elements,1,fragments,200.85370200001125,11263.077881000012,0,1048576,,36044,0,79,186.10363,-60288.93359375,,0,0,108,0,915,137.51158,1148192,119.825713,2142,232.544921875,16.297184000000016,48.157789
sum_of_elements,1,fragments,200.85370200001125,11455.672134000011,0,1048576,,24570,0,80,192.594253,-53564.7724609375,,0,0,105,0,918,138.997281,1150600,121.888139,2140,239.5166015625,15.718345999999988,53.150788
sum_of_elements,1,fragments,200.85370200001125,11648.897965000011,0,1048576,,22522,0,81,193.225831,-45786.212890625,,0,0,100,0,923,139.862533,1156376,120.717963,2151,245.9541015625,17.636055000000013,52.825977
sum_of_elements,1,fragments,200.85370200001125,11848.07824200001,0,1048576,,27646,0,82,199.180277,-47216.158203125,,0,0,82,0,941,146.437689,1164920,126.080479,2191,245.0087890625,18.899703999999996,52.301364
sum_of_elements,1,fragments,200.85370200001125,12044.95777800001,0,1048576,,38108,0,83,196.879536,-66074.7822265625,,0,0,94,0,929,141.644964,1169532,122.504216,2191,248.6787109375,17.694504000000002,54.788867
sum_of_elements,1,fragments,200.85370200001125,12244.637392000011,0,1048576,,32867,0,84,199.679614,-55669.7998046875,,0,0,107,0,916,144.143954,1173132,124.623521,2173,247.2890625,18.028386000000005,55.090145
sum_of_elements,1,fragments,200.85370200001125,12444.775354000012,0,1048576,,29119,0,85,200.137962,-49793.73828125,,0,0,105,0,918,145.512244,1174900,126.764009,2150,249.8408203125,17.270979,54.179403
sum_of_elements,1,fragments,200.85370200001125,12653.662021000013,0,1048576,,31082,0,86,208.886667,-47737.4853515625,,0,0,71,0,952,151.382092,1180716,133.062225,2203,253.0859375,16.868984999999988,57.006752
sum_of_elements,1,fragments,200.85370200001125,12861.284982000012,0,1048576,,23386,0,87,207.622961,-48322.7900390625,,0,0,101,0,922,149.298914,1185016,129.583813,2159,251.21875,18.254749999999998,57.863237
sum_of_elements,1,fragments,200.85370200001125,13069.253769000012,0,1048576,,31969,0,88,207.968787,-54313.236328125,,0,0,103,0,920,151.036644,1186920,131.542012,2159,249.453125,18.04075900000001,56.481878
sum_of_elements,1,fragments,200.85370200001125,13276.301455000012,0,1048576,,34805,0,89,207.047686,-60193.0849609375,,0,0,94,0,929,149.590475,1188612,130.140716,2151,250.28125,18.014551000000008,57.011913
sum_of_elements,1,fragments,200.85370200001125,13484.336967000012,0,1048576,,26403,0,90,208.035512,-56714.3251953125,,0,0,80,0,943,151.67041,1192032,132.069835,2174,257.26953125,18.133652000000005,55.881254
sum_of_elements,1,fragments,200.85370200001125,13697.563264000011,0,1048576,,30901,0,91,213.226297,-52909.6474609375,,0,0,93,0,930,154.129155,1195656,134.504428,2161,262.384765625,18.176879999999983,58.631184
sum_of_elements,1,fragments,200.85370200001125,13912.369349000011,0,1048576,,30493,0,92,214.806085,-54008.1181640625,,0,0,106,0,917,157.531,1197656,137.405179,2158,269.8583984375,18.575641999999995,56.784331
sum_of_elements,1,fragments,200.85370200001125,14126.321667000011,0,1048576,,25777,0,93,213.952318,-54733.0390625,,0,0,77,0,946,154.400876,1199024,133.917562,2169,271.42578125,18.991686000000023,59.092764
sum_of_elements,1,fragments,200.85370200001125,14346.278956000011,0,1048576,,30887,0,94,219.957289,-54550.412109375,,0,0,105,0,918,159.573569,1201988,139.11819,2178,270,18.965733999999998,59.925091
sum_of_elements,1,fragments,200.85370200001125,14565.21582700001,0,1048576,,26838,0,95,218.936871,-42795.9716796875,,0,0,85,0,938,157.565678,1204028,135.810771,2179,277.0595703125,20.167251,60.919638
sum_of_elements,1,fragments,200.85370200001125,14786.36096400001,0,1048576,,25814,0,96,221.145137,-52717.1337890625,,0,0,113,0,910,154.970912,1207608,134.175153,2161,280.017578125,19.292891000000004,65.708548
sum_of_elements,1,fragments,200.85370200001125,15009.54630000001,0,1048576,,22494,0,97,223.185336,-40701.044921875,,0,0,97,0,926,160.364178,1208748,136.921231,2151,282.6728515625,21.699902000000016,62.261566
sum_of_elements,1,fragments,200.85370200001125,15227.860815000011,0,1048576,,29688,0,98,218.314515,-54370.4140625,,0,0,76,0,947,155.460376,1210928,134.661733,2158,284.51171875,19.27661299999999,62.406526
sum_of_elements,1,fragments,200.85370200001125,15445.898621000011,0,1048576,,20470,0,99,218.037806,-46695.88671875,,0,0,90,0,933,157.689724,1213444,136.860752,2154,287.056640625,19.245186000000004,59.907463
sum_of_elements,1,fragments,200.85370200001125,15665.41072500001,0,1048576,,26839,0,100,219.512104,-45584.6494140625,,0,0,75,0,948,157.200461,1215944,137.078427,2178,288.8544921875,18.576495999999985,61.842853
sum_of_elements,1,fragments,200.85370200001125,15882.127945000011,0,1048576,,30716,0,101,216.71722,-46594.3984375,,0,0,73,0,950,152.349455,1220856,131.133247,2202,288.7568359375,19.705602,63.908254
sum_of_elements,1,fragments,200.85370200001125,16109.62297800001,0,1048576,,22526,0,102,227.495033,-50637.3662109375,,0,0,82,0,941,162.63434,1224744,141.290434,2213,291.0087890625,19.805771000000018,64.332531
sum_of_elements,1,fragments,200.85370200001125,16334.61472400001,0,1048576,,20699,0,103,224.991746,-43962.494140625,,0,0,76,0,947,157.227928,1227316,136.178035,2175,296.7177734375,19.479522999999997,67.30612
sum_of_elements,1,fragments,200.85370200001125,16556.67619800001,0,1048576,,20675,0,104,222.061474,-40814.2626953125,,0,0,93,0,930,157.653072,1229392,136.164,2167,300.51171875,19.89355300000002,63.948389
sum_of_elements,1,fragments,200.85370200001125,16786.160987000007,0,1048576,,29883,0,105,229.484789,-48378.3779296875,,0,0,89,0,934,159.736041,1232356,139.062053,2172,307.310546875,19.04261700000001,69.280808
sum_of_elements,1,fragments,200.85370200001125,17012.306411000005,0,1048576,,17603,0,106,226.145424,-38864.3740234375,,0,0,84,0,939,159.599693,1236844,136.112774,2162,316.4521484375,21.813589000000007,66.074441
sum_of_elements,1,fragments,200.85370200001125,17240.737674000004,0,1048576,,11465,0,107,228.431263,-33737.009765625,,0,0,87,0,936,159.10547,1241104,137.231131,2186,316.921875,20.201294000000008,68.871168
sum_of_elements,1,fragments,200.85370200001125,17473.906601000002,0,1048576,,16583,0,108,233.168927,-34588.1328125,,0,0,90,0,933,160.911705,1244016,138.031792,2158,316.466796875,21.221107000000025,71.807106
sum_of_elements,1,fragments,200.85370200001125,17698.611646,0,1048576,,27618,0,109,224.705045,-47605.4521484375,,0,0,91,0,932,155.149258,1249664,132.162342,2179,319.611328125,21.340302,69.056008
sum_of_elements,1,fragments,200.85370200001125,17925.180677,0,1048576,,20901,0,110,226.569031,-34413.376953125,,0,0,86,0,937,158.868908,1253712,136.962238,2181,318.2119140625,20.345916999999993,67.208053
sum_of_elements,1,fragments,200.85370200001125,18148.67095,0,1048576,,31354,0,111,223.490273,-46820.693359375,,0,0,90,0,933,151.618441,1256872,130.063191,2190,322.6591796875,19.977247000000002,71.392406
sum_of_elements,1,fragments,200.85370200001125,18379.546589,0,1048576,,14533,0,112,230.875639,-30200.7646484375,,0,0,94,0,929,158.482064,1261956,136.114614,2166,322.6572265625,20.728487,71.951788
sum_of_elements,1,fragments,200.85370200001125,18608.575455000002,0,1048576,,15360,0,113,229.028866,-30443.208984375,,0,0,89,0,934,159.230363,1266508,137.183218,2169,327.986328125,20.381892000000008,69.332119
sum_of_elements,1,fragments,200.85370200001125,18836.780853,0,1048576,,15349,0,114,228.205398,-34517.9111328125,,0,0,84,0,939,155.308695,1269520,133.150123,2155,330.3828125,20.488503999999985,72.43518
sum_of_elements,1,fragments,200.85370200001125,19066.620074,0,1048576,,21496,0,115,229.839221,-36681.5849609375,,0,0,87,0,936,160.470355,1271192,138.191672,2179,339.0986328125,20.647211999999996,68.933327
sum_of_elements,1,fragments,200.85370200001125,19302.850042,0,1048576,,12495,0,116,236.229968,-30952.923828125,,0,0,74,0,949,163.350855,1274128,141.753888,2190,340.5654296875,19.96512399999999,72.438143
sum_of_elements,1,fragments,200.85370200001125,19545.032507999997,0,1048576,,25006,0,117,242.182466,-50618.08203125,,0,0,80,0,943,166.268456,1276760,143.345775,2179,350.83984375,21.192756999999983,75.429756
sum_of_elements,1,fragments,200.85370200001125,19780.410909999995,0,1048576,,16588,0,118,235.378402,-31456.482421875,,0,0,82,0,941,158.342895,1282484,135.340129,2179,352.0263671875,21.198864999999987,76.58039
sum_of_elements,1,fragments,200.85370200001125,20017.312676999994,0,1048576,,25821,0,119,236.901767,-47360.8046875,,0,0,82,0,941,158.955522,1284440,136.541161,2157,355.9228515625,20.581136000000015,77.472612
sum_of_elements,1,fragments,200.85370200001125,20251.653030999994,0,1048576,,13312,0,120,234.340354,-32950.458984375,,0,0,98,0,925,160.492723,1285772,137.861482,2186,353.8232421875,20.843536000000007,73.405316
sum_of_elements,1,fragments,200.85370200001125,20489.097205999995,0,1048576,,14559,0,121,237.444175,-31165.0859375,,0,0,98,0,925,163.105806,1286760,140.771998,2183,359.27734375,20.61586599999999,73.884699
sum_of_elements,1,fragments,200.85370200001125,20732.857887999995,0,1048576,,15796,0,122,243.760682,-36498.748046875,,0,0,87,0,936,164.477589,1289444,142.229043,2170,366.7763671875,20.521348999999983,78.834228
sum_of_elements,1,fragments,200.85370200001125,20980.460830999997,0,1048576,,19450,0,123,247.602943,-37083.8203125,,0,0,91,0,932,166.510775,1292576,142.547253,2174,371.484375,22.101366999999996,80.64258
sum_of_elements,1,fragments,200.85370200001125,21228.488833999996,0,1048576,,10236,0,124,248.028003,-29234.326171875,,0,0,88,0,935,166.743865,1297296,143.521933,2175,369.48046875,21.394871999999985,80.829875
sum_of_elements,1,fragments,200.85370200001125,21487.115763999995,0,1048576,,20474,0,125,258.62693,-39761.1015625,,0,0,87,0,936,176.435485,1301792,152.84223,2179,363.7333984375,21.673654000000013,81.666957
sum_of_elements,1,fragments,200.85370200001125,21738.170709999995,0,1048576,,8873,0,126,251.054946,-28556.57421875,,0,0,79,0,944,168.122913,1304900,145.103615,2188,360.7978515625,21.204303000000017,82.478001
sum_of_elements,1,fragments,200.85370200001125,21985.828264999996,0,1048576,,16370,0,127,247.657555,-35206.6884765625,,0,0,89,0,934,168.084793,1306380,145.471833,2180,370.6279296875,20.782778,79.117035
sum_of_elements,2,native,146.76176000004324,389.23859600004323,0,1048576,1175,318332,0,0,242.476836,-873309.2548828125,0,0,0,144,0,,,,,,,,
sum_of_elements,2,native,146.76176000004324,614.9099070000432,0,1048576,1201,125515,0,1,225.671311,-828754.11328125,0,0,0,130,0,,,,,,,,
sum_of_elements,2,native,146.76176000004324,826.0954620000432,0,1048576,1190,29684,0,2,211.185555,-802242.4189453125,0,0,0,129,0,,,,,,,,
sum_of_elements,2,native,146.76176000004324,1030.0081020000432,0,1048576,1154,18426,0,3,203.91264,-788483.5361328125,0,0,0,151,0,,,,,,,,
sum_of_elements,2,native,146.76176000004324,1237.9136590000433,0,1048576,1230,18421,0,4,207.905557,-776432.49609375,6,0,0,115,0,,,,,,,,
sum_of_elements,2,native,146.76176000004324,1451.0234100000432,0,1048576,1213,27617,0,5,213.109751,-774134.033203125,0,0,0,115,0,,,,,,,,
sum_of_elements,2,native,146.76176000004324,1653.8297640000433,0,1048576,1198,15356,0,6,202.806354,-754766.0693359375,6,0,0,136,0,,,,,,,,
sum_of_elements,2,native,146.76176000004324,1862.2014280000433,0,1048576,1237,8192,0,7,208.371664,-740690.943359375,8,0,0,105,0,,,,,,,,
sum_of_elements,2,native,146.76176000004324,2073.141533000043,0,1048576,1206,16384,0,8,210.940105,-720551.267578125,4,0,0,111,0,,,,,,,,
sum_of_elements,2,native,146.76176000004324,2292.789867000043,0,1048576,1214,15356,0,9,219.648334,-696995.8173828125,6,0,0,105,0,,,,,,,,
sum_of_elements,2,native,146.76176000004324,2519.304944000043,0,1048576,1232,24562,0,10,226.515077,-664929.208984375,10,0,0,94,0,,,,,,,,
sum_of_elements,2,native,146.76176000004324,2746.529815000043,0,1048576,1212,28656,0,11,227.224871,-629641.9697265625,12,0,0,116,0,,,,,,,,
sum_of_elements,2,native,146.76176000004324,2982.337577000043,0,1048576,1212,27638,0,12,235.807762,-567611.9189453125,10,0,0,114,0,,,,,,,,
sum_of_elements,2,native,146.76176000004324,3226.312595000043,0,1048576,1191,29203,0,13,243.975018,-496717.537109375,10,0,0,133,0,,,,,,,,
sum_of_elements,2,native,146.76176000004324,3482.3476230000433,0,1048576,1218,25585,0,14,256.035028,-402888.26171875,4,0,0,132,0,,,,,,,,
sum_of_elements,2,native,146.76176000004324,3743.5335540000433,0,1048576,1199,22726,0,15,261.185931,-318958.517578125,4,0,0,122,0,,,,,,,,
sum_of_elements,2,native,146.76176000004324,4012.4914650000433,0,1048576,1223,23974,0,16,268.957911,-247297.806640625,2,0,0,120,0,,,,,,,,
sum_of_elements,2,native,146.76176000004324,4301.0263520000435,0,1048576,1219,17839,0,17,288.534887,-187094.5615234375,4,0,0,132,0,,,,,,,,
sum_of_elements,2,native,146.76176000004324,4581.331536000043,0,1048576,1250,21465,0,18,280.305184,-152392.44140625,2,0,0,94,0,,,,,,,,
sum_of_elements,2,native,146.76176000004324,4870.257441000043,0,1048576,1212,21494,0,19,288.925905,-163196.517578125,2,0,0,114,0,,,,,,,,
sum_of_elements,2,native,146.76176000004324,5164.865179000043,0,1048576,1228,18417,0,20,294.607738,-144671.3408203125,2,0,0,105,0,,,,,,,,
sum_of_elements,2,native,146.76176000004324,5462.750613000043,0,1048576,1220,11256,0,21,297.885434,-135361.3369140625,4,0,0,128,0,,,,,,,,
sum_of_elements,2,native,146.76176000004324,5766.335187000042,0,1048576,1201,22513,0,22,303.584574,-128316.818359375,4,0,0,130,0,,,,,,,,
sum_of_elements,2,native,146.76176000004324,6076.951129000043,0,1048576,1201,8187,0,23,310.615942,-119039.6904296875,2,0,0,119,0,,,,,,,,
sum_of_elements,2,native,146.76176000004324,6389.658351000043,0,1048576,1227,13299,0,24,312.707222,-100519.9755859375,0,0,0,106,0,,,,,,,,
sum_of_elements,2,native,146.76176000004324,6706.924784000043,0,1048576,1191,5336,0,25,317.266433,-102989.115234375,4,0,0,137,0,,,,,,,,
sum_of_elements,2,native,146.76176000004324,7032.588405000042,0,1048576,1209,16370,0,26,325.663621,-118008.447265625,0,0,0,144,0,,,,,,,,
sum_of_elements,2,native,146.76176000004324,7365.392375000042,0,1048576,1206,7160,0,27,332.80397,-106768.57421875,4,0,0,129,0,,,,,,,,
sum_of_elements,2,native,146.76176000004324,7704.115969000042,0,1048576,1204,13288,0,28,338.723594,-111117.498046875,4,0,0,114,0,,,,,,,,
sum_of_elements,2,native,146.76176000004324,8046.442770000042,0,1048576,1182,12288,0,29,342.326801,-106913.3681640625,0,0,0,134,0,,,,,,,,
sum_of_elements,2,native,146.76176000004324,8409.449916000043,0,1048576,1196,8190,0,30,363.007146,-99480.9541015625,6,0,0,151,0,,,,,,,,
sum_of_elements,2,native,146.76176000004324,8771.907177000043,0,1048576,1192,10240,0,31,362.457261,-86275.310546875,0,0,0,138,0,,,,,,,,
sum_of_elements,2,native,146.76176000004324,9144.942437000043,0,1048576,1197,12286,0,32,373.03526,-77803.0166015625,0,0,0,143,0,,,,,,,,
sum_of_elements,2,native,146.76176000004324,9521.823949000043,0,1048576,1227,13296,0,33,376.881512,-75400.990234375,0,0,0,105,0,,,,,,,,
sum_of_elements,2,native,146.76176000004324,9907.803169000043,0,1048576,1200,11254,0,34,385.97922,-85515.4052734375,6,0,0,130,0,,,,,,,,
sum_of_elements,2,native,146.76176000004324,10340.111840000043,0,1048576,1207,5118,0,35,432.308671,-66009.640625,4,0,0,113,0,,,,,,,,
sum_of_elements,2,native,146.76176000004324,10764.402414000044,0,1048576,1212,6142,0,36,424.290574,-66365.9814453125,0,0,0,117,0,,,,,,,,
sum_of_elements,2,native,146.76176000004324,11213.868829000045,0,1048576,1228,4092,0,37,449.466415,-70590.853515625,2,0,0,105,0,,,,,,,,
sum_of_elements,2,native,146.76176000004324,11674.212195000044,0,1048576,1210,7164,0,38,460.343366,-57774.6240234375,2,0,0,122,0,,,,,,,,
sum_of_elements,2,native,146.76176000004324,12124.862753000043,0,1048576,1207,7161,0,39,450.650558,-61101.5419921875,2,0,0,131,0,,,,,,,,
sum_of_elements,2,native,146.76176000004324,12606.059536000042,0,1048576,1209,4092,0,40,481.196783,-58446.6865234375,4,0,0,132,0,,,,,,,,
sum_of_elements,2,native,146.76176000004324,13092.200022000043,0,1048576,1253,8188,0,41,486.140486,-63894,0,0,0,84,0,,,,,,,,
sum_of_elements,2,native,146.76176000004324,13587.837602000043,0,1048576,1232,2041,0,42,495.63758,-59129.67578125,0,0,0,112,0,,,,,,,,
sum_of_elements,2,native,146.76176000004324,14088.094848000042,0,1048576,1203,2048,0,43,500.257246,-47529.6953125,2,0,0,109,0,,,,,,,,
sum_of_elements,2,native,146.76176000004324,14590.254385000042,0,1048576,1205,1024,0,44,502.159537,-45701.4267578125,0,0,0,100,0,,,,,,,,
sum_of_elements,2,native,146.76176000004324,15111.750596000042,0,1048576,1240,3010,0,45,521.496211,-55445.6083984375,2,0,0,100,0,,,,,,,,
sum_of_elements,2,native,146.76176000004324,15643.873297000042,0,1048576,1189,5116,0,46,532.122701,-45906.7490234375,0,0,0,147,0,,,,,,,,
sum_of_elements,2,native,146.76176000004324,16162.772933000042,0,1048576,1220,8190,0,47,518.899636,-50511.3544921875,0,0,0,131,0,,,,,,,,
sum_of_elements,2,native,146.76176000004324,16684.487723000042,0,1048576,1194,3068,0,48,521.71479,-46534.3564453125,0,0,0,136,0,,,,,,,,
sum_of_elements,2,native,146.76176000004324,17212.24764700004,0,1048576,1212,3070,0,49,527.759924,-32660.099609375,2,0,0,114,0,,,,,,,,
sum_of_elements,2,native,146.76176000004324,17737.70885100004,0,1048576,1230,1024,0,50,525.461204,-32584.74609375,0,0,0,113,0,,,,,,,,
sum_of_elements,2,native,146.76176000004324,18278.449820000038,0,1048576,1226,1024,0,51,540.740969,-43178.28125,2,0,0,104,0,,,,,,,,
sum_of_elements,2,native,146.76176000004324,18824.56160700004,0,1048576,1211,4092,0,52,546.111787,-40720.7509765625,0,0,0,112,0,,,,,,,,
sum_of_elements,2,native,146.76176000004324,19360.97839700004,0,1048576,1214,5116,0,53,536.41679,-43022.8857421875,0,0,0,138,0,,,,,,,,
sum_of_elements,2,native,146.76176000004324,19903.60299900004,0,1048576,1229,1024,0,54,542.624602,-38191.5,0,0,0,116,0,,,,,,,,
sum_of_elements,2,native,146.76176000004324,20490.71673800004,0,1048576,1241,2048,0,55,587.113739,-36519.9013671875,2,0,0,121,0,,,,,,,,
sum_of_elements,2,native,146.76176000004324,21078.803940000038,0,1048576,1213,6140,0,56,588.087202,-54312.4482421875,0,0,0,132,0,,,,,,,,
sum_of_elements,2,native,146.76176000004324,21673.34666900004,0,1048576,1217,5114,0,57,594.542729,-39093.287109375,0,0,0,118,0,,,,,,,,
sum_of_elements,2,native,146.76176000004324,22290.96033600004,0,1048576,1243,5115,0,58,617.613667,-41803.3603515625,0,0,0,105,0,,,,,,,,
sum_of_elements,2,native,146.76176000004324,22890.33124600004,0,1048576,1233,2048,0,59,599.37091,-38998.0517578125,0,0,0,94,0,,,,,,,,
sum_of_elements,2,native,146.76176000004324,23501.24034300004,0,1048576,1229,3070,0,60,610.909097,-40743.8720703125,2,0,0,101,0,,,,,,,,
sum_of_elements,2,native,146.76176000004324,24128.39445100004,0,1048576,1212,3057,0,61,627.154108,-36611.4833984375,2,0,0,110,0,,,,,,,,
sum_of_elements,2,native,146.76176000004324,24748.04141800004,0,1048576,1173,5118,0,62,619.646967,-46549.4990234375,0,0,0,131,0,,,,,,,,
sum_of_elements,2,native,146.76176000004324,25380.63333700004,0,1048576,1215,2048,0,63,632.591919,-33938.837890625,0,0,0,105,0,,,,,,,,
sum_of_elements,2,native,146.76176000004324,26027.72567200004,0,1048576,1206,3072,0,64,647.092335,-38688.8232421875,0,0,0,113,0,,,,,,,,
sum_of_elements,2,native,146.76176000004324,26672.57795700004,0,1048576,1220,5120,0,65,644.852285,-48747.4072265625,0,0,0,118,0,,,,,,,,
sum_of_elements,2,native,146.76176000004324,27320.24537000004,0,1048576,1202,1024,0,66,647.667413,-36553.66015625,0,0,0,123,0,,,,,,,,
sum_of_elements,2,native,146.76176000004324,27964.92667300004,0,1048576,1206,3072,0,67,644.681303,-44187.4052734375,0,0,0,119,0,,,,,,,,
sum_of_elements,2,native,146.76176000004324,28636.391900000042,0,1048576,1231,1024,0,68,671.465227,-43811.7275390625,0,0,0,109,0,,,,,,,,
sum_of_elements,2,native,146.76176000004324,29341.032568000042,0,1048576,1220,6350,0,69,704.640668,-37993.486328125,2,0,0,119,0,,,,,,,,
sum_of_elements,2,native,146.76176000004324,30045.717385000044,0,1048576,1205,2048,0,70,704.684817,-38943.4072265625,0,0,0,125,0,,,,,,,,
sum_of_elements,2,native,146.76176000004324,30756.420567000045,0,1048576,1231,2048,0,71,710.703182,-32015.11328125,0,0,0,112,0,,,,,,,,
sum_of_elements,2,native,146.76176000004324,31471.136848000046,0,1048576,1209,2046,0,72,714.716281,-27628.9921875,0,0,0,128,0,,,,,,,,
sum_of_elements,2,native,146.76176000004324,32198.176254000045,0,1048576,1228,2048,0,73,727.039406,-33179.8232421875,0,0,0,116,0,,,,,,,,
sum_of_elements,2,native,146.76176000004324,32935.76398600005,0,1048576,1222,2048,0,74,737.587732,-27697.2919921875,0,0,0,125,0,,,,,,,,
sum_of_elements,2,native,146.76176000004324,33651.81257600005,0,1048576,1199,3072,0,75,716.04859,-28985.6767578125,0,0,0,122,0,,,,,,,,
sum_of_elements,2,native,146.76176000004324,34375.79085100005,0,1048576,1224,1024,0,76,723.978275,-33353.818359375,0,0,0,117,0,,,,,,,,
sum_of_elements,2,native,146.76176000004324,35137.95506400005,0,1048576,1224,1020,0,77,762.164213,-35731.0234375,0,0,0,88,0,,,,,,,,
sum_of_elements,2,native,146.76176000004324,35881.46305700005,0,1048576,1179,1024,0,78,743.507993,-23195.7822265625,0,0,0,131,0,,,,,,,,
sum_of_elements,2,native,146.76176000004324,36624.21262700005,0,1048576,1249,5120,0,79,742.74957,-26833.10546875,0,0,0,99,0,,,,,,,,
sum_of_elements,2,native,146.76176000004324,37399.06193700005,0,1048576,1218,3070,0,80,774.84931,-30787.611328125,0,0,0,94,0,,,,,,,,
sum_of_elements,2,native,146.76176000004324,38184.14503000005,0,1048576,1216,1024,0,81,785.083093,-23270.1083984375,0,0,0,127,0,,,,,,,,
sum_of_elements,2,native,146.76176000004324,38953.57702200005,0,1048576,1231,0,0,82,769.431992,-34182.162109375,0,0,0,105,0,,,,,,,,
sum_of_elements,2,native,146.76176000004324,39720.350590000045,0,1048576,1224,2048,0,83,766.773568,-19696.0771484375,0,0,0,113,0,,,,,,,,
sum_of_elements,2,native,146.76176000004324,40475.66028600004,0,1048576,1226,3070,0,84,755.309696,-29128.150390625,0,0,0,111,0,,,,,,,,
sum_of_elements,2,native,146.76176000004324,41229.29811200004,0,1048576,1195,3072,0,85,753.637826,-27911.1103515625,0,0,0,107,0,,,,,,,,
sum_of_elements,2,native,146.76176000004324,41995.87315700004,0,1048576,1165,1024,0,86,766.575045,-20387.3369140625,0,0,0,120,0,,,,,,,,
sum_of_elements,2,native,146.76176000004324,42769.844884000035,0,1048576,1227,2048,0,87,773.971727,-22791.2587890625,0,0,0,96,0,,,,,,,,
sum_of_elements,2,native,146.76176000004324,43552.74201500003,0,1048576,1223,4094,0,88,782.897131,-29711.0009765625,0,0,0,109,0,,,,,,,,
sum_of_elements,2,native,146.76176000004324,44337.66297800003,0,1048576,1217,2048,0,89,784.920963,-27657.9599609375,0,0,0,106,0,,,,,,,,
sum_of_elements,2,native,146.76176000004324,45164.17124900003,0,1048576,1208,3072,0,90,826.508271,-29536.15625,0,0,0,124,0,,,,,,,,
sum_of_elements,2,native,146.76176000004324,45980.72289600003,0,1048576,1217,1024,0,91,816.551647,-23876.0576171875,0,0,0,107,0,,,,,,,,
sum_of_elements,2,native,146.76176000004324,46809.105390000026,0,1048576,1213,1024,0,92,828.382494,-21258.9296875,0,0,0,101,0,,,,,,,,
sum_of_elements,2,native,146.76176000004324,47633.47234000003,0,1048576,1219,6142,0,93,824.36695,-31928.7021484375,0,0,0,111,0,,,,,,,,
sum_of_elements,2,native,146.76176000004324,48466.78057000003,0,1048576,1214,1234,0,94,833.30823,-19971.9013671875,0,0,0,122,0,,,,,,,,
sum_of_elements,2,native,146.76176000004324,49321.89043700003,0,1048576,1220,1024,0,95,855.109867,-22208.75390625,2,0,0,121,0,,,,,,,,
sum_of_elements,2,native,146.76176000004324,50214.65794700003,0,1048576,1202,2046,0,96,892.76751,-24112.7568359375,0,0,0,129,0,,,,,,,,
sum_of_elements,2,native,146.76176000004324,51129.78966700003,0,1048576,1191,0,0,97,915.13172,-9255.634765625,2,0,0,114,0,,,,,,,,
sum_of_elements,2,native,146.76176000004324,51967.87255500002,0,1048576,1239,2048,0,98,838.082888,-18915.18359375,0,0,0,103,0,,,,,,,,
sum_of_elements,2,native,146.76176000004324,52797.73335800003,0,1048576,1215,2048,0,99,829.860803,-14586.9140625,0,0,0,101,0,,,,,,,,
sum_of_elements,2,native,146.76176000004324,53658.042394000026,0,1048576,1187,1024,0,100,860.309036,-15770.974609375,0,0,0,125,0,,,,,,,,
sum_of_elements,2,native,146.76176000004324,54489.73200700003,0,1048576,1206,1024,0,101,831.689613,-17598.990234375,0,0,0,118,0,,,,,,,,
sum_of_elements,2,native,146.76176000004324,55362.881971000024,0,1048576,1234,0,0,102,873.149964,-14894.5546875,0,0,0,98,0,,,,,,,,
sum_of_elements,2,native,146.76176000004324,56301.835935000025,0,1048576,1242,2048,0,103,938.953964,-19829.669921875,0,0,0,106,0,,,,,,,,
sum_of_elements,2,native,146.76176000004324,57166.71360600003,0,1048576,1221,2046,0,104,864.877671,-24629.166015625,0,0,0,100,0,,,,,,,,
sum_of_elements,2,native,146.76176000004324,58071.415974000025,0,1048576,1227,0,0,105,904.702368,-23531.3125,0,0,0,100,0,,,,,,,,
sum_of_elements,2,native,146.76176000004324,59002.20907400003,0,1048576,1218,1024,0,106,930.7931,-17973.5224609375,0,0,0,135,0,,,,,,,,
sum_of_elements,2,native,146.76176000004324,59929.591093000025,0,1048576,1217,2048,0,107,927.382019,-17731.4072265625,0,0,0,108,0,,,,,,,,
sum_of_elements,2,native,146.76176000004324,60832.390955000024,0,1048576,1191,1024,0,108,902.799862,-19457.2294921875,0,0,0,133,0,,,,,,,,
sum_of_elements,2,native,146.76176000004324,61759.79431900002,0,1048576,1223,2041,0,109,927.403364,-18086,0,0,0,108,0,,,,,,,,
sum_of_elements,2,native,146.76176000004324,62660.98673300002,0,1048576,1209,3072,0,110,901.192414,-31737.15234375,0,0,0,140,0,,,,,,,,
sum_of_elements,2,native,146.76176000004324,63580.96493500002,0,1048576,1205,0,0,111,919.978202,-15328.07421875,0,0,0,118,0,,,,,,,,
sum_of_elements,2,native,146.76176000004324,64484.38449600002,0,1048576,1245,0,0,112,903.419561,-18743.693359375,0,0,0,104,0,,,,,,,,
sum_of_elements,2,native,146.76176000004324,65402.94234900002,0,1048576,1237,2048,0,113,918.557853,-26825.015625,0,0,0,99,0,,,,,,,,
sum_of_elements,2,native,146.76176000004324,66334.26036500002,0,1048576,1222,3072,0,114,931.318016,-26088.359375,0,0,0,106,0,,,,,,,,
sum_of_elements,2,native,146.76176000004324,67332.28519900002,0,1048576,1199,2048,0,115,998.024834,-14769.8857421875,0,0,0,118,0,,,,,,,,
sum_of_elements,2,native,146.76176000004324,68270.42603700003,0,1048576,1196,2048,0,116,938.140838,-17487.2607421875,0,0,0,131,0,,,,,,,,
sum_of_elements,2,native,146.76176000004324,69202.20091300002,0,1048576,1202,1024,0,117,931.774876,-18816.5634765625,0,0,0,137,0,,,,,,,,
sum_of_elements,2,native,146.76176000004324,70146.35491500002,0,1048576,1228,2048,0,118,944.154002,-14414.3408203125,0,0,0,124,0,,,,,,,,
sum_of_elements,2,native,146.76176000004324,71093.62279800001,0,1048576,1233,0,0,119,947.267883,-15059.716796875,0,0,0,126,0,,,,,,,,
sum_of_elements,2,native,146.76176000004324,72050.25294600001,0,1048576,1194,4096,0,120,956.630148,-19936.1318359375,0,0,0,124,0,,,,,,,,
sum_of_elements,2,native,146.76176000004324,73008.59135100001,0,1048576,1194,5116,0,121,958.338405,-24901.365234375,0,0,0,121,0,,,,,,,,
sum_of_elements,2,native,146.76176000004324,73981.93535300001,0,1048576,1231,0,0,122,973.344002,-15469.9091796875,0,0,0,110,0,,,,,,,,
sum_of_elements,2,native,146.76176000004324,74959.82518300001,0,1048576,1231,1024,0,123,977.88983,-16624.064453125,0,0,0,102,0,,,,,,,,
sum_of_elements,2,native,146.76176000004324,75931.80341600001,0,1048576,1195,1024,0,124,971.978233,-27157.7861328125,0,0,0,136,0,,,,,,,,
sum_of_elements,2,native,146.76176000004324,76949.57642200001,0,1048576,1247,1024,0,125,1017.773006,-17400.6328125,0,0,0,115,0,,,,,,,,
sum_of_elements,2,native,146.76176000004324,77986.45257800001,0,1048576,1215,0,0,126,1036.876156,-8804.935546875,0,0,0,102,0,,,,,,,,
sum_of_elements,2,native,146.76176000004324,79052.388281,0,1048576,1244,2048,0,127,1065.935703,-15645.9912109375,0,0,0,94,0,,,,,,,,
sum_of_elements,2,fragments,199.05547399998977,297.3927549999898,0,1048576,,318332,0,0,98.337281,-873309.2548828125,,0,0,157,0,866,77.363122,1009008,66.519401,2286,52.9736328125,9.816637,20.062614
sum_of_elements,2,fragments,199.05547399998977,392.8990509999898,0,1048576,,103128,0,1,95.506296,-822247.494140625,,0,0,184,0,839,83.540754,1009396,74.540146,2055,42.1611328125,8.160969000000005,11.573041
sum_of_elements,2,fragments,199.05547399998977,495.2986789999898,0,1048576,,30098,0,2,102.399628,-795035.361328125,,0,0,237,0,786,92.465174,1009648,84.513554,1894,42.412109375,7.210377000000008,9.610487
sum_of_elements,2,fragments,199.05547399998977,597.3865599999898,0,1048576,,15354,0,3,102.087881,-774305.6865234375,,0,0,240,0,783,92.449665,1009856,84.226286,1816,44.9140625,7.48550399999999,9.353156
sum_of_elements,2,fragments,199.05547399998977,695.8984239999897,0,1048576,,29135,0,4,98.511864,-763702.5322265625,,0,0,251,0,772,88.772723,1010116,80.505244,1775,46.8896484375,7.5279980000000055,9.45585
sum_of_elements,2,fragments,199.05547399998977,796.7327729999897,0,1048576,,16853,0,5,100.834349,-727715.8984375,,0,0,237,0,786,90.972589,1010212,82.392294,1797,47.6025390625,7.778619000000001,9.584368
sum_of_elements,2,fragments,199.05547399998977,895.2204769999897,0,1048576,,14827,0,6,98.487704,-700245.9375,,0,0,199,0,824,87.379214,1010300,78.816198,1760,50.6376953125,7.7789450000000055,10.833406
sum_of_elements,2,fragments,199.05547399998977,992.8860469999897,0,1048576,,26810,0,7,97.66557,-645322.9736328125,,0,0,186,0,837,86.989417,1010384,78.137319,1795,53.8857421875,8.005212999999998,10.389252
sum_of_elements,2,fragments,199.05547399998977,1093.7966589999896,0,1048576,,16384,0,8,100.910612,-579887.1826171875,,0,0,169,0,854,88.726887,1010488,79.639295,1820,56.9384765625,8.281255,11.899749
sum_of_elements,2,fragments,199.05547399998977,1194.4314549999897,0,1048576,,25061,0,9,100.634796,-523271.8369140625,,0,0,163,0,860,87.958121,1010684,78.484331,1846,60.61328125,8.666783,12.369038
sum_of_elements,2,fragments,199.05547399998977,1295.1573349999896,0,1048576,,29638,0,10,100.72588,-459143.8115234375,,0,0,171,0,852,87.085315,1011176,77.309158,1842,63.912109375,8.960406999999993,13.279195
sum_of_elements,2,fragments,199.05547399998977,1400.1100549999896,0,1048576,,30514,0,11,104.95272,-386628.6083984375,,0,0,166,0,857,88.709927,1011892,78.32648,1850,68.318359375,9.369591999999994,15.939444
sum_of_elements,2,fragments,199.05547399998977,1507.1100719999897,0,1048576,,42795,0,12,107.000017,-295971.52734375,,0,0,146,0,877,88.570204,1012900,78.203424,1824,72.2529296875,9.492035000000008,18.063957
sum_of_elements,2,fragments,199.05547399998977,1612.4734729999898,0,1048576,,54140,0,13,105.363401,-235237.8271484375,,0,0,145,0,878,89.260166,1013372,77.978762,1828,74.15234375,10.340691999999994,15.637191
sum_of_elements,2,fragments,199.05547399998977,1718.1566799999898,0,1048576,,58270,0,14,105.683207,-192556.0966796875,,0,0,131,0,892,89.934813,1013632,79.436253,1880,74.794921875,9.645574,15.4116
sum_of_elements,2,fragments,199.05547399998977,1820.8892009999897,0,1048576,,54352,0,15,102.732521,-164652.0234375,,0,0,116,0,907,86.204324,1013984,76.002229,1881,75.353515625,9.321184000000002,16.192542
sum_of_elements,2,fragments,199.05547399998977,1924.5216219999897,0,1048576,,67755,0,16,103.632421,-165218.7509765625,,0,0,147,0,876,86.430449,1014348,76.042399,1894,76.55078125,9.521530999999996,16.871895
sum_of_elements,2,fragments,199.05547399998977,2030.4233009999898,0,1048576,,67973,0,17,105.901679,-158817.267578125,,0,0,143,0,880,88.803235,1014508,78.071139,1925,77.564453125,9.863722999999993,16.742939
sum_of_elements,2,fragments,199.05547399998977,2138.69354999999,0,1048576,,79959,0,18,108.270249,-163991.1904296875,,0,0,133,0,890,90.908784,1014928,80.023339,1982,79.595703125,10.01666799999999,17.014041
sum_of_elements,2,fragments,199.05547399998977,2247.46241899999,0,1048576,,56494,0,19,108.768869,-134921.33203125,,0,0,120,0,903,91.803418,1015320,80.795075,2013,82.0009765625,10.134059999999991,16.616322
sum_of_elements,2,fragments,199.05547399998977,2355.25422099999,0,1048576,,76971,0,20,107.791802,-162225.6923828125,,0,0,126,0,897,90.307606,1015716,79.875278,2029,85.1337890625,9.559577000000008,17.139903
sum_of_elements,2,fragments,199.05547399998977,2463.38480199999,0,1048576,,69426,0,21,108.130581,-139336.91796875,,0,0,118,0,905,89.328552,1016180,78.847075,2056,88.455078125,9.603592999999996,18.410112
sum_of_elements,2,fragments,199.05547399998977,2576.3304629999902,0,1048576,,48416,0,22,112.945661,-113719.640625,,0,0,110,0,913,93.622445,1016464,82.068118,2074,90.275390625,10.634138000000004,18.925326
sum_of_elements,2,fragments,199.05547399998977,2687.61988499999,0,1048576,,56880,0,23,111.289422,-123637.6328125,,0,0,121,0,902,91.625333,1017324,80.195297,2062,92.345703125,10.553073999999992,19.305151
sum_of_elements,2,fragments,199.05547399998977,2802.68137799999,0,1048576,,47923,0,24,115.061493,-111809.7998046875,,0,0,102,0,921,94.243126,1017932,83.344543,2081,94.1298828125,10.016373000000009,20.447616
sum_of_elements,2,fragments,199.05547399998977,2914.19402999999,0,1048576,,58467,0,25,111.512652,-114480.943359375,,0,0,133,0,890,90.888296,1018636,79.19107,2058,97.140625,10.791097999999998,20.200509
sum_of_elements,2,fragments,199.05547399998977,3027.78376899999,0,1048576,,57305,0,26,113.589739,-118260.7216796875,,0,0,123,0,900,92.576797,1019728,81.477098,2071,101.1376953125,10.209042999999996,20.644243
sum_of_elements,2,fragments,199.05547399998977,3142.32507599999,0,1048576,,50158,0,27,114.541307,-98781.7255859375,,0,0,109,0,914,92.457,1021056,81.133476,2093,101.6943359375,10.34847899999999,21.708166
sum_of_elements,2,fragments,199.05547399998977,3259.5963889999903,0,1048576,,39907,0,28,117.271313,-89527.8896484375,,0,0,115,0,908,94.399819,1022444,82.868644,2110,102.79296875,10.62364399999999,22.504672
sum_of_elements,2,fragments,199.05547399998977,3374.5567689999903,0,1048576,,50481,0,29,114.96038,-101794.8330078125,,0,0,135,0,888,91.943387,1023760,79.612773,2112,104.3466796875,11.396057000000006,22.652115
sum_of_elements,2,fragments,199.05547399998977,3492.9834359999904,0,1048576,,42131,0,30,118.426667,-95916.2724609375,,0,0,107,0,916,94.681992,1025132,82.267244,2109,107.060546875,11.504088999999995,23.299805
sum_of_elements,2,fragments,199.05547399998977,3611.35266599999,0,1048576,,48080,0,31,118.36923,-92789.2158203125,,0,0,117,0,906,94.164678,1027276,81.477237,2078,110.1640625,11.598806000000002,23.756257
sum_of_elements,2,fragments,199.05547399998977,3729.7466549999904,0,1048576,,56246,0,32,118.393989,-92470.953125,,0,0,106,0,917,93.376971,1028656,81.435389,2097,112.2373046875,10.882388000000004,24.580893
sum_of_elements,2,fragments,199.05547399998977,3853.57314599999,0,1048576,,52780,0,33,123.826491,-88400.71484375,,0,0,107,0,916,98.278683,1030880,85.536449,2144,116.916015625,11.699375999999996,25.150511
sum_of_elements,2,fragments,199.05547399998977,3977.79908499999,0,1048576,,45512,0,34,124.225939,-87910.685546875,,0,0,117,0,906,97.896189,1034696,84.573253,2096,119.1474609375,12.224931999999999,25.938928
sum_of_elements,2,fragments,199.05547399998977,4100.10370899999,0,1048576,,52147,0,35,122.304624,-85154.8515625,,0,0,108,0,915,95.245456,1037332,82.315263,2126,120.2890625,11.807982000000008,26.632949
sum_of_elements,2,fragments,199.05547399998977,4219.82174999999,0,1048576,,60388,0,36,119.718041,-91360.654296875,,0,0,106,0,917,93.689196,1039476,80.631973,2108,123.3837890625,11.954696999999996,25.577564
sum_of_elements,2,fragments,199.05547399998977,4379.93369099999,0,1048576,,43882,0,37,160.111941,-74672.1689453125,,0,0,110,0,913,132.463598,1041140,119.861643,2143,125.46484375,11.518898999999994,27.251254
sum_of_elements,2,fragments,199.05547399998977,4507.10225099999,0,1048576,,56158,0,38,127.16856,-94430.43359375,,0,0,106,0,917,100.470699,1043272,86.465857,2139,128.244140625,12.842549999999992,26.285705
sum_of_elements,2,fragments,199.05547399998977,4632.6972159999905,0,1048576,,60392,0,39,125.594965,-91732.33203125,,0,0,110,0,913,96.725797,1046148,83.793176,2115,131.0244140625,11.781200999999994,28.464569
sum_of_elements,2,fragments,199.05547399998977,4764.151432999991,0,1048576,,40321,0,40,131.454217,-75922.6494140625,,0,0,117,0,906,99.818492,1048736,84.963108,2110,134.689453125,13.692968000000008,31.233859
sum_of_elements,2,fragments,199.05547399998977,4894.510546999991,0,1048576,,43956,0,41,130.359114,-69475.7177734375,,0,0,106,0,917,99.540607,1051108,85.918498,2125,137.7080078125,12.442873999999987,30.404982
sum_of_elements,2,fragments,199.05547399998977,5023.821633999991,0,1048576,,46853,0,42,129.311087,-68919.5322265625,,0,0,91,0,932,99.055215,1053752,84.800944,2130,136.8466796875,13.101073000000003,29.846342
sum_of_elements,2,fragments,199.05547399998977,5152.621812999991,0,1048576,,47935,0,43,128.800179,-76674.3330078125,,0,0,121,0,902,97.122288,1055592,83.705053,2128,137.5146484375,12.287517999999997,31.196338
sum_of_elements,2,fragments,199.05547399998977,5285.112245999991,0,1048576,,44983,0,44,132.490433,-76108.8837890625,,0,0,104,0,919,101.360436,1058156,87.215236,2142,140.849609375,12.993188000000002,30.723739
sum_of_elements,2,fragments,199.05547399998977,5417.739317999991,0,1048576,,39893,0,45,132.627072,-67177.69921875,,0,0,124,0,899,99.653467,1060168,85.25125,2114,143.279296875,13.240402000000007,32.539316
sum_of_elements,2,fragments,199.05547399998977,5548.393171999991,0,1048576,,54150,0,46,130.653854,-82134.021484375,,0,0,118,0,905,97.612242,1062484,83.324505,2109,144.994140625,13.11729699999999,32.561271
sum_of_elements,2,fragments,199.05547399998977,5681.7138539999905,0,1048576,,38891,0,47,133.320682,-72033.240234375,,0,0,116,0,907,100.91766,1063708,86.397697,2104,146.3916015625,13.328503999999999,31.939755
sum_of_elements,2,fragments,199.05547399998977,5815.272816999991,0,1048576,,42979,0,48,133.558963,-72177.6015625,,0,0,101,0,922,100.88227,1065580,86.393564,2131,148.849609375,13.309405000000005,32.269543
sum_of_elements,2,fragments,199.05547399998977,5951.125754999991,0,1048576,,40104,0,49,135.852938,-65324.3662109375,,0,0,107,0,916,102.285868,1067128,87.660677,2118,149.1748046875,13.425675999999989,33.155214
sum_of_elements,2,fragments,199.05547399998977,6119.394120999991,0,1048576,,49319,0,50,168.268366,-78046.623046875,,0,0,106,0,917,134.308996,1068900,119.603146,2123,151.95703125,13.51811400000001,33.540654
sum_of_elements,2,fragments,199.05547399998977,6254.2592649999915,0,1048576,,47016,0,51,134.865144,-83663.638671875,,0,0,111,0,912,100.04248,1070344,85.38002,2131,154.9970703125,13.478355000000004,34.364499
sum_of_elements,2,fragments,199.05547399998977,6393.981096999992,0,1048576,,44777,0,52,139.721832,-70712.857421875,,0,0,108,0,915,105.525559,1073012,90.284482,2120,152.55859375,13.962652000000004,33.648042
sum_of_elements,2,fragments,199.05547399998977,6562.942077999992,0,1048576,,48116,0,53,168.960981,-80860.8271484375,,0,0,96,0,927,133.942675,1074312,119.759698,2157,159.2646484375,13.037386000000005,34.580648
sum_of_elements,2,fragments,199.05547399998977,6734.085021999992,0,1048576,,41254,0,54,171.142944,-72752.07421875,,0,0,99,0,924,135.303538,1075844,119.954372,2160,156.3671875,14.166224000000012,35.385371
sum_of_elements,2,fragments,199.05547399998977,6905.592889999992,0,1048576,,42184,0,55,171.507868,-77690.9833984375,,0,0,124,0,899,135.275459,1077668,120.945984,2106,156.9501953125,13.18673200000002,35.829196
sum_of_elements,2,fragments,199.05547399998977,7076.823345999992,0,1048576,,35806,0,56,171.230456,-66174.1767578125,,0,0,103,0,920,136.137574,1078776,121.315836,2131,159.1083984375,13.682611000000005,34.681574
sum_of_elements,2,fragments,199.05547399998977,7250.425438999992,0,1048576,,40935,0,57,173.602093,-74199.333984375,,0,0,96,0,927,137.684065,1080264,121.741039,2155,162.5732421875,14.573703000000002,35.485911
sum_of_elements,2,fragments,199.05547399998977,7424.560415999992,0,1048576,,40814,0,58,174.134977,-77712.359375,,0,0,94,0,929,136.322553,1080956,121.316731,2129,161.7958984375,13.863078999999988,37.399638
sum_of_elements,2,fragments,199.05547399998977,7600.032149999992,0,1048576,,50088,0,59,175.471734,-88646.271484375,,0,0,110,0,913,136.543337,1082712,121.519422,2078,164.064453125,13.794668000000003,38.522141
sum_of_elements,2,fragments,199.05547399998977,7772.969484999991,0,1048576,,47237,0,60,172.937335,-76874.2734375,,0,0,115,0,908,134.413557,1085256,118.934054,2096,166.9912109375,14.322031999999986,38.110435
sum_of_elements,2,fragments,199.05547399998977,7950.068255999991,0,1048576,,38480,0,61,177.098771,-74182.6513671875,,0,0,93,0,930,139.308621,1086976,123.93565,2145,167.28125,14.229578999999992,37.366019
sum_of_elements,2,fragments,199.05547399998977,8122.782897999991,0,1048576,,36009,0,62,172.714642,-72631.833984375,,0,0,89,0,934,135.072862,1089936,119.65546,2131,170.2587890625,14.208525999999976,37.23404
sum_of_elements,2,fragments,199.05547399998977,8295.79090999999,0,1048576,,46468,0,63,173.008012,-75096.828125,,0,0,114,0,909,133.733334,1091256,118.95457,2109,168.8876953125,13.585785,38.861953
sum_of_elements,2,fragments,199.05547399998977,8441.78182799999,0,1048576,,31733,0,64,145.990918,-65409.58984375,,0,0,85,0,938,106.486471,1094260,91.115597,2122,173.1865234375,14.184071999999995,39.086804
sum_of_elements,2,fragments,199.05547399998977,8584.19387499999,0,1048576,,44002,0,65,142.412047,-74711.5791015625,,0,0,113,0,910,102.83544,1095680,87.228066,2137,175.83203125,14.41661000000001,39.082922
sum_of_elements,2,fragments,199.05547399998977,8730.39573699999,0,1048576,,41063,0,66,146.201862,-71125.0146484375,,0,0,99,0,924,104.62723,1097200,88.040622,2136,176.1943359375,15.307371,41.156195
sum_of_elements,2,fragments,199.05547399998977,8874.67027799999,0,1048576,,38048,0,67,144.274541,-62117.3095703125,,0,0,88,0,935,102.963238,1098380,87.812645,2165,178.8623046875,13.955436000000004,40.891283
sum_of_elements,2,fragments,199.05547399998977,9052.83337899999,0,1048576,,47206,0,68,178.163101,-69077.8359375,,0,0,100,0,923,135.736807,1100940,119.068524,2175,183.123046875,15.417491999999987,41.867354
sum_of_elements,2,fragments,199.05547399998977,9233.55968299999,0,1048576,,27638,0,69,180.726304,-50330.1044921875,,0,0,114,0,909,139.589233,1104760,123.650598,2152,187.5390625,14.740825000000005,40.709989
sum_of_elements,2,fragments,199.05547399998977,9412.17479599999,0,1048576,,38997,0,70,178.615113,-65318.2001953125,,0,0,96,0,927,136.938171,1107524,121.224514,2156,193.806640625,14.414607000000014,41.176864
sum_of_elements,2,fragments,199.05547399998977,9592.69256599999,0,1048576,,35299,0,71,180.51777,-58680.5107421875,,0,0,98,0,925,136.938997,1109716,120.324684,2135,197.1884765625,15.298874999999994,43.10743
sum_of_elements,2,fragments,199.05547399998977,9781.75445799999,0,1048576,,28713,0,72,189.061892,-55846.900390625,,0,0,84,0,939,142.225056,1112940,124.803126,2158,202.232421875,16.085397999999994,46.3443
sum_of_elements,2,fragments,199.05547399998977,9970.35739599999,0,1048576,,30653,0,73,188.602938,-58551.0029296875,,0,0,80,0,943,141.413922,1116076,123.184825,2144,205.2470703125,16.84028300000002,46.713078
sum_of_elements,2,fragments,199.05547399998977,10159.654202999991,0,1048576,,19382,0,74,189.296807,-39542.3671875,,0,0,93,0,930,142.581363,1118324,125.323488,2162,209.216796875,15.98733200000001,46.219375
sum_of_elements,2,fragments,199.05547399998977,10351.36519799999,0,1048576,,28323,0,75,191.710995,-47179.8681640625,,0,0,96,0,927,142.621906,1122992,126.218086,2156,213.912109375,15.083810999999985,48.657852
sum_of_elements,2,fragments,199.05547399998977,10541.937059999991,0,1048576,,44717,0,76,190.571862,-66884.9619140625,,0,0,84,0,939,139.856945,1130044,122.465716,2179,217.400390625,16.031832999999985,50.281053
sum_of_elements,2,fragments,199.05547399998977,10737.250329999992,0,1048576,,22886,0,77,195.31327,-52200.6435546875,,0,0,106,0,917,144.699429,1132572,125.874308,2158,218.8388671875,17.329971,50.174114
sum_of_elements,2,fragments,199.05547399998977,10926.826071999993,0,1048576,,30665,0,78,189.575742,-48202.7763671875,,0,0,95,0,928,140.804905,1134888,124.028384,2165,220.5205078125,15.37230199999998,48.320455
sum_of_elements,2,fragments,199.05547399998977,11119.465359999993,0,1048576,,36030,0,79,192.639288,-61784.8974609375,,0,0,98,0,925,140.45024,1137392,123.69403,2137,223.1162109375,15.388655000000007,51.755004
sum_of_elements,2,fragments,199.05547399998977,11311.159333999993,0,1048576,,29042,0,80,191.693974,-46546.2177734375,,0,0,97,0,926,141.937503,1140064,123.866348,2149,227.458984375,16.610594000000003,49.336025
sum_of_elements,2,fragments,199.05547399998977,11506.313130999994,0,1048576,,32063,0,81,195.153797,-62463.9453125,,0,0,108,0,915,141.909735,1142520,123.989438,2144,229.4814453125,16.530218000000012,52.706266
sum_of_elements,2,fragments,199.05547399998977,11702.977552999993,0,1048576,,32036,0,82,196.664422,-47974.9755859375,,0,0,95,0,928,144.102302,1144012,125.920444,2158,231.11328125,16.645401000000014,52.133852
sum_of_elements,2,fragments,199.05547399998977,11902.409310999994,0,1048576,,27569,0,83,199.431758,-43718.3837890625,,0,0,99,0,924,147.647111,1146344,129.353107,2190,229.20703125,16.892467999999987,51.318433
sum_of_elements,2,fragments,199.05547399998977,12101.090615999994,0,1048576,,28661,0,84,198.681305,-45537.9140625,,0,0,107,0,916,144.660103,1149928,126.417845,2153,225.376953125,16.896093999999977,53.585032
sum_of_elements,2,fragments,199.05547399998977,12302.402042999995,0,1048576,,29669,0,85,201.311427,-47254.5126953125,,0,0,90,0,933,149.15374,1150924,130.981832,2162,224.8837890625,16.72385400000001,51.71598
sum_of_elements,2,fragments,199.05547399998977,12499.652745999994,0,1048576,,33734,0,86,197.250703,-51833.921875,,0,0,92,0,931,142.89314,1152144,124.807205,2152,227.408203125,16.677911,53.916551
sum_of_elements,2,fragments,199.05547399998977,12703.929794999995,0,1048576,,31415,0,87,204.277049,-48674.01953125,,0,0,92,0,931,154.405463,1153156,136.376201,2180,231.6484375,16.622583000000006,49.43976
sum_of_elements,2,fragments,199.05547399998977,12908.763098999994,0,1048576,,21467,0,88,204.833304,-34644.544921875,,0,0,107,0,916,150.223596,1155024,132.967198,2165,239.8994140625,15.814677999999986,54.145517
sum_of_elements,2,fragments,199.05547399998977,13121.127645999994,0,1048576,,21663,0,89,212.364547,-34904.51953125,,0,0,91,0,932,157.489187,1162800,137.240774,2139,243.44140625,18.76197299999999,54.439863
sum_of_elements,2,fragments,199.05547399998977,13335.555153999994,0,1048576,,21013,0,90,214.427508,-41827.111328125,,0,0,127,0,896,160.226937,1164260,141.342329,2147,244.611328125,17.302017999999997,53.666661
sum_of_elements,2,fragments,199.05547399998977,13549.177837999994,0,1048576,,33784,0,91,213.622684,-55513.017578125,,0,0,96,0,927,155.771836,1166804,136.349419,2131,245.70703125,17.924071000000005,57.36691
sum_of_elements,2,fragments,199.05547399998977,13759.450508999995,0,1048576,,39239,0,92,210.272671,-61273.984375,,0,0,91,0,932,155.640005,1168768,135.220672,2172,249.796875,18.977657000000008,54.196532
sum_of_elements,2,fragments,199.05547399998977,13972.563498999994,0,1048576,,27982,0,93,213.11299,-51125.9716796875,,0,0,102,0,921,154.964972,1170412,135.159213,2163,255.83203125,18.324966999999987,57.704702
sum_of_elements,2,fragments,199.05547399998977,14190.864540999994,0,1048576,,36488,0,94,218.301042,-56125.833984375,,0,0,82,0,941,161.536236,1173620,140.921481,2173,262.1845703125,19.033438999999994,56.292545
sum_of_elements,2,fragments,199.05547399998977,14407.100629999994,0,1048576,,37729,0,95,216.236089,-56334.84765625,,0,0,78,0,945,158.363999,1179216,139.515266,2195,264.720703125,17.35837500000001,57.420644
sum_of_elements,2,fragments,199.05547399998977,14628.020045999994,0,1048576,,39537,0,96,220.919416,-56200.0107421875,,0,0,102,0,921,156.58677,1183204,137.652236,2145,265.791015625,17.41932000000001,63.811244
sum_of_elements,2,fragments,199.05547399998977,14843.127018999994,0,1048576,,27127,0,97,215.106973,-50647.2412109375,,0,0,91,0,932,155.062365,1184212,135.057853,2149,268.3212890625,18.493604999999995,59.604093
sum_of_elements,2,fragments,199.05547399998977,15058.860182999993,0,1048576,,37903,0,98,215.733164,-53284.3095703125,,0,0,100,0,923,156.947385,1186168,136.720237,2156,270.3046875,18.667989,58.351149
sum_of_elements,2,fragments,199.05547399998977,15279.936810999994,0,1048576,,31914,0,99,221.076628,-45744.9052734375,,0,0,103,0,920,158.70228,1188100,139.642978,2156,270.1513671875,17.47454300000001,61.930119
sum_of_elements,2,fragments,199.05547399998977,15497.261990999994,0,1048576,,18608,0,100,217.32518,-35323.7939453125,,0,0,99,0,924,155.601356,1189328,135.623782,2169,270.6689453125,18.503009000000013,61.300845
sum_of_elements,2,fragments,199.05547399998977,15712.727097999994,0,1048576,,29356,0,101,215.465107,-48584.0224609375,,0,0,93,0,930,149.220754,1192436,129.324637,2172,271.6826171875,18.351805,65.807231
sum_of_elements,2,fragments,199.05547399998977,15928.087143999994,0,1048576,,31623,0,102,215.360046,-49058.14453125,,0,0,93,0,930,152.33507,1195484,132.158297,2166,273.3818359375,18.646037000000014,62.499823
sum_of_elements,2,fragments,199.05547399998977,16142.849014999994,0,1048576,,23931,0,103,214.761871,-35617.4052734375,,0,0,95,0,928,151.775407,1198692,131.534882,2210,278.10546875,18.691459999999992,62.55458
sum_of_elements,2,fragments,199.05547399998977,16365.534924999994,0,1048576,,25424,0,104,222.68591,-40211.560546875,,0,0,88,0,935,157.999356,1202320,137.471518,2195,277.328125,19.003749,64.244494
sum_of_elements,2,fragments,199.05547399998977,16589.342133999995,0,1048576,,25896,0,105,223.807209,-43439.521484375,,0,0,92,0,931,156.408335,1206000,135.966212,2176,276.3671875,18.873493999999987,66.978755
sum_of_elements,2,fragments,199.05547399998977,16808.743215999995,0,1048576,,25358,0,106,219.401082,-42102.0341796875,,0,0,92,0,931,154.150582,1207804,132.750039,2182,279.869140625,19.806836000000025,64.829727
sum_of_elements,2,fragments,199.05547399998977,17026.103213999995,0,1048576,,18496,0,107,217.359998,-37875.4072265625,,0,0,97,0,926,152.559563,1210352,131.958814,2153,277.06640625,19.092991000000005,64.357834
sum_of_elements,2,fragments,199.05547399998977,17248.756681999996,0,1048576,,25954,0,108,222.653468,-39201.2802734375,,0,0,98,0,925,159.275597,1211148,138.913448,2153,279.59765625,18.796482000000015,62.892401
sum_of_elements,2,fragments,199.05547399998977,17467.756496999995,0,1048576,,27726,0,109,218.999815,-46197.2197265625,,0,0,105,0,918,155.517293,1214484,135.659024,2163,283.0654296875,18.349171999999996,63.021819
sum_of_elements,2,fragments,199.05547399998977,17688.188740999994,0,1048576,,33910,0,110,220.432244,-53805.24609375,,0,0,80,0,943,155.151786,1216028,134.342128,2177,289.662109375,19.224158999999993,64.841287
sum_of_elements,2,fragments,199.05547399998977,17915.851441999996,0,1048576,,33076,0,111,227.662701,-44762.36328125,,0,0,102,0,921,161.486808,1217016,140.397716,2183,293.095703125,19.532428999999993,65.730881
sum_of_elements,2,fragments,199.05547399998977,18143.439014999996,0,1048576,,22748,0,112,227.587573,-40515.8046875,,0,0,95,0,928,160.957781,1220248,139.897298,2194,292.94921875,19.479775999999998,66.186317
sum_of_elements,2,fragments,199.05547399998977,18376.173588999995,0,1048576,,15793,0,113,232.734574,-32469.0703125,,0,0,84,0,939,161.32293,1222856,140.332886,2166,293.9111328125,19.411100000000012,70.910854
sum_of_elements,2,fragments,199.05547399998977,18612.184277999993,0,1048576,,32745,0,114,236.010689,-45191.4892578125,,0,0,88,0,935,167.664424,1225792,145.551104,2152,298.2685546875,20.485552000000013,67.833051
sum_of_elements,2,fragments,199.05547399998977,18843.792021999994,0,1048576,,24092,0,115,231.607744,-41071.201171875,,0,0,87,0,936,162.6662,1229388,139.938258,2159,299.7734375,21.015587000000018,68.445581
sum_of_elements,2,fragments,199.05547399998977,19070.730576999995,0,1048576,,19441,0,116,226.938555,-32747.564453125,,0,0,98,0,925,158.926087,1232320,136.493044,2173,297.853515625,20.74539800000001,67.5195
sum_of_elements,2,fragments,199.05547399998977,19301.976616999993,0,1048576,,29589,0,117,231.24604,-46242.39453125,,0,0,100,0,923,161.828723,1234392,140.548601,2136,303.2158203125,19.641103999999995,68.965317
sum_of_elements,2,fragments,199.05547399998977,19528.386497999993,0,1048576,,29565,0,118,226.409881,-47888.474609375,,0,0,95,0,928,159.014187,1234788,137.54526,2158,310.810546875,19.745679000000003,66.885702
sum_of_elements,2,fragments,199.05547399998977,19766.317694999994,0,1048576,,22282,0,119,237.931197,-44393.0830078125,,0,0,112,0,911,171.254651,1237424,149.899575,2157,313.1611328125,19.733690999999986,66.230451
sum_of_elements,2,fragments,199.05547399998977,19998.980352999995,0,1048576,,21829,0,120,232.662658,-37088.8134765625,,0,0,87,0,936,163.496627,1239108,142.376445,2140,315.5966796875,19.493827,68.660527
sum_of_elements,2,fragments,199.05547399998977,20235.851120999996,0,1048576,,21618,0,121,236.870768,-37630.1982421875,,0,0,107,0,916,168.377416,1242428,147.577071,2155,319.224609375,19.219508999999995,68.052967
sum_of_elements,2,fragments,199.05547399998977,20474.756488999996,0,1048576,,14112,0,122,238.905368,-29535.6064453125,,0,0,108,0,915,170.209091,1247324,149.026817,2180,323.0498046875,19.521679999999996,68.242977
sum_of_elements,2,fragments,199.05547399998977,20712.484633999997,0,1048576,,21836,0,123,237.728145,-44433.541015625,,0,0,90,0,933,165.54813,1250912,144.055296,2158,325.1435546875,19.771353999999988,71.726174
sum_of_elements,2,fragments,199.05547399998977,20977.417289999998,0,1048576,,25735,0,124,264.932656,-34722.8837890625,,0,0,89,0,934,167.857125,1254204,146.408545,2169,327.7548828125,19.783999999999992,96.59097
sum_of_elements,2,fragments,199.05547399998977,21232.264004999997,0,1048576,,24345,0,125,254.846715,-43796.603515625,,0,0,114,0,909,186.278716,1259252,157.135564,2099,328.765625,27.447941999999994,67.915714
sum_of_elements,2,fragments,199.05547399998977,21464.367684999997,0,1048576,,26294,0,126,232.10368,-40307.8427734375,,0,0,92,0,931,160.741145,1260676,139.586525,2134,330.048828125,19.559115999999975,70.847045
sum_of_elements,2,fragments,199.05547399998977,21706.368088999996,0,1048576,,16254,0,127,242.000404,-33592.3369140625,,0,0,97,0,926,172.117036,1266284,148.601912,2165,333.9853515625,21.797655000000024,69.414246
house_robber,0,native,141.56824800000132,356.4948190000013,-8503,1048576,1211,0,0,0,214.926571,-117310.05859375,0,0,0,109,0,,,,,,,,
house_robber,0,native,141.56824800000132,543.4636210000014,-9271,1048576,1223,0,0,1,186.968802,-74130.099609375,0,0,0,102,0,,,,,,,,
house_robber,0,native,141.56824800000132,701.9986760000013,-8647,1048576,1213,0,0,2,158.535055,-65447.4697265625,0,0,0,144,0,,,,,,,,
house_robber,0,native,141.56824800000132,842.5584040000012,-8479,1048576,1190,0,0,3,140.559728,-66115.5439453125,0,0,0,116,0,,,,,,,,
house_robber,0,native,141.56824800000132,980.4130630000012,-8479,1048576,1231,0,0,4,137.854659,-64793.7080078125,0,0,0,115,0,,,,,,,,
house_robber,0,native,141.56824800000132,1114.2083760000012,-8503,1048576,1207,0,0,5,133.795313,-58517.455078125,2,0,0,116,0,,,,,,,,
house_robber,0,native,141.56824800000132,1252.9482020000012,-8254,1048576,1225,0,0,6,138.739826,-54968.3583984375,4,0,0,124,0,,,,,,,,
house_robber,0,native,141.56824800000132,1402.300217000001,-8479,1048576,1250,0,0,7,149.352015,-57075.197265625,0,0,0,88,0,,,,,,,,
house_robber,0,native,141.56824800000132,1648.425487000001,-8473,1048576,1212,0,0,8,246.12527,-57161.962890625,4,0,0,113,0,,,,,,,,
house_robber,0,native,141.56824800000132,1801.3469820000012,-7570,1048576,1223,0,0,9,152.921495,-58071.6865234375,4,0,0,103,0,,,,,,,,
house_robber,0,native,141.56824800000132,1964.782368000001,-8479,1048576,1186,0,0,10,163.435386,-57447.982421875,0,0,0,123,0,,,,,,,,
house_robber,0,native,141.56824800000132,2154.537658000001,-8479,1048576,1203,0,0,11,189.75529,-54822.541015625,0,0,0,133,0,,,,,,,,
house_robber,0,native,141.56824800000132,2331.675942000001,-8476,1048576,1265,0,0,12,177.138284,-47882.2626953125,4,0,0,86,0,,,,,,,,
house_robber,0,native,141.56824800000132,2528.1490430000013,-8476,1048576,1229,0,0,13,196.473101,-48538.1396484375,6,0,0,100,0,,,,,,,,
house_robber,0,native,141.56824800000132,2729.4223650000013,-7570,1048576,1183,0,0,14,201.273322,-40605.9267578125,20,0,0,136,0,,,,,,,,
house_robber,0,native,141.56824800000132,2946.5105500000013,-8139,1048576,1199,0,0,15,217.088185,-34884.66015625,16,0,0,116,0,,,,,,,,
house_robber,0,native,141.56824800000132,3183.4015310000013,-7674,1048576,1208,0,0,16,236.890981,-28026.93359375,16,0,0,123,0,,,,,,,,
house_robber,0,native,141.56824800000132,3437.784171000001,-7674,1048576,1243,0,0,17,254.38264,-27490.7548828125,8,0,0,91,0,,,,,,,,
house_robber,0,native,141.56824800000132,3702.117498000001,-7674,1048576,1219,0,0,18,264.333327,-19830.9970703125,4,0,0,108,0,,,,,,,,
house_robber,0,native,141.56824800000132,3971.778002000001,-8139,1048576,1217,0,0,19,269.660504,-16482.2294921875,4,0,0,115,0,,,,,,,,
house_robber,0,native,141.56824800000132,4249.422606000001,-8337,1048576,1241,0,0,20,277.644604,-13271.7412109375,0,0,0,96,0,,,,,,,,
house_robber,0,native,141.56824800000132,4522.824210000001,-8418,1048576,1254,0,0,21,273.401604,-12568.2607421875,0,0,0,93,0,,,,,,,,
house_robber,0,native,141.56824800000132,4794.625128000001,-8417,1048576,1224,0,0,22,271.800918,-13043.953125,0,0,0,85,0,,,,,,,,
house_robber,0,native,141.56824800000132,5069.489046000001,-8337,1048576,1246,0,0,23,274.863918,-11913.4716796875,0,0,0,93,0,,,,,,,,
house_robber,0,native,141.56824800000132,5349.546311000001,-8337,1048576,1247,0,0,24,280.057265,-11608.5693359375,0,0,0,97,0,,,,,,,,
house_robber,0,native,141.56824800000132,5637.094819000001,-8337,1048576,1188,0,0,25,287.548508,-15332.0048828125,0,0,0,126,0,,,,,,,,
house_robber,0,native,141.56824800000132,5935.619003000001,-8337,1048576,1218,0,0,26,298.524184,-11840.72265625,0,0,0,93,0,,,,,,,,
house_robber,0,native,141.56824800000132,6243.143129000001,-8337,1048576,1235,0,0,27,307.524126,-10563.0224609375,0,0,0,90,0,,,,,,,,
house_robber,0,native,141.56824800000132,6563.415207000001,-8329,1048576,1232,0,0,28,320.272078,-10972.9404296875,0,0,0,86,0,,,,,,,,
house_robber,0,native,141.56824800000132,6903.360268000001,-8329,1048576,1222,0,0,29,339.945061,-11988.412109375,0,0,0,103,0,,,,,,,,
house_robber,0,native,141.56824800000132,7248.953870000001,-8324,1048576,1225,0,0,30,345.593602,-10398.708984375,0,0,0,102,0,,,,,,,,
house_robber,0,native,141.56824800000132,7596.188386000002,-8298,1048576,1196,0,0,31,347.234516,-10529.3798828125,0,0,0,114,0,,,,,,,,
house_robber,0,native,141.56824800000132,7958.933024000002,-8298,1048576,1271,0,0,32,362.744638,-10381.47265625,0,0,0,71,0,,,,,,,,
house_robber,0,native,141.56824800000132,8332.545519000001,-8139,1048576,1254,0,0,33,373.612495,-11360.369140625,0,0,0,78,0,,,,,,,,
house_robber,0,native,141.56824800000132,8705.648605,-8139,1048576,1229,0,0,34,373.103086,-10362.154296875,0,0,0,101,0,,,,,,,,
house_robber,0,native,141.56824800000132,9083.255221,-7880,1048576,1243,0,0,35,377.606616,-11341.228515625,0,0,0,83,0,,,,,,,,
house_robber,0,native,141.56824800000132,9477.60148,-7631,1048576,1229,0,0,36,394.346259,-11544.7705078125,0,0,0,101,0,,,,,,,,
house_robber,0,native,141.56824800000132,9879.707719,-7631,1048576,1265,0,0,37,402.106239,-10741.986328125,0,0,0,93,0,,,,,,,,
house_robber,0,native,141.56824800000132,10291.693994,-7631,1048576,1245,0,0,38,411.986275,-12432.67578125,0,0,0,82,0,,,,,,,,
house_robber,0,native,141.56824800000132,10706.364345,-7570,1048576,1215,0,0,39,414.670351,-9886.6708984375,0,0,0,92,0,,,,,,,,
house_robber,0,native,141.56824800000132,11129.899624,-7570,1048576,1241,0,0,40,423.535279,-10427.9482421875,0,0,0,87,0,,,,,,,,
house_robber,0,native,141.56824800000132,11560.43136,-7570,1048576,1266,0,0,41,430.531736,-10755.4853515625,0,0,0,81,0,,,,,,,,
house_robber,0,native,141.56824800000132,11995.886155,-7570,1048576,1252,0,0,42,435.454795,-10010.994140625,0,0,0,95,0,,,,,,,,
house_robber,0,native,141.56824800000132,12421.759030000001,-7570,1048576,1256,0,0,43,425.872875,-10084.064453125,0,0,0,80,0,,,,,,,,
house_robber,0,native,141.56824800000132,12840.269138000001,-7570,1048576,1236,0,0,44,418.510108,-11306.6875,0,0,0,82,0,,,,,,,,
house_robber,0,native,141.56824800000132,13261.789825000002,-7570,1048576,1230,0,0,45,421.520687,-12828.439453125,0,0,0,94,0,,,,,,,,
house_robber,0,native,141.56824800000132,13707.826691000002,-7505,1048576,1240,0,0,46,446.036866,-10066.08203125,0,0,0,86,0,,,,,,,,
house_robber,0,native,141.56824800000132,14181.303714000001,-7376,1048576,1242,0,0,47,473.477023,-9714.904296875,0,0,0,110,0,,,,,,,,
house_robber,0,native,141.56824800000132,14697.359880000002,-7376,1048576,1234,0,0,48,516.056166,-9427.5166015625,0,0,0,89,0,,,,,,,,
house_robber,0,native,141.56824800000132,15294.375142000003,-7340,1048576,1250,0,0,49,597.015262,-8508.5400390625,0,0,0,98,0,,,,,,,,
house_robber,0,native,141.56824800000132,15832.675958000003,-7340,1048576,1245,0,0,50,538.300816,-8430.7880859375,0,0,0,86,0,,,,,,,,
house_robber,0,native,141.56824800000132,16369.697235000003,-7232,1048576,1255,0,0,51,537.021277,-9283.8125,0,0,0,97,0,,,,,,,,
house_robber,0,native,141.56824800000132,16908.387065000003,-7232,1048576,1220,0,0,52,538.68983,-8651.3212890625,0,0,0,91,0,,,,,,,,
house_robber,0,native,141.56824800000132,17408.896525000004,-7232,1048576,1193,0,0,53,500.50946,-10174.91796875,0,0,0,115,0,,,,,,,,
house_robber,0,native,141.56824800000132,17893.274101000003,-7232,1048576,1238,0,0,54,484.377576,-8775.5439453125,0,0,0,85,0,,,,,,,,
house_robber,0,native,141.56824800000132,18371.732757,-7232,1048576,1212,0,0,55,478.458656,-8361.5537109375,0,0,0,89,0,,,,,,,,
house_robber,0,native,141.56824800000132,18852.239281000002,-7232,1048576,1213,0,0,56,480.506524,-8834.626953125,0,0,0,108,0,,,,,,,,
house_robber,0,native,141.56824800000132,19339.548711000003,-7232,1048576,1259,0,0,57,487.30943,-9570.6943359375,0,0,0,92,0,,,,,,,,
house_robber,0,native,141.56824800000132,19859.325885000002,-7232,1048576,1243,0,0,58,519.777174,-8941.509765625,0,0,0,101,0,,,,,,,,
house_robber,0,native,141.56824800000132,20379.877752,-7204,1048576,1235,0,0,59,520.551867,-8940.3837890625,0,0,0,115,0,,,,,,,,
house_robber,0,native,141.56824800000132,20907.612339,-7204,1048576,1210,0,0,60,527.734587,-9479.3466796875,0,0,0,102,0,,,,,,,,
house_robber,0,native,141.56824800000132,21430.310041,-7204,1048576,1232,0,0,61,522.697702,-9365.201171875,0,0,0,100,0,,,,,,,,
house_robber,0,native,141.56824800000132,21927.670388000002,-7202,1048576,1260,0,0,62,497.360347,-8700.9794921875,0,0,0,72,0,,,,,,,,
house_robber,0,native,141.56824800000132,22419.298284000004,-6991,1048576,1253,0,0,63,491.627896,-10741.337890625,0,0,0,78,0,,,,,,,,
house_robber,0,native,141.56824800000132,22922.063448000004,-7155,1048576,1256,0,0,64,502.765164,-9267.1494140625,0,0,0,100,0,,,,,,,,
house_robber,0,native,141.56824800000132,23426.575152000005,-7202,1048576,1236,0,0,65,504.511704,-10285.8466796875,0,0,0,110,0,,,,,,,,
house_robber,0,native,141.56824800000132,23912.608688000004,-7202,1048576,1212,0,0,66,486.033536,-8497.3740234375,0,0,0,108,0,,,,,,,,
house_robber,0,native,141.56824800000132,24494.214041000003,-7202,1048576,1268,0,0,67,581.605353,-8923.7451171875,0,0,0,77,0,,,,,,,,
house_robber,0,native,141.56824800000132,25021.980990000004,-7174,1048576,1217,0,0,68,527.766949,-8689.1611328125,0,0,0,104,0,,,,,,,,
house_robber,0,native,141.56824800000132,25525.293810000003,-7174,1048576,1208,0,0,69,503.31282,-8556.1875,0,0,0,102,0,,,,,,,,
house_robber,0,native,141.56824800000132,26034.544565000004,-7174,1048576,1241,0,0,70,509.250755,-10645.8125,0,0,0,101,0,,,,,,,,
house_robber,0,native,141.56824800000132,26569.638433000004,-7174,1048576,1246,0,0,71,535.093868,-9808.9443359375,0,0,0,91,0,,,,,,,,
house_robber,0,native,141.56824800000132,27083.548395000005,-7158,1048576,1236,0,0,72,513.909962,-9509.353515625,0,0,0,102,0,,,,,,,,
house_robber,0,native,141.56824800000132,27628.971170000004,-7165,1048576,1267,0,0,73,545.422775,-10503.2880859375,0,0,0,80,0,,,,,,,,
house_robber,0,native,141.56824800000132,28193.949413000006,-7159,1048576,1209,0,0,74,564.978243,-10773.3974609375,0,0,0,106,0,,,,,,,,
house_robber,0,native,141.56824800000132,28773.163633000007,-7159,1048576,1252,0,0,75,579.21422,-9067.0439453125,0,0,0,86,0,,,,,,,,
house_robber,0,native,141.56824800000132,29423.526351000008,-7159,1048576,1239,0,0,76,650.362718,-10220.640625,0,0,0,107,0,,,,,,,,
house_robber,0,native,141.56824800000132,30041.52820300001,-7147,1048576,1263,0,0,77,618.001852,-10090.0087890625,0,0,0,92,0,,,,,,,,
house_robber,0,native,141.56824800000132,30675.50509900001,-7139,1048576,1240,0,0,78,633.976896,-10856.4853515625,0,0,0,108,0,,,,,,,,
house_robber,0,native,141.56824800000132,31324.66892700001,-7120,1048576,1230,0,0,79,649.163828,-9021.0458984375,0,0,0,118,0,,,,,,,,
house_robber,0,native,141.56824800000132,32020.118200000008,-7120,1048576,1295,0,0,80,695.449273,-9215.546875,0,0,0,68,0,,,,,,,,
house_robber,0,native,141.56824800000132,32740.472801000007,-6975,1048576,1243,0,0,81,720.354601,-9144.544921875,0,0,0,89,0,,,,,,,,
house_robber,0,native,141.56824800000132,33474.21629800001,-6975,1048576,1212,0,0,82,733.743497,-7817.3193359375,0,0,0,98,0,,,,,,,,
house_robber,0,native,141.56824800000132,34239.282515000006,-6975,1048576,1239,0,0,83,765.066217,-8094.583984375,0,0,0,99,0,,,,,,,,
house_robber,0,native,141.56824800000132,34988.89079700001,-6975,1048576,1232,0,0,84,749.608282,-8001.0634765625,0,0,0,116,0,,,,,,,,
house_robber,0,native,141.56824800000132,35758.90309000001,-6974,1048576,1209,0,0,85,770.012293,-8626.5205078125,0,0,0,105,0,,,,,,,,
house_robber,0,native,141.56824800000132,36484.88985800001,-6974,1048576,1220,0,0,86,725.986768,-9399.3056640625,0,0,0,91,0,,,,,,,,
house_robber,0,native,141.56824800000132,37188.78434300001,-6974,1048576,1234,0,0,87,703.894485,-8620.0654296875,0,0,0,101,0,,,,,,,,
house_robber,0,native,141.56824800000132,37902.16802600001,-6974,1048576,1187,0,0,88,713.383683,-8508.099609375,0,0,0,119,0,,,,,,,,
house_robber,0,native,141.56824800000132,38622.20003100001,-6975,1048576,1231,0,0,89,720.032005,-8509.48828125,0,0,0,99,0,,,,,,,,
house_robber,0,native,141.56824800000132,39342.39843300001,-6975,1048576,1227,0,0,90,720.198402,-8705.9189453125,0,0,0,105,0,,,,,,,,
house_robber,0,native,141.56824800000132,40118.21296800001,-6975,1048576,1225,0,0,91,775.814535,-7849.48046875,0,0,0,119,0,,,,,,,,
house_robber,0,native,141.56824800000132,40935.267208000005,-6949,1048576,1184,0,0,92,817.05424,-8031.955078125,0,0,0,123,0,,,,,,,,
house_robber,0,native,141.56824800000132,41787.192247000006,-6949,1048576,1212,0,0,93,851.925039,-7499.353515625,0,0,0,114,0,,,,,,,,
house_robber,0,native,141.56824800000132,42564.825345000005,-6942,1048576,1222,0,0,94,777.633098,-9572.0712890625,0,0,0,99,0,,,,,,,,
house_robber,0,native,141.56824800000132,43318.587677,-6941,1048576,1211,0,0,95,753.762332,-8408.2294921875,0,0,0,109,0,,,,,,,,
house_robber,0,native,141.56824800000132,44073.443712,-6941,1048576,1251,0,0,96,754.856035,-7450.84375,0,0,0,90,0,,,,,,,,
house_robber,0,native,141.56824800000132,44772.862506,-6941,1048576,1202,0,0,97,699.418794,-8339.0400390625,0,0,0,133,0,,,,,,,,
house_robber,0,native,141.56824800000132,45468.085393999994,-6941,1048576,1238,0,0,98,695.222888,-7753.759765625,0,0,0,123,0,,,,,,,,
house_robber,0,native,141.56824800000132,46187.659053999996,-6941,1048576,1226,0,0,99,719.57366,-7789.2060546875,0,0,0,123,0,,,,,,,,
house_robber,0,native,141.56824800000132,46891.886259,-6894,1048576,1229,0,0,100,704.227205,-7868.111328125,0,0,0,106,0,,,,,,,,
house_robber,0,native,141.56824800000132,47613.494784,-6894,1048576,1233,0,0,101,721.608525,-8366.8173828125,0,0,0,114,0,,,,,,,,
house_robber,0,native,141.56824800000132,48347.254038,-6894,1048576,1214,0,0,102,733.759254,-8363.2802734375,0,0,0,128,0,,,,,,,,
house_robber,0,native,141.56824800000132,49040.482394,-6894,1048576,1212,0,0,103,693.228356,-9189.02734375,0,0,0,126,0,,,,,,,,
house_robber,0,native,141.56824800000132,49758.372236999996,-6894,1048576,1199,0,0,104,717.889843,-8337.931640625,0,0,0,113,0,,,,,,,,
house_robber,0,native,141.56824800000132,50508.66858699999,-6894,1048576,1207,0,0,105,750.29635,-8571.73828125,0,0,0,104,0,,,,,,,,
house_robber,0,native,141.56824800000132,51301.880210999996,-6894,1048576,1247,0,0,106,793.211624,-8168.978515625,0,0,0,119,0,,,,,,,,
house_robber,0,native,141.56824800000132,52125.53804,-6886,1048576,1219,0,0,107,823.657829,-8543.9716796875,0,0,0,111,0,,,,,,,,
house_robber,0,native,141.56824800000132,52921.632297,-6886,1048576,1237,0,0,108,796.094257,-8306.23828125,0,0,0,82,0,,,,,,,,
house_robber,0,native,141.56824800000132,53791.11833999999,-6886,1048576,1246,0,0,109,869.486043,-8231.8291015625,0,0,0,91,0,,,,,,,,
house_robber,0,native,141.56824800000132,54634.847434999996,-6827,1048576,1230,0,0,110,843.729095,-9224.7255859375,0,0,0,102,0,,,,,,,,
house_robber,0,native,141.56824800000132,55518.37048699999,-6827,1048576,1216,0,0,111,883.523052,-7994.7919921875,0,0,0,115,0,,,,,,,,
house_robber,0,native,141.56824800000132,56334.60926899999,-6827,1048576,1198,0,0,112,816.238782,-7852.16015625,0,0,0,129,0,,,,,,,,
house_robber,0,native,141.56824800000132,57199.748373999995,-6827,1048576,1229,0,0,113,865.139105,-7548.10546875,0,0,0,112,0,,,,,,,,
house_robber,0,native,141.56824800000132,58085.412774,-6827,1048576,1213,0,0,114,885.6644,-7138.978515625,0,0,0,100,0,,,,,,,,
house_robber,0,native,141.56824800000132,58981.402422,-6827,1048576,1210,0,0,115,895.989648,-7713.6318359375,0,0,0,131,0,,,,,,,,
house_robber,0,native,141.56824800000132,59933.802117,-6827,1048576,1247,0,0,116,952.399695,-7377.634765625,0,0,0,110,0,,,,,,,,
house_robber,0,native,141.56824800000132,60987.010398,-6827,1048576,1198,0,0,117,1053.208281,-7012.17578125,0,0,0,128,0,,,,,,,,
house_robber,0,native,141.56824800000132,62008.226547,-6667,1048576,1214,0,0,118,1021.216149,-7232.0185546875,0,0,0,127,0,,,,,,,,
house_robber,0,native,141.56824800000132,63061.269569,-6667,1048576,1236,0,0,119,1053.043022,-7151.7978515625,0,0,0,126,0,,,,,,,,
house_robber,0,native,141.56824800000132,64084.212310999996,-6667,1048576,1218,0,0,120,1022.942742,-7122.478515625,0,0,0,98,0,,,,,,,,
house_robber,0,native,141.56824800000132,65108.969163999995,-6667,1048576,1235,0,0,121,1024.756853,-7133.1357421875,0,0,0,86,0,,,,,,,,
house_robber,0,native,141.56824800000132,66086.447393,-6667,1048576,1212,0,0,122,977.478229,-7119.8251953125,0,0,0,125,0,,,,,,,,
house_robber,0,native,141.56824800000132,66992.073165,-6667,1048576,1226,0,0,123,905.625772,-7706.0908203125,0,0,0,110,0,,,,,,,,
house_robber,0,native,141.56824800000132,67789.38197599999,-6667,1048576,1236,0,0,124,797.308811,-7677.466796875,0,0,0,103,0,,,,,,,,
house_robber,0,native,141.56824800000132,68571.57932399999,-6667,1048576,1207,0,0,125,782.197348,-9404.0947265625,0,0,0,104,0,,,,,,,,
house_robber,0,native,141.56824800000132,69347.97892699999,-6667,1048576,1245,0,0,126,776.399603,-8429.30859375,2,0,0,115,0,,,,,,,,
house_robber,0,native,141.56824800000132,70116.307364,-6667,1048576,1231,0,0,127,768.328437,-8633.244140625,0,0,0,105,0,,,,,,,,
house_robber,0,fragments,205.26411300000655,268.53686800000656,-8503,1048576,,0,0,0,63.272755,-117310.05859375,,0,0,118,0,905,42.464383,892336,33.194042,1754,79.5068359375,8.120417999999995,20.169345
house_robber,0,fragments,205.26411300000655,320.6086620000066,-8503,1048576,,0,0,1,52.071794,-75280.7109375,,0,0,204,0,819,38.218152,893072,30.925174,1606,52.091796875,6.454882000000004,13.517211
house_robber,0,fragments,205.26411300000655,367.9952320000066,-8503,1048576,,0,0,2,47.38657,-65983.525390625,,0,0,248,0,775,37.478674,893156,31.049189,1524,43.40625,5.650472000000001,9.615517
house_robber,0,fragments,205.26411300000655,407.8537730000066,-8503,1048576,,0,0,3,39.858541,-60041.984375,,0,0,231,0,792,30.525877,893204,24.364982,1508,43.9912109375,5.428215000000001,9.087066
house_robber,0,fragments,205.26411300000655,447.8458900000066,-7934,1048576,,0,0,4,39.992117,-56244.634765625,,0,0,182,0,841,30.286516,893248,23.974459,1526,46.341796875,5.6021139999999985,9.483773
house_robber,0,fragments,205.26411300000655,489.2450900000066,-7934,1048576,,0,0,5,41.3992,-57398.4501953125,,0,0,166,0,857,29.93671,893300,23.70244,1552,50.91015625,5.514849000000002,11.240912
house_robber,0,fragments,205.26411300000655,532.1524700000066,-7934,1048576,,0,0,6,42.90738,-56849.83984375,,0,0,137,0,886,30.426695,893412,23.626637,1573,54.875,6.027895999999997,12.249858
house_robber,0,fragments,205.26411300000655,577.8454030000066,-7790,1048576,,0,0,7,45.692933,-61819.3583984375,,0,0,127,0,896,31.156372,893636,24.292239,1589,58.427734375,6.0816040000000005,14.294807
house_robber,0,fragments,205.26411300000655,625.0825280000066,-7790,1048576,,0,0,8,47.237125,-57142.2412109375,,0,0,129,0,894,31.963833,893808,24.517746,1590,57.4169921875,6.5980000000000025,15.00082
house_robber,0,fragments,205.26411300000655,671.6437950000067,-7790,1048576,,0,0,9,46.561267,-53147.3828125,,0,0,116,0,907,31.519547,893964,23.999481,1608,60.6796875,6.729942000000001,14.758452
house_robber,0,fragments,205.26411300000655,719.4174390000067,-7790,1048576,,0,0,10,47.773644,-51136.9873046875,,0,0,107,0,916,31.371665,894180,24.152695,1622,63.267578125,6.403914000000001,16.09521
house_robber,0,fragments,205.26411300000655,768.4731760000067,-7790,1048576,,0,0,11,49.055737,-37281.3466796875,,0,0,102,0,921,31.618868,894376,24.231693,1624,64.0595703125,6.573996999999999,17.12966
house_robber,0,fragments,205.26411300000655,818.9796980000067,-7376,1048576,,0,0,12,50.506522,-36903.9521484375,,0,0,110,0,913,32.557683,894572,24.489863,1606,66.4150390625,7.246320999999998,17.659212
house_robber,0,fragments,205.26411300000655,869.5246750000067,-7376,1048576,,0,0,13,50.544977,-40826.314453125,,0,0,96,0,927,32.658305,894768,24.63968,1615,67.9365234375,7.184425999999998,17.583554
house_robber,0,fragments,205.26411300000655,919.4556460000067,-7376,1048576,,0,0,14,49.930971,-39001.591796875,,0,0,112,0,911,32.380281,894936,24.595045,1607,69.181640625,6.909683999999996,17.21657
house_robber,0,fragments,205.26411300000655,970.1671960000067,-7376,1048576,,0,0,15,50.71155,-40318.232421875,,0,0,111,0,912,32.482816,895092,24.581003,1615,70.6845703125,7.050699999999998,17.90636
house_robber,0,fragments,205.26411300000655,1023.0407690000067,-7376,1048576,,0,0,16,52.873573,-44860.955078125,,0,0,93,0,930,32.715799,895424,24.842902,1613,72.615234375,7.052423999999997,19.843136
house_robber,0,fragments,205.26411300000655,1075.3943280000067,-7376,1048576,,0,0,17,52.353559,-42985.8046875,,0,0,100,0,923,32.6321,895724,24.605937,1614,74.291015625,7.192417,19.410692
house_robber,0,fragments,205.26411300000655,1129.3772990000066,-7376,1048576,,0,0,18,53.982971,-37148.3935546875,,0,0,113,0,910,33.16348,895868,25.01388,1603,76.9482421875,7.324262000000001,20.508468
house_robber,0,fragments,205.26411300000655,1184.3873140000067,-7376,1048576,,0,0,19,55.010015,-37729.1171875,,0,0,114,0,909,33.186783,896040,24.751451,1607,79.490234375,7.572937999999997,21.50852
house_robber,0,fragments,205.26411300000655,1239.5365410000068,-7376,1048576,,0,0,20,55.149227,-35872.673828125,,0,0,100,0,923,33.033787,896280,24.870585,1616,85.787109375,7.314073999999995,21.802497
house_robber,0,fragments,205.26411300000655,1296.6084880000067,-7361,1048576,,0,0,21,57.071947,-32516.6416015625,,0,0,117,0,906,34.148155,896672,25.63291,1592,88.6591796875,7.665017000000003,22.591207
house_robber,0,fragments,205.26411300000655,1355.4939960000067,-7361,1048576,,0,0,22,58.885508,-30458.3291015625,,0,0,93,0,930,33.966303,897008,25.273772,1598,92.8447265625,7.802256000000002,24.588528
house_robber,0,fragments,205.26411300000655,1415.6372030000068,-7333,1048576,,0,0,23,60.143207,-36375.8828125,,0,0,90,0,933,35.006235,897840,26.009607,1612,93.423828125,8.118831999999996,24.823083
house_robber,0,fragments,205.26411300000655,1475.3523650000068,-7333,1048576,,0,0,24,59.715162,-29846.3056640625,,0,0,102,0,921,34.443347,898008,25.694353,1599,94.767578125,7.879704000000001,24.938003
house_robber,0,fragments,205.26411300000655,1535.7013790000067,-7250,1048576,,0,0,25,60.349014,-25367.197265625,,0,0,99,0,924,34.893134,898220,25.766722,1632,95.248046875,8.253066000000004,25.132896
house_robber,0,fragments,205.26411300000655,1596.0751730000068,-7250,1048576,,0,0,26,60.373794,-35398.654296875,,0,0,89,0,934,34.822381,898384,25.552691,1631,97.013671875,8.403885,25.217826
house_robber,0,fragments,205.26411300000655,1658.4170500000068,-7250,1048576,,0,0,27,62.341877,-26237.3779296875,,0,0,84,0,939,35.708426,898516,26.268935,1625,97.951171875,8.579090000000004,26.30766
house_robber,0,fragments,205.26411300000655,1718.788412000007,-7250,1048576,,0,0,28,60.371362,-28993.2490234375,,0,0,116,0,907,34.947392,899144,25.590488,1621,100.626953125,8.427902,25.102805
house_robber,0,fragments,205.26411300000655,1781.435681000007,-7250,1048576,,0,0,29,62.647269,-31061.064453125,,0,0,92,0,931,34.962925,900464,25.969236,1642,104.2607421875,8.123066999999999,27.356266
house_robber,0,fragments,205.26411300000655,1844.678086000007,-7250,1048576,,0,0,30,63.242405,-27595.970703125,,0,0,84,0,939,35.13806,901124,25.71779,1642,107.62890625,8.483181000000002,27.763498
house_robber,0,fragments,205.26411300000655,1907.993366000007,-7250,1048576,,0,0,31,63.31528,-26288.2861328125,,0,0,111,0,912,35.27137,901892,25.499532,1602,111.935546875,8.780558999999997,27.720521
house_robber,0,fragments,205.26411300000655,1971.275008000007,-7250,1048576,,0,0,32,63.281642,-27221.521484375,,0,0,90,0,933,35.100189,902696,25.686306,1622,115.6162109375,8.486275000000003,27.848394
house_robber,0,fragments,205.26411300000655,2050.330561000007,-5952,1048576,,0,0,33,79.055553,-24244.4228515625,,0,0,103,0,920,50.191107,904888,40.579195,1643,117.8544921875,8.673371000000005,28.502143
house_robber,0,fragments,205.26411300000655,2115.907379000007,-5952,1048576,,0,0,34,65.576818,-26391.3623046875,,0,0,85,0,938,35.472546,906792,25.731649,1635,121.1806640625,8.821587000000001,29.760115
house_robber,0,fragments,205.26411300000655,2183.883450000007,-5675,1048576,,0,0,35,67.976071,-19425.1630859375,,0,0,90,0,933,35.605398,910836,25.816973,1633,127.642578125,8.863593,32.004985
house_robber,0,fragments,205.26411300000655,2255.535149000007,-5675,1048576,,0,0,36,71.651699,-17397.4638671875,,0,0,80,0,943,36.913513,914996,26.229263,1627,129.1767578125,9.498266000000005,34.382311
house_robber,0,fragments,205.26411300000655,2327.306125000007,-5675,1048576,,0,0,37,71.770976,-21944.009765625,,0,0,113,0,910,37.436176,916792,26.67226,1619,135.505859375,9.545660000000002,33.993153
house_robber,0,fragments,205.26411300000655,2400.5395940000067,-5675,1048576,,0,0,38,73.233469,-22139.42578125,,0,0,66,0,957,36.872231,921680,26.431337,1618,139.4482421875,9.378115999999999,36.007812
house_robber,0,fragments,205.26411300000655,2486.7992450000065,-5675,1048576,,0,0,39,86.259651,-24788.7705078125,,0,0,79,0,944,49.061958,923896,38.529058,1609,139.748046875,9.417066999999994,36.836793
house_robber,0,fragments,205.26411300000655,2572.3240570000066,-5571,1048576,,0,0,40,85.524812,-20316.3369140625,,0,0,68,0,955,49.534127,926500,38.746373,1621,144.728515625,9.682602,35.64547
house_robber,0,fragments,205.26411300000655,2660.5108730000065,-5571,1048576,,0,0,41,88.186816,-20547.7763671875,,0,0,85,0,938,49.716368,930908,38.603205,1634,147.4365234375,9.938911000000001,38.115473
house_robber,0,fragments,205.26411300000655,2750.5461500000065,-5332,1048576,,0,0,42,90.035277,-20530.26953125,,0,0,87,0,936,50.23967,933816,39.226314,1612,150.0888671875,9.887346999999998,39.4307
house_robber,0,fragments,205.26411300000655,2841.8537710000064,-5332,1048576,,0,0,43,91.307621,-17134.8583984375,,0,0,81,0,942,50.038484,936204,38.80822,1620,152.6220703125,10.107669999999995,40.923136
house_robber,0,fragments,205.26411300000655,2933.2651910000063,-5332,1048576,,0,0,44,91.41142,-16292.1533203125,,0,0,65,0,958,50.92461,938360,39.13551,1638,150.4384765625,10.664046999999998,40.140213
house_robber,0,fragments,205.26411300000655,3025.7375980000065,-5332,1048576,,0,0,45,92.472407,-23082.578125,,0,0,76,0,947,51.439309,939536,40.430292,1642,151.15625,9.899662000000003,40.669477
house_robber,0,fragments,205.26411300000655,3120.6731840000066,-5332,1048576,,0,0,46,94.935586,-16768.609375,,0,0,71,0,952,52.326582,941560,39.878156,1642,151.052734375,11.188277,42.242074
house_robber,0,fragments,205.26411300000655,3214.710752000007,-5332,1048576,,0,0,47,94.037568,-17318,,0,0,88,0,935,52.569857,942644,40.893083,1625,148.3212890625,10.561436,41.108797
house_robber,0,fragments,205.26411300000655,3308.238925000007,-5332,1048576,,0,0,48,93.528173,-15731.73828125,,0,0,85,0,938,52.193788,943092,40.916452,1607,152.1787109375,10.121710999999994,40.970398
house_robber,0,fragments,205.26411300000655,3401.824516000007,-5323,1048576,,0,0,49,93.585591,-14053.009765625,,0,0,84,0,939,52.981598,943408,41.32685,1626,151.18359375,10.468399,40.252101
house_robber,0,fragments,205.26411300000655,3494.219262000007,-5323,1048576,,0,0,50,92.394746,-14914.4208984375,,0,0,79,0,944,52.531915,944488,41.107112,1634,155.1337890625,10.313014999999996,39.514219
house_robber,0,fragments,205.26411300000655,3595.101118000007,-5323,1048576,,0,0,51,100.881856,-15005.8662109375,,0,0,87,0,936,52.647794,947272,41.393774,1618,160.150390625,10.113623,47.890394
house_robber,0,fragments,205.26411300000655,3693.1334340000067,-5249,1048576,,0,0,52,98.032316,-13853.0751953125,,0,0,90,0,933,58.858916,949568,41.979705,1625,165.517578125,15.638511000000003,38.670488
house_robber,0,fragments,205.26411300000655,3787.1379140000067,-5249,1048576,,0,0,53,94.00448,-12834.0673828125,,0,0,86,0,937,54.298523,952264,42.778374,1640,168.73046875,10.366491,39.349215
house_robber,0,fragments,205.26411300000655,3883.1541350000066,-5249,1048576,,0,0,54,96.016221,-11955.7060546875,,0,0,93,0,930,54.604871,954468,42.924894,1632,170.583984375,10.498909000000001,41.06486
house_robber,0,fragments,205.26411300000655,3978.115100000007,-4671,1048576,,0,0,55,94.960965,-12780.591796875,,0,0,68,0,955,54.321664,956684,42.7774,1631,174.0888671875,10.396459,40.268193
house_robber,0,fragments,205.26411300000655,4074.0773750000067,-4671,1048576,,0,0,56,95.962275,-11664.6748046875,,0,0,76,0,947,54.802197,959624,42.986202,1648,178.14453125,10.663598000000002,40.800154
house_robber,0,fragments,205.26411300000655,4175.320087000006,-4671,1048576,,0,0,57,101.242712,-15439.5068359375,,0,0,85,0,938,56.355321,963700,44.426011,1641,178.9619140625,10.760517000000004,44.517782
house_robber,0,fragments,205.26411300000655,4276.994722000007,-4671,1048576,,0,0,58,101.674635,-13300.705078125,,0,0,77,0,946,56.754517,967868,43.553617,1648,179.1533203125,12.040764999999997,44.500527
house_robber,0,fragments,205.26411300000655,4378.180525000007,-4146,1048576,,0,0,59,101.185803,-13887.408203125,,0,0,87,0,936,56.414958,971536,44.510044,1646,181.3349609375,10.744677,44.334925
house_robber,0,fragments,205.26411300000655,4481.728429000007,-4146,1048576,,0,0,60,103.547904,-11074.9033203125,,0,0,74,0,949,56.68619,975728,44.1723,1658,187.3828125,11.262451000000004,46.489488
house_robber,0,fragments,205.26411300000655,4575.206664000007,-4125,1048576,,0,0,61,93.478235,-11332.8388671875,,0,0,67,0,956,45.393026,978008,32.484349,1652,191.1025390625,11.762753000000002,47.702304
house_robber,0,fragments,205.26411300000655,4681.979410000006,-4125,1048576,,0,0,62,106.772746,-13073.62109375,,0,0,82,0,941,59.390227,981544,46.326221,1651,200.5791015625,11.903017000000004,46.926622
house_robber,0,fragments,205.26411300000655,4778.787858000006,-4125,1048576,,0,0,63,96.808448,-11980.4423828125,,0,0,78,0,945,44.705199,988048,32.228616,1625,211.064453125,11.31267,51.699893
house_robber,0,fragments,205.26411300000655,4881.405684000006,-3236,1048576,,0,0,64,102.617826,-9631.0380859375,,0,0,74,0,949,47.507638,997056,33.074139,1641,221.8251953125,13.235963999999997,54.616053
house_robber,0,fragments,205.26411300000655,4995.560267000006,-3236,1048576,,0,0,65,114.154583,-10805.5693359375,,0,0,72,0,951,58.936057,1003504,43.812542,1633,230.1259765625,13.801779999999995,54.847406
house_robber,0,fragments,205.26411300000655,5111.616123000006,-3160,1048576,,0,0,66,116.055856,-10881.84375,,0,0,83,0,940,58.054169,1009348,43.737443,1617,230.326171875,13.012679000000002,57.642968
house_robber,0,fragments,205.26411300000655,5228.772645000006,-3160,1048576,,0,0,67,117.156522,-8235.671875,,0,0,68,0,955,60.285451,1013532,44.832088,1633,236.927734375,14.012831000000004,56.511705
house_robber,0,fragments,205.26411300000655,5347.018917000007,-3160,1048576,,0,0,68,118.246272,-8229.4716796875,,0,0,55,0,968,58.146024,1020792,42.782081,1650,241.7900390625,13.880927999999999,59.720169
house_robber,0,fragments,205.26411300000655,5471.398832000007,-3160,1048576,,0,0,69,124.379915,-9245.5556640625,,0,0,76,0,947,63.073648,1025232,47.870642,1636,246.99609375,13.798733000000002,60.920877
house_robber,0,fragments,205.26411300000655,5595.784699000007,-3160,1048576,,0,0,70,124.385867,-7792.92578125,,0,0,72,0,951,63.676253,1029816,48.41957,1666,249.5703125,13.832153000000005,60.278028
house_robber,0,fragments,205.26411300000655,5721.922840000007,-3129,1048576,,0,0,71,126.138141,-10168.9580078125,,0,0,77,0,946,64.13635,1039948,48.249347,1644,253.91015625,14.462712999999994,61.613948
house_robber,0,fragments,205.26411300000655,5852.271497000007,-3129,1048576,,0,0,72,130.348657,-11517.03125,,0,0,72,0,951,65.154922,1043212,49.966431,1652,265.185546875,13.777006000000002,64.786713
house_robber,0,fragments,205.26411300000655,5993.124258000007,-3129,1048576,,0,0,73,140.852761,-9489.6259765625,,0,0,79,0,944,74.592312,1048312,56.884411,1655,272.9912109375,16.182270000000003,65.868976
house_robber,0,fragments,205.26411300000655,6127.933613000007,-3129,1048576,,0,0,74,134.809355,-10305.556640625,,0,0,75,0,948,67.185101,1055480,50.637666,1611,276.67578125,15.103754,67.202753
house_robber,0,fragments,205.26411300000655,6258.390070000008,-3129,1048576,,0,0,75,130.456457,-9846.8017578125,,0,0,63,0,960,66.834112,1059656,49.821702,1635,286.1572265625,15.506990000000002,63.202531
house_robber,0,fragments,205.26411300000655,6389.639050000008,-3128,1048576,,0,0,76,131.24898,-12085.98828125,,0,0,78,0,945,65.458232,1063908,49.278049,1642,293.7822265625,14.645036999999995,65.390166
house_robber,0,fragments,205.26411300000655,6522.082906000008,-3118,1048576,,0,0,77,132.443856,-10764.9287109375,,0,0,67,0,956,65.193906,1070180,47.901299,1674,293.7119140625,15.728652999999996,66.854957
house_robber,0,fragments,205.26411300000655,6655.4026320000075,-3118,1048576,,0,0,78,133.319726,-11315.5126953125,,0,0,68,0,955,63.551722,1073536,46.23438,1672,288.8828125,15.810406999999994,69.373904
house_robber,0,fragments,205.26411300000655,6787.612967000007,-3118,1048576,,0,0,79,132.210335,-9437.333984375,,0,0,84,0,939,63.418144,1075436,46.931027,1648,286.3662109375,14.951559999999995,68.383579
house_robber,0,fragments,205.26411300000655,6923.274041000007,-3118,1048576,,0,0,80,135.661074,-8173.203125,,0,0,69,0,954,66.206578,1077364,49.180412,1637,290.41015625,15.480224999999995,69.054024
house_robber,0,fragments,205.26411300000655,7069.710718000007,-3118,1048576,,0,0,81,146.436677,-9227.6962890625,,0,0,71,0,952,73.167182,1080444,56.112789,1637,297.16015625,15.564229999999993,72.868287
house_robber,0,fragments,205.26411300000655,7214.085265000007,-3102,1048576,,0,0,82,144.374547,-7974.435546875,,0,0,62,0,961,72.443857,1085532,53.921835,1657,311.8623046875,17.003880999999986,71.517893
house_robber,0,fragments,205.26411300000655,7354.531266000007,-3102,1048576,,0,0,83,140.446001,-9320.578125,,0,0,60,0,963,64.844517,1095996,47.654996,1634,331.04296875,15.691467999999993,75.197588
house_robber,0,fragments,205.26411300000655,7501.403324000007,-3092,1048576,,0,0,84,146.872058,-8832.5419921875,,0,0,74,0,949,66.97218,1104656,49.346592,1647,354.912109375,15.989422999999995,79.490589
house_robber,0,fragments,205.26411300000655,7658.874953000007,-3092,1048576,,0,0,85,157.471629,-6287.5322265625,,0,0,68,0,955,68.838192,1120580,49.637069,1640,382.1904296875,17.46227600000001,88.097987
house_robber,0,fragments,205.26411300000655,7822.980121000007,-3092,1048576,,0,0,86,164.105168,-7515.0712890625,,0,0,54,0,969,69.033857,1137460,49.758721,1654,413.1181640625,17.564945999999996,94.658282
house_robber,0,fragments,205.26411300000655,7996.304665000007,-3092,1048576,,0,0,87,173.324544,-5253.9853515625,,0,0,53,0,970,68.825271,1163224,47.29413,1653,440.5029296875,19.666337,104.0988
house_robber,0,fragments,205.26411300000655,8169.167527000007,-3092,1048576,,0,0,88,172.862862,-7230.0869140625,,0,0,59,0,964,68.647288,1183132,45.821174,1654,466.7353515625,20.878534000000002,103.783345
house_robber,0,fragments,205.26411300000655,8344.527653000006,-3084,1048576,,0,0,89,175.360126,-6624.5146484375,,0,0,61,0,962,69.144206,1198664,46.418575,1669,474.0615234375,20.770515999999997,105.693725
house_robber,0,fragments,205.26411300000655,8528.981073000006,-3084,1048576,,0,0,90,184.45342,-6524.333984375,,0,0,69,0,954,68.790481,1213452,45.855533,1671,483.2900390625,20.921293,115.219731
house_robber,0,fragments,205.26411300000655,8714.471223000006,-3084,1048576,,0,0,91,185.49015,-5164,,0,0,59,0,964,69.961936,1221284,45.087617,1655,479.875,22.860297000000003,115.12219
house_robber,0,fragments,205.26411300000655,8898.543505000005,-3084,1048576,,0,0,92,184.072282,-6429.341796875,,1,0,49,0,974,72.613716,1227340,47.67861,1693,479.2802734375,22.796746000000002,111.044888
house_robber,0,fragments,205.26411300000655,9088.674479000005,-3084,1048576,,0,0,93,190.130974,-5069.9130859375,,0,0,74,0,949,72.845458,1233572,49.851202,1672,491.0263671875,20.904279999999996,116.818475
house_robber,0,fragments,205.26411300000655,9279.936279000005,-3084,1048576,,0,0,94,191.2618,-5451.41796875,,0,0,75,0,948,75.039734,1237364,49.067803,1672,485.986328125,23.875562999999996,115.784722
house_robber,0,fragments,205.26411300000655,9468.823313000004,-3066,1048576,,0,0,95,188.887034,-5429.51171875,,1,0,71,0,952,75.878533,1240308,50.351309,1651,475.8681640625,23.335118000000005,112.61068
house_robber,0,fragments,205.26411300000655,9655.509830000005,-3066,1048576,,0,0,96,186.686517,-6779.529296875,,3,0,69,0,954,74.663012,1241172,50.449412,1661,472.3701171875,22.078130999999996,111.59633
house_robber,0,fragments,205.26411300000655,9845.379148000004,-3065,1048576,,0,0,97,189.869318,-5269.4345703125,,0,0,75,0,948,74.507024,1244044,51.464361,1649,464.47265625,21.024955999999996,114.943963
house_robber,0,fragments,205.26411300000655,10028.483378000004,-3031,1048576,,0,0,98,183.10423,-5809.595703125,,0,0,69,0,954,73.539493,1245048,50.354796,1648,465.751953125,21.11553899999999,109.141176
house_robber,0,fragments,205.26411300000655,10212.565664000005,-3031,1048576,,0,0,99,184.082286,-4981.900390625,,1,0,63,0,960,75.016754,1245536,52.296237,1658,459.5791015625,20.778473000000012,108.652157
house_robber,0,fragments,205.26411300000655,10394.545879000005,-3031,1048576,,0,0,100,181.980215,-4540.525390625,,0,0,77,0,946,73.897115,1246012,50.850819,1662,465.6533203125,20.979859000000005,107.683862
house_robber,0,fragments,205.26411300000655,10583.594412000004,-3031,1048576,,0,0,101,189.048533,-5666.0712890625,,1,0,69,0,954,72.707923,1246832,51.023574,1633,466.3994140625,19.608206000000003,115.87997
house_robber,0,fragments,205.26411300000655,10769.919381000003,-3031,1048576,,0,0,102,186.324969,-5276.96875,,0,0,63,0,960,72.47012,1249640,48.804579,1658,470.3134765625,21.59203199999999,113.455396
house_robber,0,fragments,205.26411300000655,10955.917434000003,-3031,1048576,,0,0,103,185.998053,-6440.3115234375,,1,0,69,0,954,73.586463,1251576,49.272055,1667,475.59375,22.262466999999987,112.00363
house_robber,0,fragments,205.26411300000655,11137.175729000002,-3031,1048576,,0,0,104,181.258295,-5604.5498046875,,2,0,83,0,940,70.554816,1255272,48.054005,1655,494.9775390625,20.547060000000002,110.278521
house_robber,0,fragments,205.26411300000655,11331.618360000002,-3031,1048576,,0,0,105,194.442631,-5376.3544921875,,2,0,65,0,958,71.156759,1255764,48.145242,1629,500.7373046875,20.99331999999999,122.848207
house_robber,0,fragments,205.26411300000655,11528.244224000002,-3025,1048576,,0,0,106,196.625864,-6608.044921875,,1,0,77,0,946,77.23548,1256660,51.635868,1624,513.8115234375,23.44452199999999,118.979904
house_robber,0,fragments,205.26411300000655,11723.007632000003,-3025,1048576,,0,0,107,194.763408,-5491.7548828125,,1,0,59,0,964,77.019089,1258452,51.35375,1646,527.52734375,23.414877999999998,117.260545
house_robber,0,fragments,205.26411300000655,11923.850063000002,-3025,1048576,,0,0,108,200.842431,-5127.498046875,,1,0,66,0,957,75.192422,1262020,51.16254,1615,538.4453125,21.847907,125.205803
house_robber,0,fragments,205.26411300000655,12132.126415000002,-3025,1048576,,0,0,109,208.276352,-6926.2734375,,0,0,58,0,965,78.388669,1263200,52.169561,1625,545.0029296875,24.011830999999994,129.485979
house_robber,0,fragments,205.26411300000655,12340.974066000002,-3025,1048576,,0,0,110,208.847651,-6278.6640625,,5,0,81,0,942,80.985477,1266744,52.997235,1626,548.3203125,25.613718000000002,127.340741
house_robber,0,fragments,205.26411300000655,12545.231037000003,-3019,1048576,,0,0,111,204.256971,-6518.82421875,,0,0,71,0,952,78.93322,1269816,52.726429,1647,554.6259765625,23.941826,124.92419
house_robber,0,fragments,205.26411300000655,12755.824142000003,-3017,1048576,,0,0,112,210.593105,-4685.3388671875,,4,0,80,0,943,80.593632,1273608,55.285516,1643,555.794921875,23.035096999999993,129.585617
house_robber,0,fragments,205.26411300000655,12958.997770000004,-3017,1048576,,0,0,113,203.173628,-6835.7109375,,3,0,75,0,948,80.415392,1275984,55.213749,1672,557.0029296875,22.966082999999998,122.340931
house_robber,0,fragments,205.26411300000655,13169.922164000003,-3015,1048576,,0,0,114,210.924394,-6416.3251953125,,1,0,72,0,951,81.210338,1278752,53.851997,1662,554.943359375,24.869395999999988,129.233024
house_robber,0,fragments,205.26411300000655,13383.657167000003,-3015,1048576,,0,0,115,213.735003,-7021.1953125,,3,0,79,0,944,85.147988,1279948,56.339635,1657,558.5439453125,26.412061,128.175199
house_robber,0,fragments,205.26411300000655,13592.971675000003,-3015,1048576,,0,0,116,209.314508,-6255.5927734375,,0,0,70,0,953,84.062311,1280656,56.232218,1659,553.654296875,25.442870999999993,124.776866
house_robber,0,fragments,205.26411300000655,13799.879499000002,-3010,1048576,,0,0,117,206.907824,-6625.015625,,4,0,66,0,957,84.156061,1281244,57.062855,1648,539.6767578125,24.628980999999996,122.343568
house_robber,0,fragments,205.26411300000655,14017.156668000003,-3010,1048576,,0,0,118,217.277169,-4668.4443359375,,1,0,85,0,938,84.678403,1281556,58.907237,1633,527.6083984375,23.436037000000006,132.179323
house_robber,0,fragments,205.26411300000655,14224.019087000002,-3010,1048576,,0,0,119,206.862419,-4021.6943359375,,1,0,63,0,960,88.694923,1281748,62.913732,1631,502.490234375,23.429078000000004,117.707627
house_robber,0,fragments,205.26411300000655,14421.945092000002,-3010,1048576,,0,0,120,197.926005,-8587.5234375,,1,0,69,0,954,84.540118,1281864,58.713249,1631,488.544921875,23.600460000000005,112.987452
house_robber,0,fragments,205.26411300000655,14619.660769000002,-3010,1048576,,0,0,121,197.715677,-8260.615234375,,0,0,66,0,957,81.026732,1281904,56.42839,1653,483.2744140625,22.414053999999997,116.288179
house_robber,0,fragments,205.26411300000655,14811.884287000003,-3010,1048576,,0,0,122,192.223518,-8600.9482421875,,1,0,97,0,926,83.110663,1281952,55.30644,1635,480.0693359375,25.648993,108.529312
house_robber,0,fragments,205.26411300000655,15000.044793000003,-3010,1048576,,0,0,123,188.160506,-6771.18359375,,0,0,73,0,950,77.484305,1281980,55.737296,1648,484.7236328125,19.718492000000012,110.224527
house_robber,0,fragments,205.26411300000655,15186.221394000002,-3010,1048576,,0,0,124,186.176601,-7901.857421875,,0,0,86,0,937,80.630547,1282084,56.09966,1673,483.279296875,22.301897000000004,105.123527
house_robber,0,fragments,205.26411300000655,15376.466369000002,-3010,1048576,,0,0,125,190.244975,-7185.1630859375,,0,0,78,0,945,80.546837,1282128,56.905773,1669,488.615234375,21.332337,109.192386
house_robber,0,fragments,205.26411300000655,15567.844556000002,-3010,1048576,,0,0,126,191.378187,-6738.1865234375,,0,0,73,0,950,81.47431,1282144,56.502625,1671,487.3994140625,22.662575,109.47848
house_robber,0,fragments,205.26411300000655,15762.801383000002,-3010,1048576,,0,0,127,194.956827,-4819.375,,0,0,71,0,952,82.379648,1282164,57.041868,1650,479.375,23.001324000000004,112.12512
house_robber,1,native,138.46159199997473,355.7413799999747,-8503,1048576,1264,0,0,0,217.279788,-117310.05859375,0,0,0,96,0,,,,,,,,
house_robber,1,native,138.46159199997473,568.1230689999747,-10045,1048576,1164,0,0,1,212.381689,-78696.6435546875,0,0,0,160,0,,,,,,,,
house_robber,1,native,138.46159199997473,727.4600269999747,-8503,1048576,1172,0,0,2,159.336958,-67652.3857421875,0,0,0,145,0,,,,,,,,
house_robber,1,native,138.46159199997473,878.4843459999747,-8562,1048576,1210,0,0,3,151.024319,-64202.861328125,0,0,0,134,0,,,,,,,,
house_robber,1,native,138.46159199997473,1007.6799159999747,-8503,1048576,1215,0,0,4,129.19557,-60660.576171875,0,0,0,117,0,,,,,,,,
house_robber,1,native,138.46159199997473,1139.3429929999747,-8503,1048576,1218,0,0,5,131.663077,-59490.4375,0,0,0,129,0,,,,,,,,
house_robber,1,native,138.46159199997473,1277.6986579999748,-8503,1048576,1255,0,0,6,138.355665,-58475.962890625,0,0,0,102,0,,,,,,,,
house_robber,1,native,138.46159199997473,1412.3870019999747,-8486,1048576,1202,0,0,7,134.688344,-58481.681640625,0,0,0,114,0,,,,,,,,
house_robber,1,native,138.46159199997473,1550.7065229999748,-7465,1048576,1208,0,0,8,138.319521,-54854.01953125,2,0,0,110,0,,,,,,,,
house_robber,1,native,138.46159199997473,1693.2180999999748,-8501,1048576,1231,0,0,9,142.511577,-56698.08203125,0,0,0,115,0,,,,,,,,
house_robber,1,native,138.46159199997473,1834.5501229999747,-8503,1048576,1177,0,0,10,141.332023,-60066.9443359375,0,0,0,130,0,,,,,,,,
house_robber,1,native,138.46159199997473,1981.2934889999747,-8473,1048576,1203,0,0,11,146.743366,-56905.5341796875,0,0,0,128,0,,,,,,,,
house_robber,1,native,138.46159199997473,2126.165117999975,-7723,1048576,1248,0,0,12,144.871629,-57208.9892578125,0,0,0,89,0,,,,,,,,
house_robber,1,native,138.46159199997473,2272.1655539999747,-7571,1048576,1216,0,0,13,146.000436,-55017.078125,4,0,0,113,0,,,,,,,,
house_robber,1,native,138.46159199997473,2429.255470999975,-8493,1048576,1226,0,0,14,157.089917,-54434.078125,0,0,0,101,0,,,,,,,,
house_robber,1,native,138.46159199997473,2587.521407999975,-8342,1048576,1205,0,0,15,158.265937,-55290.8603515625,2,0,0,105,0,,,,,,,,
house_robber,1,native,138.46159199997473,2751.188403999975,-8342,1048576,1242,0,0,16,163.666996,-51763.982421875,0,0,0,97,0,,,,,,,,
house_robber,1,native,138.46159199997473,2937.111228999975,-8350,1048576,1251,0,0,17,185.922825,-44631.6455078125,0,0,0,98,0,,,,,,,,
house_robber,1,native,138.46159199997473,3126.5353799999752,-7661,1048576,1228,0,0,18,189.424151,-50058.6640625,6,0,0,102,0,,,,,,,,
house_robber,1,native,138.46159199997473,3312.6320599999754,-8168,1048576,1212,0,0,19,186.09668,-47667.6904296875,2,0,0,96,0,,,,,,,,
house_robber,1,native,138.46159199997473,3501.9894579999755,-8203,1048576,1238,0,0,20,189.357398,-37559.4833984375,8,0,0,104,0,,,,,,,,
house_robber,1,native,138.46159199997473,3687.6428489999753,-8253,1048576,1227,0,0,21,185.653391,-42518.1650390625,8,0,0,98,0,,,,,,,,
house_robber,1,native,138.46159199997473,3883.8064319999753,-8168,1048576,1248,0,0,22,196.163583,-43776.501953125,4,0,0,93,0,,,,,,,,
house_robber,1,native,138.46159199997473,4081.842390999975,-8168,1048576,1218,0,0,23,198.035959,-38550.0244140625,12,0,0,103,0,,,,,,,,
house_robber,1,native,138.46159199997473,4315.609817999975,-7498,1048576,1238,0,0,24,233.767427,-38222.71875,6,0,0,93,0,,,,,,,,
house_robber,1,native,138.46159199997473,4527.0993569999755,-7721,1048576,1251,0,0,25,211.489539,-37913.2607421875,26,0,0,94,0,,,,,,,,
house_robber,1,native,138.46159199997473,4747.579143999976,-7721,1048576,1248,0,0,26,220.479787,-44173.384765625,24,0,0,109,0,,,,,,,,
house_robber,1,native,138.46159199997473,4985.307216999976,-7721,1048576,1184,0,0,27,237.728073,-36186.5439453125,14,0,0,152,0,,,,,,,,
house_robber,1,native,138.46159199997473,5231.114139999976,-7574,1048576,1223,0,0,28,245.806923,-25453.3876953125,28,0,0,125,0,,,,,,,,
house_robber,1,native,138.46159199997473,5478.531102999976,-7418,1048576,1231,0,0,29,247.416963,-26389.6064453125,30,0,0,121,0,,,,,,,,
house_robber,1,native,138.46159199997473,5728.869667999976,-7418,1048576,1198,0,0,30,250.338565,-25618.3681640625,28,0,0,128,0,,,,,,,,
house_robber,1,native,138.46159199997473,5992.258535999976,-7418,1048576,1221,0,0,31,263.388868,-22193.9287109375,36,0,0,123,0,,,,,,,,
house_robber,1,native,138.46159199997473,6267.235030999976,-7418,1048576,1194,0,0,32,274.976495,-25071.349609375,40,0,0,150,0,,,,,,,,
house_robber,1,native,138.46159199997473,6552.221348999976,-7043,1048576,1153,0,0,33,284.986318,-20527.3916015625,62,0,0,159,0,,,,,,,,
house_robber,1,native,138.46159199997473,6852.293871999976,-7303,1048576,1173,0,0,34,300.072523,-21037.5927734375,68,0,0,152,0,,,,,,,,
house_robber,1,native,138.46159199997473,7172.406159999976,-7314,1048576,1195,0,0,35,320.112288,-20878.1806640625,76,0,0,162,0,,,,,,,,
house_robber,1,native,138.46159199997473,7500.673439999976,-7310,1048576,1184,0,0,36,328.26728,-19729.703125,60,0,0,161,0,,,,,,,,
house_robber,1,native,138.46159199997473,7884.275842999976,-7310,1048576,1198,0,0,37,383.602403,-23354.4404296875,44,0,0,132,0,,,,,,,,
house_robber,1,native,138.46159199997473,8266.721605999976,-7310,1048576,1213,0,0,38,382.445763,-21167.9716796875,42,0,0,130,0,,,,,,,,
house_robber,1,native,138.46159199997473,8707.362736999976,-6367,1048576,1231,0,0,39,440.641131,-20186.1787109375,22,0,0,123,0,,,,,,,,
house_robber,1,native,138.46159199997473,9141.281072999976,-6373,1048576,1234,0,0,40,433.918336,-14217.3076171875,8,0,0,113,0,,,,,,,,
house_robber,1,native,138.46159199997473,9596.961455999977,-6373,1048576,1231,0,0,41,455.680383,-17601.3427734375,0,0,0,94,0,,,,,,,,
house_robber,1,native,138.46159199997473,10096.280095999977,-6373,1048576,1201,0,0,42,499.31864,-17148.6728515625,2,0,0,109,0,,,,,,,,
house_robber,1,native,138.46159199997473,10633.853159999977,-6329,1048576,1207,0,0,43,537.573064,-16134.2138671875,0,0,0,103,0,,,,,,,,
house_robber,1,native,138.46159199997473,11167.185697999977,-6329,1048576,1231,0,0,44,533.332538,-16661.9580078125,0,0,0,98,0,,,,,,,,
house_robber,1,native,138.46159199997473,11717.213160999978,-6329,1048576,1225,0,0,45,550.027463,-17286.5576171875,0,0,0,96,0,,,,,,,,
house_robber,1,native,138.46159199997473,12289.665597999978,-6329,1048576,1229,0,0,46,572.452437,-16135.5615234375,0,0,0,98,0,,,,,,,,
house_robber,1,native,138.46159199997473,12891.731360999978,-6329,1048576,1233,0,0,47,602.065763,-17373.8681640625,2,0,0,90,0,,,,,,,,
house_robber,1,native,138.46159199997473,13485.050206999978,-6329,1048576,1200,0,0,48,593.318846,-15182.6728515625,2,0,0,99,0,,,,,,,,
house_robber,1,native,138.46159199997473,14128.684338999978,-6329,1048576,1212,0,0,49,643.634132,-14380.970703125,2,0,0,118,0,,,,,,,,
house_robber,1,native,138.46159199997473,14843.348032999978,-6316,1048576,1251,0,0,50,714.663694,-17461.6142578125,0,0,0,105,0,,,,,,,,
house_robber,1,native,138.46159199997473,15545.078205999978,-6299,1048576,1237,0,0,51,701.730173,-13291.9443359375,4,0,0,96,0,,,,,,,,
house_robber,1,native,138.46159199997473,16285.512821999979,-5660,1048576,1263,0,0,52,740.434616,-13738.69140625,0,0,0,72,0,,,,,,,,
house_robber,1,native,138.46159199997473,17054.71188899998,-5660,1048576,1250,0,0,53,769.199067,-11326.1240234375,0,0,0,96,0,,,,,,,,
house_robber,1,native,138.46159199997473,17862.77086999998,-5660,1048576,1225,0,0,54,808.058981,-11084.2587890625,0,0,0,101,0,,,,,,,,
house_robber,1,native,138.46159199997473,18630.52647299998,-5660,1048576,1231,0,0,55,767.755603,-7943.337890625,0,0,0,95,0,,,,,,,,
house_robber,1,native,138.46159199997473,19459.82246799998,-5660,1048576,1224,0,0,56,829.295995,-9241.048828125,0,0,0,121,0,,,,,,,,
house_robber,1,native,138.46159199997473,20245.071387999982,-5358,1048576,1245,0,0,57,785.24892,-9254.044921875,0,0,0,91,0,,,,,,,,
house_robber,1,native,138.46159199997473,21020.628089999984,-5358,1048576,1208,0,0,58,775.556702,-8506.7451171875,0,0,0,111,0,,,,,,,,
house_robber,1,native,138.46159199997473,21799.304433999983,-5358,1048576,1234,0,0,59,778.676344,-10746.1748046875,0,0,0,74,0,,,,,,,,
house_robber,1,native,138.46159199997473,22546.627847999982,-5358,1048576,1222,0,0,60,747.323414,-11183.189453125,0,0,0,96,0,,,,,,,,
house_robber,1,native,138.46159199997473,23302.417684999982,-5298,1048576,1250,0,0,61,755.789837,-9440.732421875,0,0,0,89,0,,,,,,,,
house_robber,1,native,138.46159199997473,24049.37995099998,-5298,1048576,1231,0,0,62,746.962266,-9012.669921875,0,0,0,90,0,,,,,,,,
house_robber,1,native,138.46159199997473,24836.802045999983,-5298,1048576,1242,0,0,63,787.422095,-10062.56640625,0,0,0,97,0,,,,,,,,
house_robber,1,native,138.46159199997473,25555.110041999982,-5298,1048576,1214,0,0,64,718.307996,-10833.392578125,0,0,0,98,0,,,,,,,,
house_robber,1,native,138.46159199997473,26255.340032999982,-5298,1048576,1256,0,0,65,700.229991,-9233.328125,0,0,0,68,0,,,,,,,,
house_robber,1,native,138.46159199997473,26972.064038999983,-5179,1048576,1247,0,0,66,716.724006,-10834.5634765625,0,0,0,95,0,,,,,,,,
house_robber,1,native,138.46159199997473,27685.895625999983,-5241,1048576,1245,0,0,67,713.831587,-11528.9833984375,0,0,0,81,0,,,,,,,,
house_robber,1,native,138.46159199997473,28383.476393999983,-5152,1048576,1227,0,0,68,697.580768,-11479.8388671875,0,0,0,109,0,,,,,,,,
house_robber,1,native,138.46159199997473,29114.567349999983,-5152,1048576,1269,0,0,69,731.090956,-12425.9501953125,2,0,0,80,0,,,,,,,,
house_robber,1,native,138.46159199997473,29882.875651999984,-5152,1048576,1256,0,0,70,768.308302,-11403.630859375,0,0,0,81,0,,,,,,,,
house_robber,1,native,138.46159199997473,30597.701000999983,-5132,1048576,1243,0,0,71,714.825349,-9352.7373046875,0,0,0,99,0,,,,,,,,
house_robber,1,native,138.46159199997473,31328.075129999983,-5132,1048576,1228,0,0,72,730.374129,-7990.8544921875,0,0,0,94,0,,,,,,,,
house_robber,1,native,138.46159199997473,32078.601101999982,-5132,1048576,1266,0,0,73,750.525972,-11252.146484375,2,0,0,85,0,,,,,,,,
house_robber,1,native,138.46159199997473,32821.407841999986,-5132,1048576,1252,0,0,74,742.80674,-10966.5107421875,0,0,0,69,0,,,,,,,,
house_robber,1,native,138.46159199997473,33529.70612499998,-5040,1048576,1249,0,0,75,708.298283,-9063.359375,2,0,0,88,0,,,,,,,,
house_robber,1,native,138.46159199997473,34331.29797399998,-5040,1048576,1192,0,0,76,801.591849,-8942.3828125,2,0,0,136,0,,,,,,,,
house_robber,1,native,138.46159199997473,35132.91517299998,-4897,1048576,1223,0,0,77,801.617199,-8521.076171875,0,0,0,104,0,,,,,,,,
house_robber,1,native,138.46159199997473,35975.94882499998,-4897,1048576,1241,0,0,78,843.033652,-10060.0107421875,0,0,0,89,0,,,,,,,,
house_robber,1,native,138.46159199997473,36764.43032499998,-4897,1048576,1264,0,0,79,788.4815,-8293.2080078125,2,0,0,69,0,,,,,,,,
house_robber,1,native,138.46159199997473,37515.402309999976,-4229,1048576,1239,0,0,80,750.971985,-11987.412109375,0,0,0,93,0,,,,,,,,
house_robber,1,native,138.46159199997473,38301.359925999976,-4229,1048576,1226,0,0,81,785.957616,-8446.052734375,0,0,0,97,0,,,,,,,,
house_robber,1,native,138.46159199997473,39142.493883999974,-4229,1048576,1234,0,0,82,841.133958,-10896.6142578125,0,0,0,106,0,,,,,,,,
house_robber,1,native,138.46159199997473,40004.00203799998,-4229,1048576,1218,0,0,83,861.508154,-10289.5546875,0,0,0,89,0,,,,,,,,
house_robber,1,native,138.46159199997473,40828.080996999975,-4229,1048576,1241,0,0,84,824.078959,-12595.9970703125,0,0,0,83,0,,,,,,,,
house_robber,1,native,138.46159199997473,41681.244722999974,-4093,1048576,1215,0,0,85,853.163726,-8857.2080078125,0,0,0,107,0,,,,,,,,
house_robber,1,native,138.46159199997473,42539.420921999976,-4093,1048576,1230,0,0,86,858.176199,-11811.6142578125,0,0,0,89,0,,,,,,,,
house_robber,1,native,138.46159199997473,43385.33459999997,-4093,1048576,1233,0,0,87,845.913678,-10805.232421875,0,0,0,107,0,,,,,,,,
house_robber,1,native,138.46159199997473,44183.66968599997,-4041,1048576,1228,0,0,88,798.335086,-9190.6064453125,0,0,0,105,0,,,,,,,,
house_robber,1,native,138.46159199997473,44936.73607999997,-4041,1048576,1230,0,0,89,753.066394,-9969.0830078125,0,0,0,78,0,,,,,,,,
house_robber,1,native,138.46159199997473,45693.93554399997,-4041,1048576,1263,0,0,90,757.199464,-12022.921875,2,0,0,75,0,,,,,,,,
house_robber,1,native,138.46159199997473,46459.28949499997,-4041,1048576,1220,0,0,91,765.353951,-9980.388671875,0,0,0,117,0,,,,,,,,
house_robber,1,native,138.46159199997473,47233.052572999964,-4026,1048576,1234,0,0,92,773.763078,-11525.490234375,0,0,0,104,0,,,,,,,,
house_robber,1,native,138.46159199997473,47928.617351999965,-4041,1048576,1237,0,0,93,695.564779,-12006.4833984375,0,0,0,99,0,,,,,,,,
house_robber,1,native,138.46159199997473,48609.86918899997,-3803,1048576,1233,0,0,94,681.251837,-11843.748046875,0,0,0,104,0,,,,,,,,
house_robber,1,native,138.46159199997473,49279.10542199997,-3803,1048576,1260,0,0,95,669.236233,-9782.1435546875,2,0,0,73,0,,,,,,,,
house_robber,1,native,138.46159199997473,49933.39949599997,-3797,1048576,1241,0,0,96,654.294074,-11369.3779296875,0,0,0,93,0,,,,,,,,
house_robber,1,native,138.46159199997473,50561.50358299997,-3797,1048576,1226,0,0,97,628.104087,-11994.453125,2,0,0,92,0,,,,,,,,
house_robber,1,native,138.46159199997473,51212.37535399997,-3797,1048576,1248,0,0,98,650.871771,-9949.322265625,2,0,0,87,0,,,,,,,,
house_robber,1,native,138.46159199997473,51879.06317799997,-3743,1048576,1228,0,0,99,666.687824,-11618.8154296875,2,0,0,100,0,,,,,,,,
house_robber,1,native,138.46159199997473,52564.03431799997,-3743,1048576,1273,0,0,100,684.97114,-9477.2685546875,2,0,0,68,0,,,,,,,,
house_robber,1,native,138.46159199997473,53260.673837999966,-3431,1048576,1241,0,0,101,696.63952,-12234.1455078125,2,0,0,100,0,,,,,,,,
house_robber,1,native,138.46159199997473,53985.903093999965,-3431,1048576,1221,0,0,102,725.229256,-10224.4775390625,0,0,0,92,0,,,,,,,,
house_robber,1,native,138.46159199997473,54722.39856399997,-3421,1048576,1214,0,0,103,736.49547,-9508.0673828125,8,0,0,76,0,,,,,,,,
house_robber,1,native,138.46159199997473,55512.98312199997,-1220,1048576,1236,0,0,104,790.584558,-8681.9765625,0,0,0,96,0,,,,,,,,
house_robber,1,native,138.46159199997473,56330.55903699997,-1218,1048576,1221,0,0,105,817.575915,-10928.9609375,2,0,0,106,0,,,,,,,,
house_robber,1,native,138.46159199997473,57196.17009399997,-1215,1048576,1197,0,0,106,865.611057,-8465.3076171875,6,0,0,110,0,,,,,,,,
house_robber,1,native,138.46159199997473,58043.690046999975,-1215,1048576,1232,0,0,107,847.519953,-8690.6669921875,2,0,0,99,0,,,,,,,,
house_robber,1,native,138.46159199997473,58871.49877899997,-1215,1048576,1208,0,0,108,827.808732,-10742.4765625,6,0,0,123,0,,,,,,,,
house_robber,1,native,138.46159199997473,59751.32417199997,-1215,1048576,1278,0,0,109,879.825393,-8410.2890625,6,0,0,86,0,,,,,,,,
house_robber,1,native,138.46159199997473,60560.53977699997,-1215,1048576,1223,0,0,110,809.215605,-9375.173828125,14,0,0,110,0,,,,,,,,
house_robber,1,native,138.46159199997473,61345.82188399997,-1215,1048576,1238,0,0,111,785.282107,-10893.671875,4,0,0,94,0,,,,,,,,
house_robber,1,native,138.46159199997473,62114.890717999966,-1215,1048576,1196,0,0,112,769.068834,-13073.2744140625,10,0,0,108,0,,,,,,,,
house_robber,1,native,138.46159199997473,62907.626957999964,-1215,1048576,1224,0,0,113,792.73624,-11179.1318359375,10,0,0,96,0,,,,,,,,
house_robber,1,native,138.46159199997473,63720.97548799997,-1215,1048576,1189,0,0,114,813.34853,-13413.9189453125,0,0,0,111,0,,,,,,,,
house_robber,1,native,138.46159199997473,64584.65237199997,-1212,1048576,1239,0,0,115,863.676884,-8382.1962890625,2,0,0,99,0,,,,,,,,
house_robber,1,native,138.46159199997473,65492.97594799997,-1215,1048576,1255,0,0,116,908.323576,-10215.8828125,0,0,0,82,0,,,,,,,,
house_robber,1,native,138.46159199997473,66353.10807899997,-1215,1048576,1215,0,0,117,860.132131,-8339.427734375,0,0,0,105,0,,,,,,,,
house_robber,1,native,138.46159199997473,67257.93466199997,-1182,1048576,1262,0,0,118,904.826583,-11324.978515625,0,0,0,87,0,,,,,,,,
house_robber,1,native,138.46159199997473,68167.98736099998,-509,1048576,1252,0,0,119,910.052699,-13461.49609375,0,0,0,66,0,,,,,,,,
house_robber,1,native,138.46159199997473,69089.85222499998,-509,1048576,1255,0,0,120,921.864864,-10010.025390625,2,0,0,90,0,,,,,,,,
house_robber,1,native,138.46159199997473,69972.13941099998,-509,1048576,1260,0,0,121,882.287186,-13786.287109375,0,0,0,73,0,,,,,,,,
house_robber,1,native,138.46159199997473,70863.37900899998,-505,1048576,1231,0,0,122,891.239598,-16838.296875,0,0,0,85,0,,,,,,,,
house_robber,1,native,138.46159199997473,71759.06403699999,-505,1048576,1228,0,0,123,895.685028,-13177.845703125,0,0,0,96,0,,,,,,,,
house_robber,1,native,138.46159199997473,72656.06634599999,-505,1048576,1251,0,0,124,897.002309,-10846.32421875,0,0,0,99,0,,,,,,,,
house_robber,1,native,138.46159199997473,73560.178517,-505,1048576,1234,0,0,125,904.112171,-8950.97265625,0,0,0,95,0,,,,,,,,
house_robber,1,native,138.46159199997473,74465.140405,-505,1048576,1224,0,0,126,904.961888,-13946.7470703125,2,0,0,111,0,,,,,,,,
house_robber,1,native,138.46159199997473,75375.194042,-505,1048576,1246,0,0,127,910.053637,-13791.6787109375,0,0,0,83,0,,,,,,,,
house_robber,1,fragments,200.43741299999238,265.09190899999237,-8503,1048576,,0,0,0,64.654496,-117310.05859375,,0,0,138,0,885,43.277464,893456,32.808478,1713,88.357421875,9.316620000000004,20.802127
house_robber,1,fragments,200.43741299999238,317.86158999999236,-8503,1048576,,0,0,1,52.769681,-73947.5068359375,,0,0,214,0,809,39.231368,893872,31.496227,1594,55.9501953125,6.826140000000006,13.205935
house_robber,1,fragments,200.43741299999238,364.92838899999236,-8503,1048576,,0,0,2,47.066799,-63078.4169921875,,0,0,258,0,765,36.36646,893992,29.763896,1499,42.572265625,5.768318999999996,10.436706
house_robber,1,fragments,200.43741299999238,408.8645119999924,-8503,1048576,,0,0,3,43.936123,-61928.2421875,,0,0,246,0,777,33.689227,894140,27.413417,1483,47.193359375,5.444389000000005,9.981596
house_robber,1,fragments,200.43741299999238,451.4514139999924,-8503,1048576,,0,0,4,42.586902,-55867.337890625,,0,0,223,0,800,31.658433,894260,25.244175,1453,50.7763671875,5.6128540000000005,10.706369
house_robber,1,fragments,200.43741299999238,493.37097899999236,-8283,1048576,,0,0,5,41.919565,-51098.998046875,,0,0,215,0,808,30.709771,894344,23.980759,1507,55.9931640625,5.9555810000000005,10.988106
house_robber,1,fragments,200.43741299999238,538.0043949999923,-7574,1048576,,0,0,6,44.633416,-51772.7724609375,,0,0,162,0,861,31.262287,894616,24.122528,1533,64.4609375,6.233656000000001,13.142553
house_robber,1,fragments,200.43741299999238,584.9340169999923,-7574,1048576,,0,0,7,46.929622,-56109.6826171875,,0,0,122,0,901,32.495266,894940,25.153155,1569,66.666015625,6.485163999999999,14.188004
house_robber,1,fragments,200.43741299999238,633.1379079999923,-7574,1048576,,0,0,8,48.203891,-49037.005859375,,0,0,142,0,881,32.22059,895184,25.10506,1558,70.796875,6.312344000000001,15.731843
house_robber,1,fragments,200.43741299999238,682.1295239999923,-7574,1048576,,0,0,9,48.991616,-45987.1533203125,,0,0,130,0,893,33.175478,895488,25.453677,1601,73.2119140625,6.893567999999998,15.483975
house_robber,1,fragments,200.43741299999238,733.5721599999923,-7574,1048576,,0,0,10,51.442636,-36931.1533203125,,0,0,123,0,900,33.312777,895836,25.825224,1615,77.16796875,6.6603679999999965,17.866223
house_robber,1,fragments,200.43741299999238,787.0924499999924,-7574,1048576,,0,0,11,53.52029,-40035.8935546875,,0,0,123,0,900,34.910091,896120,26.21272,1593,83.447265625,7.842182,18.332267
house_robber,1,fragments,200.43741299999238,841.5410939999924,-7574,1048576,,0,0,12,54.448644,-36976.83984375,,0,0,118,0,905,34.185425,896568,25.583202,1576,86.7509765625,7.769060000000003,19.991179
house_robber,1,fragments,200.43741299999238,896.8372339999925,-7500,1048576,,0,0,13,55.29614,-35989.609375,,0,0,109,0,914,34.73395,896876,26.102073,1585,96.580078125,7.785344,20.236481
house_robber,1,fragments,200.43741299999238,954.0855889999924,-7500,1048576,,0,0,14,57.248355,-39998.3173828125,,0,0,109,0,914,35.140049,897400,26.047042,1606,107.3427734375,8.233625,21.825071
house_robber,1,fragments,200.43741299999238,1014.2536829999924,-7376,1048576,,0,0,15,60.168094,-36492.7939453125,,0,0,89,0,934,35.411603,898808,25.943607,1621,124.97265625,8.598045999999998,24.394737
house_robber,1,fragments,200.43741299999238,1080.1792819999923,-7376,1048576,,0,0,16,65.925599,-31176.8828125,,0,0,103,0,920,36.525943,902364,26.369423,1614,140.23828125,9.108553999999994,29.082598
house_robber,1,fragments,200.43741299999238,1153.6296429999923,-7376,1048576,,0,0,17,73.450361,-31358.9404296875,,0,0,86,0,937,38.08974,909000,27.129825,1617,158.623046875,9.878522999999998,35.039094
house_robber,1,fragments,200.43741299999238,1231.6916539999922,-7361,1048576,,0,0,18,78.062011,-28728.8603515625,,0,0,92,0,931,38.86443,918808,27.272335,1612,172.6484375,10.470084999999997,38.834201
house_robber,1,fragments,200.43741299999238,1314.0156969999923,-7361,1048576,,0,0,19,82.324043,-39807.7080078125,,0,0,93,0,930,39.754674,928268,28.49643,1628,196.6474609375,10.14817,42.221358
house_robber,1,fragments,200.43741299999238,1404.0403769999923,-6379,1048576,,0,0,20,90.02468,-34150.333984375,,0,0,91,0,932,41.574456,941668,28.414591,1623,219.6298828125,11.830192999999994,48.093089
house_robber,1,fragments,200.43741299999238,1568.8922169999923,-6379,1048576,,0,0,21,164.85184,-30963.142578125,,0,0,85,0,938,43.594534,955416,29.146476,1613,244.1357421875,13.036994000000004,120.914806
house_robber,1,fragments,200.43741299999238,1688.1299289999924,-5469,1048576,,0,0,22,119.237712,-35346.9677734375,,0,0,87,0,936,64.433641,967960,29.659388,1624,262.181640625,33.006626,53.633418
house_robber,1,fragments,200.43741299999238,1784.3260389999925,-5469,1048576,,0,0,23,96.19611,-28597.826171875,,0,0,61,0,962,46.643743,983136,30.945578,1628,274.1279296875,14.295560999999998,49.208314
house_robber,1,fragments,200.43741299999238,1880.7136509999925,-5469,1048576,,0,0,24,96.387612,-26902.912109375,,0,0,75,0,948,46.306241,991080,30.5187,1615,285.8017578125,14.216126999999998,49.722735
house_robber,1,fragments,200.43741299999238,1978.8650969999926,-4477,1048576,,0,0,25,98.151446,-31813.4443359375,,0,0,84,0,939,47.278213,1002688,31.294164,1643,293.0283203125,14.531839,50.48609
house_robber,1,fragments,200.43741299999238,2079.6601059999925,-4477,1048576,,0,0,26,100.795009,-31370.37890625,,0,0,67,0,956,48.374446,1012956,32.585459,1642,301.279296875,14.306716999999999,52.068998
house_robber,1,fragments,200.43741299999238,2181.8654699999925,-4477,1048576,,0,0,27,102.205364,-24638.35546875,,0,0,83,0,940,47.712576,1017580,32.267256,1641,302.724609375,13.958554000000001,54.127339
house_robber,1,fragments,200.43741299999238,2287.6306999999924,-4477,1048576,,0,0,28,105.76523,-23731.78515625,,0,0,87,0,936,50.492102,1022872,33.332375,1622,308.98046875,15.539714000000004,54.900227
house_robber,1,fragments,200.43741299999238,2392.0020969999923,-4477,1048576,,0,0,29,104.371397,-27761.3564453125,,0,0,81,0,942,49.051895,1028732,33.242969,1622,313.625,14.295503000000004,54.956127
house_robber,1,fragments,200.43741299999238,2498.3953439999923,-4477,1048576,,0,0,30,106.393247,-20976.48828125,,0,0,79,0,944,50.514755,1032536,33.778071,1623,321.86328125,15.118270999999998,55.443647
house_robber,1,fragments,200.43741299999238,2607.596943999992,-4477,1048576,,0,0,31,109.2016,-22795.7822265625,,0,0,78,0,945,51.36049,1036716,33.889171,1621,324.32421875,15.769900999999999,57.469262
house_robber,1,fragments,200.43741299999238,2718.076059999992,-4438,1048576,,0,0,32,110.479116,-20246.333984375,,0,0,73,0,950,51.111902,1042928,33.639539,1636,333.7578125,15.895895000000001,58.852263
house_robber,1,fragments,200.43741299999238,2830.5357339999923,-3501,1048576,,0,0,33,112.459674,-20315.9619140625,,0,0,88,0,935,50.70776,1050116,33.999634,1627,344.27734375,15.122787000000002,61.343676
house_robber,1,fragments,200.43741299999238,2944.988836999992,-3501,1048576,,0,0,34,114.453103,-22655.09765625,,0,0,92,0,931,54.627879,1054580,36.314402,1612,342.6923828125,16.527873000000003,59.390106
house_robber,1,fragments,200.43741299999238,3062.047534999992,-3501,1048576,,0,0,35,117.058698,-22948.4365234375,,0,0,75,0,948,54.109507,1060264,37.09306,1635,348.09765625,15.353573999999997,62.585493
house_robber,1,fragments,200.43741299999238,3177.947587999992,-3501,1048576,,0,0,36,115.900053,-24389.462890625,,0,0,96,0,927,54.134195,1063864,36.396558,1614,346.2060546875,16.061575999999995,61.321921
house_robber,1,fragments,200.43741299999238,3292.9816449999917,-3501,1048576,,0,0,37,115.034057,-18882.7509765625,,0,0,94,0,929,54.356583,1066956,36.833566,1623,342.431640625,15.863321,60.280288
house_robber,1,fragments,200.43741299999238,3407.6507979999915,-3501,1048576,,0,0,38,114.669153,-19156.005859375,,0,0,69,0,954,53.036681,1071564,36.00036,1628,345.1806640625,15.41202,61.261435
house_robber,1,fragments,200.43741299999238,3523.5456149999914,-2504,1048576,,0,0,39,115.894817,-22113.8818359375,,0,0,92,0,931,54.967968,1076348,36.788914,1618,348.4423828125,16.471046,60.444253
house_robber,1,fragments,200.43741299999238,3640.7853429999914,-2504,1048576,,0,0,40,117.239728,-22344.99609375,,0,0,81,0,942,54.447182,1079112,37.118598,1617,342.2080078125,15.676001,62.379238
house_robber,1,fragments,200.43741299999238,3758.266541999991,-2504,1048576,,0,0,41,117.481199,-20329.712890625,,0,0,81,0,942,54.35579,1081156,36.942881,1606,337.3701171875,15.774707000000003,62.75296
house_robber,1,fragments,200.43741299999238,3876.4249589999913,-1400,1048576,,0,0,42,118.158417,-19016.9228515625,,0,0,75,0,948,54.930904,1082772,37.001177,1619,340.0478515625,16.226962,62.736404
house_robber,1,fragments,200.43741299999238,3994.6841589999913,-1400,1048576,,0,0,43,118.2592,-22307.4521484375,,0,0,68,0,955,54.976121,1085208,37.352696,1639,333.8310546875,15.965316,62.906009
house_robber,1,fragments,200.43741299999238,4112.872530999991,-1400,1048576,,0,0,44,118.188372,-19729.91015625,,0,0,70,0,953,54.888764,1086824,37.959352,1621,329.142578125,15.318778,62.916153
house_robber,1,fragments,200.43741299999238,4231.448113999991,-1400,1048576,,0,0,45,118.575583,-19266.9296875,,0,0,71,0,952,53.893426,1088304,36.756242,1630,325.2548828125,15.530399999999997,64.237219
house_robber,1,fragments,200.43741299999238,4346.581508999991,0,1048576,,0,0,46,115.133395,-22157.0419921875,,0,0,72,0,951,54.454359,1089700,36.895673,1628,313.30078125,15.901350999999998,60.114343
house_robber,1,fragments,200.43741299999238,4461.123572999991,0,1048576,,0,0,47,114.542064,-18250.7861328125,,0,0,80,0,943,52.652256,1090496,36.456187,1633,305.5283203125,14.645714999999997,61.523778
house_robber,1,fragments,200.43741299999238,4576.5789889999905,0,1048576,,0,0,48,115.455416,-18629.240234375,,0,0,76,0,947,53.406403,1091836,35.911756,1636,303.5068359375,15.695124999999999,61.674735
house_robber,1,fragments,200.43741299999238,4690.873857999991,0,1048576,,0,0,49,114.294869,-20387.5205078125,,0,0,86,0,937,53.231203,1092500,35.884872,1597,283.73828125,15.601543999999999,60.676728
house_robber,1,fragments,200.43741299999238,4800.96161299999,0,1048576,,0,0,50,110.087755,-24075.01953125,,0,0,81,0,942,53.697156,1092632,37.452718,1612,260.8935546875,14.712136000000001,56.028387
house_robber,1,fragments,200.43741299999238,4903.10204899999,0,1048576,,0,0,51,102.140436,-21317.5478515625,,0,0,87,0,936,48.536774,1092740,33.135324,1619,253.2216796875,13.932070999999999,53.232388
house_robber,1,fragments,200.43741299999238,5005.98462299999,0,1048576,,0,0,52,102.882574,-20755.640625,,0,0,78,0,945,49.032736,1092824,34.439042,1619,229.658203125,13.165153,53.408464
house_robber,1,fragments,200.43741299999238,5102.47106699999,0,1048576,,0,0,53,96.486444,-21000.66796875,,0,0,79,0,944,47.234277,1092872,32.775333,1649,215.3291015625,12.973797999999997,48.817603
house_robber,1,fragments,200.43741299999238,5195.14145299999,0,1048576,,0,0,54,92.670386,-23314.2265625,,0,0,95,0,928,45.138884,1092904,31.940589,1619,208.6064453125,11.876190999999999,47.158196
house_robber,1,fragments,200.43741299999238,5286.1996769999905,0,1048576,,0,0,55,91.058224,-21202.5625,,0,0,81,0,942,43.871307,1092972,30.860074,1615,206.9375,11.748402000000006,46.784653
house_robber,1,fragments,200.43741299999238,5378.40175099999,0,1048576,,0,0,56,92.202074,-18329.5361328125,,0,0,97,0,926,43.631741,1093016,30.82409,1611,201.04296875,11.593475999999999,48.168362
house_robber,1,fragments,200.43741299999238,5482.94146299999,0,1048576,,0,0,57,104.539712,-22685.0224609375,,0,0,108,0,915,57.421537,1093052,44.236072,1612,199.400390625,11.918039000000002,46.759889
house_robber,1,fragments,200.43741299999238,5583.58390299999,0,1048576,,0,0,58,100.64244,-22480.1787109375,,0,0,86,0,937,54.641473,1093096,42.329088,1591,201.1591796875,11.122714999999998,45.646336
house_robber,1,fragments,200.43741299999238,5684.97341899999,0,1048576,,0,0,59,101.389516,-17266.8603515625,,0,0,112,0,911,54.035926,1093172,40.376794,1610,205.123046875,12.332448000000007,46.975569
house_robber,1,fragments,200.43741299999238,5788.9047789999895,0,1048576,,0,0,60,103.93136,-21626.0986328125,,0,0,88,0,935,56.360814,1093228,41.867495,1619,204.701171875,13.121838999999998,47.223312
house_robber,1,fragments,200.43741299999238,5889.916332999989,0,1048576,,0,0,61,101.011554,-14105.22265625,,0,0,81,0,942,54.851791,1093304,42.264418,1628,212.5126953125,11.400731000000002,45.789378
house_robber,1,fragments,200.43741299999238,5991.648084999989,0,1048576,,0,0,62,101.731752,-15015.76171875,,0,0,81,0,942,53.502632,1093904,40.769303,1637,211.55078125,11.526126,47.775132
house_robber,1,fragments,200.43741299999238,6093.337728999989,0,1048576,,0,0,63,101.689644,-15562.498046875,,0,0,96,0,927,54.722083,1093956,42.085235,1636,215.119140625,11.443430999999997,46.589789
house_robber,1,fragments,200.43741299999238,6196.804135999989,0,1048576,,0,0,64,103.466407,-10711.4423828125,,0,0,81,0,942,55.35152,1093996,41.09732,1635,212.0263671875,12.901868000000004,47.703356
house_robber,1,fragments,200.43741299999238,6301.062750999989,0,1048576,,0,0,65,104.258615,-12259.9990234375,,0,0,83,0,940,55.960243,1094060,43.316744,1649,218.73046875,11.446958999999998,47.931968
house_robber,1,fragments,200.43741299999238,6407.764254999988,0,1048576,,0,0,66,106.701504,-11032.8623046875,,0,0,86,0,937,57.718999,1094092,44.461471,1641,220.9072265625,11.967183999999996,48.614971
house_robber,1,fragments,200.43741299999238,6516.527679999988,0,1048576,,0,0,67,108.763425,-11575.451171875,,0,0,93,0,930,57.884853,1094156,43.711699,1630,212.677734375,12.753467999999996,50.410515
house_robber,1,fragments,200.43741299999238,6624.304131999988,0,1048576,,0,0,68,107.776452,-8229.96484375,,0,0,86,0,937,58.406855,1094204,44.739718,1646,212.1884765625,12.381329000000003,48.931752
house_robber,1,fragments,200.43741299999238,6736.204940999988,0,1048576,,0,0,69,111.900809,-8810.6162109375,,0,0,87,0,936,60.699257,1094268,46.515058,1629,213.197265625,12.777201000000003,50.787317
house_robber,1,fragments,200.43741299999238,6845.990222999988,0,1048576,,0,0,70,109.785282,-7975.8701171875,,0,0,86,0,937,60.038437,1094564,46.064033,1629,210.0341796875,12.633249000000005,49.381594
house_robber,1,fragments,200.43741299999238,6954.074526999988,0,1048576,,0,0,71,108.084304,-7477.2080078125,,0,0,81,0,942,60.773701,1094568,46.970495,1638,208.478515625,12.517366000000003,46.905252
house_robber,1,fragments,200.43741299999238,7063.658435999988,0,1048576,,0,0,72,109.583909,-6103.4130859375,,0,0,80,0,943,59.792745,1094588,46.960399,1658,211.8525390625,11.582303,49.419747
house_robber,1,fragments,200.43741299999238,7179.295623999988,0,1048576,,0,0,73,115.637188,-6634.744140625,,0,0,72,0,951,65.21604,1094608,51.248878,1671,213.3291015625,12.661687000000004,50.050232
house_robber,1,fragments,200.43741299999238,7289.651307999988,0,1048576,,0,0,74,110.355684,-7962.052734375,,0,0,83,0,940,60.992363,1094608,46.737538,1654,219.140625,12.958612999999996,48.983621
house_robber,1,fragments,200.43741299999238,7402.562466999988,0,1048576,,0,0,75,112.911159,-8061.4189453125,,0,0,75,0,948,62.080861,1094612,48.926615,1698,224.6328125,11.854574999999999,50.467743
house_robber,1,fragments,200.43741299999238,7518.637883999988,0,1048576,,0,0,76,116.075417,-8863.453125,,0,0,81,0,942,62.22458,1094624,48.047984,1689,230.7177734375,12.806414000000006,53.470327
house_robber,1,fragments,200.43741299999238,7640.864929999988,0,1048576,,0,0,77,122.227046,-6815.0927734375,,0,0,74,0,949,65.057203,1094632,50.661426,1682,237.197265625,13.028728000000005,56.789994
house_robber,1,fragments,200.43741299999238,7763.9269639999875,0,1048576,,0,0,78,123.062034,-5796.9873046875,,0,0,67,0,956,64.78346,1094676,48.826792,1686,247.787109375,14.588853000000006,57.808234
house_robber,1,fragments,200.43741299999238,7893.770139999988,0,1048576,,0,0,79,129.843176,-7174.2421875,,0,0,74,0,949,70.465454,1094752,54.814585,1702,257.578125,14.216445,58.91091
house_robber,1,fragments,200.43741299999238,8035.411529999988,0,1048576,,0,0,80,141.64139,-5652.25390625,,0,0,73,0,950,79.322216,1095200,63.922866,1691,265.7353515625,14.011036999999995,61.945316
house_robber,1,fragments,200.43741299999238,8178.354267999987,0,1048576,,0,0,81,142.942738,-5951.1767578125,,0,0,75,0,948,81.61148,1097316,65.306355,1696,273.2236328125,14.837612,60.952939
house_robber,1,fragments,200.43741299999238,8326.915532999987,0,1048576,,0,0,82,148.561265,-7382.72265625,,0,0,76,0,947,83.256779,1099376,66.808553,1697,280.15234375,14.910027,64.919001
house_robber,1,fragments,200.43741299999238,8478.183395999986,0,1048576,,0,0,83,151.267863,-6247.7470703125,,0,0,69,0,954,82.861333,1099648,66.287016,1716,289.9072265625,15.158827000000006,68.015469
house_robber,1,fragments,200.43741299999238,8629.705229999985,0,1048576,,0,0,84,151.521834,-4130.2646484375,,0,0,66,0,957,81.850707,1100792,64.688901,1711,301.26171875,15.662629999999993,69.258311
house_robber,1,fragments,200.43741299999238,8789.184756999985,0,1048576,,0,0,85,159.479527,-6204.3740234375,,0,0,83,0,940,92.295756,1102748,75.140233,1678,308.0869140625,15.677118999999998,66.726673
house_robber,1,fragments,200.43741299999238,8958.217117999984,0,1048576,,0,0,86,169.032361,-5352.982421875,,0,0,64,0,959,97.552362,1103216,81.233648,1704,318.1181640625,14.825042,71.088674
house_robber,1,fragments,200.43741299999238,9148.020533999985,0,1048576,,0,0,87,189.803416,-4464.58984375,,0,0,81,0,942,116.789481,1106032,98.291718,1690,327.1279296875,16.86010799999999,72.551728
house_robber,1,fragments,200.43741299999238,9327.912047999986,0,1048576,,0,0,88,179.891514,-4760.974609375,,0,0,91,0,932,104.225332,1109616,86.02631,1684,331.0439453125,16.58162099999999,75.151507
house_robber,1,fragments,200.43741299999238,9509.188078999985,0,1048576,,0,0,89,181.276031,-2542.5830078125,,0,0,76,0,947,105.137323,1112152,85.79493,1710,332.7451171875,17.677869,75.735195
house_robber,1,fragments,200.43741299999238,9698.036822999986,0,1048576,,0,0,90,188.848744,-3455.34765625,,0,0,68,0,955,108.87567,1119972,90.619091,1718,342.5810546875,16.661899,79.58143
house_robber,1,fragments,200.43741299999238,9892.059913999985,0,1048576,,0,0,91,194.023091,-3777.3759765625,,0,0,59,0,964,115.403167,1123896,96.993579,1709,343.0693359375,16.77673399999999,78.237732
house_robber,1,fragments,200.43741299999238,10078.841495999985,0,1048576,,0,0,92,186.781582,-4773.0498046875,,0,0,81,0,942,108.445638,1129068,90.089584,1725,357.2822265625,16.809085000000003,77.945832
house_robber,1,fragments,200.43741299999238,10276.166418999985,0,1048576,,0,0,93,197.324923,-5369.4306640625,,0,0,91,0,932,114.705838,1137208,95.493323,1706,369.4609375,17.46977499999999,82.202072
house_robber,1,fragments,200.43741299999238,10481.692859999985,0,1048576,,0,0,94,205.526441,-3730.4462890625,,0,0,78,0,945,117.899795,1146700,98.268074,1718,376.8251953125,17.896003,87.2456
house_robber,1,fragments,200.43741299999238,10693.547689999985,0,1048576,,0,0,95,211.85483,-4296.7431640625,,0,0,59,0,964,124.065662,1154596,103.819091,1729,381.662109375,18.52496,87.401892
house_robber,1,fragments,200.43741299999238,10908.536729999985,0,1048576,,0,0,96,214.98904,-3805.236328125,,0,0,76,0,947,124.747703,1160284,104.737877,1717,395.7626953125,18.263082999999998,89.849668
house_robber,1,fragments,200.43741299999238,11127.839595999985,0,1048576,,0,0,97,219.302866,-2323.90625,,0,0,75,0,948,125.667624,1167736,104.744857,1709,406.201171875,19.055084000000008,93.236852
house_robber,1,fragments,200.43741299999238,11352.464224999985,0,1048576,,0,0,98,224.624629,-3897.50390625,,1,0,73,0,950,129.375982,1171956,108.328294,1695,411.0615234375,19.233212999999992,94.786872
house_robber,1,fragments,200.43741299999238,11591.092931999985,0,1048576,,0,0,99,238.628707,-2955.9111328125,,1,0,74,0,949,144.40994,1177696,123.262212,1719,427.201171875,19.33675500000001,93.730112
house_robber,1,fragments,200.43741299999238,11825.798546999986,0,1048576,,0,0,100,234.705615,-4324.5498046875,,0,0,74,0,949,133.698452,1187812,112.52504,1712,435.828125,19.308532000000007,100.614813
house_robber,1,fragments,200.43741299999238,12086.360085999986,0,1048576,,0,0,101,260.561539,-3671.76953125,,0,0,63,0,960,157.17967,1196248,134.299068,1720,445.310546875,20.908215999999996,102.926307
house_robber,1,fragments,200.43741299999238,12345.576105999986,0,1048576,,0,0,102,259.21602,-3716.0478515625,,0,0,75,0,948,152.379607,1204632,129.20433,1720,462.87890625,21.268010999999984,106.440691
house_robber,1,fragments,200.43741299999238,12629.153474999986,0,1048576,,0,0,103,283.577369,-3432.3046875,,1,0,77,0,946,173.917979,1214156,150.044604,1705,475.091796875,21.887686999999996,109.22065
house_robber,1,fragments,200.43741299999238,12905.429137999987,0,1048576,,0,0,104,276.275663,-4741.83984375,,2,0,68,0,955,167.659885,1225160,145.693693,1714,486.66015625,20.04122999999999,108.212292
house_robber,1,fragments,200.43741299999238,13178.774844999987,0,1048576,,0,0,105,273.345707,-2950.0439453125,,2,0,88,0,935,159.289978,1236336,136.252635,1710,488.376953125,21.008859999999988,113.660278
house_robber,1,fragments,200.43741299999238,13447.704780999988,0,1048576,,0,0,106,268.929936,-3914.9931640625,,1,0,87,0,936,157.163857,1242672,132.5166,1705,494.3486328125,22.633367999999994,111.308151
house_robber,1,fragments,200.43741299999238,13719.700536999988,0,1048576,,0,0,107,271.995756,-2566.83203125,,1,0,89,0,934,162.013745,1246420,137.869948,1728,501.1171875,21.920495000000003,109.556313
house_robber,1,fragments,200.43741299999238,13999.590588999989,0,1048576,,0,0,108,279.890052,-2839.67578125,,0,0,77,0,946,161.048841,1249960,136.904062,1695,491.7607421875,22.087193000000003,118.443143
house_robber,1,fragments,200.43741299999238,14271.644317999988,0,1048576,,0,0,109,272.053729,-2689.0390625,,0,0,75,0,948,160.193679,1253096,135.510929,1709,507.6201171875,22.6317,111.451467
house_robber,1,fragments,200.43741299999238,14563.033175999988,0,1048576,,0,0,110,291.388858,-3163.1572265625,,2,0,67,0,956,172.92434,1261508,147.164658,1715,506.08203125,23.669997000000016,118.052269
house_robber,1,fragments,200.43741299999238,14844.730466999988,0,1048576,,0,0,111,281.697291,-3031.8291015625,,3,0,68,0,955,158.927116,1264652,133.072595,1722,518.4423828125,23.721547000000015,122.371977
house_robber,1,fragments,200.43741299999238,15150.910515999989,0,1048576,,0,0,112,306.180049,-3235.14453125,,6,0,78,0,945,182.403559,1270368,155.660255,1712,516.9931640625,24.567991,123.307759
house_robber,1,fragments,200.43741299999238,15442.625029999988,0,1048576,,0,0,113,291.714514,-3154.740234375,,3,0,75,0,948,170.752659,1277536,144.529926,1721,526.8857421875,24.146513999999996,120.539406
house_robber,1,fragments,200.43741299999238,15740.530049999988,0,1048576,,0,0,114,297.90502,-3790.7314453125,,2,0,78,0,945,168.635641,1282532,142.10736,1703,539.9296875,24.341321000000004,128.83902
house_robber,1,fragments,200.43741299999238,16045.13671899999,0,1048576,,0,0,115,304.606669,-2090.126953125,,3,0,56,0,967,186.148494,1285968,159.146917,1719,544.1494140625,24.80224200000001,118.025496
house_robber,1,fragments,200.43741299999238,16345.47532199999,0,1048576,,0,0,116,300.338603,-6956.0107421875,,3,0,74,0,949,171.047175,1290168,144.53191,1726,544.6083984375,23.956752,128.88192
house_robber,1,fragments,200.43741299999238,16656.30249699999,0,1048576,,0,0,117,310.827175,-2430.7236328125,,1,0,69,0,954,184.083285,1294680,156.951952,1720,551.8818359375,24.939458000000002,126.343185
house_robber,1,fragments,200.43741299999238,16959.77227299999,0,1048576,,0,0,118,303.469776,-3378.35546875,,1,0,73,0,950,180.716382,1298416,154.191192,1706,559.4921875,24.246319000000025,122.344129
house_robber,1,fragments,200.43741299999238,17268.201533999993,0,1048576,,0,0,119,308.429261,-2564.5830078125,,4,0,71,0,952,176.123923,1306732,150.388185,1703,563.7138671875,23.42635599999999,131.894791
house_robber,1,fragments,200.43741299999238,17571.70610899999,0,1048576,,0,0,120,303.504575,-3157.6650390625,,3,0,71,0,952,176.032068,1309628,149.474921,1725,558.3447265625,24.268286000000018,127.065212
house_robber,1,fragments,200.43741299999238,17879.075501999992,0,1048576,,0,0,121,307.369393,-2786.876953125,,3,0,84,0,939,176.74122,1312180,150.657502,1731,573.9873046875,23.728698,130.137932
house_robber,1,fragments,200.43741299999238,18184.086134999994,0,1048576,,0,0,122,305.010633,-3155.30078125,,2,0,89,0,934,170.565155,1319040,145.391198,1713,577.978515625,22.962922000000006,134.036889
house_robber,1,fragments,200.43741299999238,18494.531504999995,0,1048576,,0,0,123,310.44537,-2253.55078125,,2,0,69,0,954,168.966754,1325416,142.297714,1723,584.8974609375,24.33041000000002,141.062865
house_robber,1,fragments,200.43741299999238,18809.723000999995,0,1048576,,0,0,124,315.191496,-2881.3720703125,,6,0,76,0,947,173.273957,1329628,144.166561,1693,581.779296875,26.705525999999992,141.4114
house_robber,1,fragments,200.43741299999238,19115.070151999997,0,1048576,,0,0,125,305.347151,-2709.5146484375,,5,0,67,0,956,161.997818,1334288,133.837261,1702,584.142578125,25.795433999999993,142.927479
house_robber,1,fragments,200.43741299999238,19413.146483999997,0,1048576,,0,0,126,298.076332,-3753.7158203125,,3,0,87,0,936,164.90427,1336620,136.374951,1706,586.2041015625,26.184732999999994,132.772615
house_robber,1,fragments,200.43741299999238,19720.781729,0,1048576,,0,0,127,307.635245,-1564.4892578125,,2,0,70,0,953,161.233313,1343028,135.184706,1714,590.7978515625,23.772271000000007,145.966235
house_robber,2,native,142.09795300000224,354.31071500000223,-8503,1048576,1200,0,0,0,212.212762,-117310.05859375,0,0,0,119,0,,,,,,,,
house_robber,2,native,142.09795300000224,540.3543940000022,-13996,1048576,1197,0,0,1,186.043679,-74880.6904296875,2,0,0,134,0,,,,,,,,
house_robber,2,native,142.09795300000224,688.7859290000022,-12270,1048576,1190,0,0,2,148.431535,-64299.4501953125,0,0,0,129,0,,,,,,,,
house_robber,2,native,142.09795300000224,830.3232710000021,-8479,1048576,1196,0,0,3,141.537342,-60457.5361328125,0,0,0,109,0,,,,,,,,
house_robber,2,native,142.09795300000224,977.8410160000021,-8479,1048576,1198,0,0,4,147.517745,-61975.408203125,0,0,0,147,0,,,,,,,,
house_robber,2,native,142.09795300000224,1125.6759300000022,-8503,1048576,1208,0,0,5,147.834914,-60985.7763671875,0,0,0,120,0,,,,,,,,
house_robber,2,native,142.09795300000224,1273.675015000002,-8503,1048576,1198,0,0,6,147.999085,-58325.8662109375,6,0,0,136,0,,,,,,,,
house_robber,2,native,142.09795300000224,1421.967973000002,-8443,1048576,1216,0,0,7,148.292958,-59660.7255859375,2,0,0,126,0,,,,,,,,
house_robber,2,native,142.09795300000224,1566.4594710000022,-8479,1048576,1205,0,0,8,144.491498,-64173.1875,0,0,0,112,0,,,,,,,,
house_robber,2,native,142.09795300000224,1718.2006050000023,-8503,1048576,1209,0,0,9,151.741134,-61678.9501953125,2,0,0,110,0,,,,,,,,
house_robber,2,native,142.09795300000224,1868.1805740000023,-8066,1048576,1239,0,0,10,149.979969,-59865.353515625,4,0,0,87,0,,,,,,,,
house_robber,2,native,142.09795300000224,2016.2985100000024,-8479,1048576,1221,0,0,11,148.117936,-71251.2421875,2,0,0,107,0,,,,,,,,
house_robber,2,native,142.09795300000224,2169.7521730000026,-8094,1048576,1213,0,0,12,153.453663,-55278.4248046875,2,0,0,113,0,,,,,,,,
house_robber,2,native,142.09795300000224,2324.1467870000024,-8479,1048576,1229,0,0,13,154.394614,-53151.7705078125,0,0,0,95,0,,,,,,,,
house_robber,2,native,142.09795300000224,2488.4965120000024,-8354,1048576,1242,0,0,14,164.349725,-51810.4970703125,4,0,0,108,0,,,,,,,,
house_robber,2,native,142.09795300000224,2653.0654790000026,-8479,1048576,1243,0,0,15,164.568967,-52367.8564453125,2,0,0,78,0,,,,,,,,
house_robber,2,native,142.09795300000224,2824.2593570000026,-7570,1048576,1226,0,0,16,171.193878,-53639.205078125,2,0,0,117,0,,,,,,,,
house_robber,2,native,142.09795300000224,2999.8185300000027,-7570,1048576,1241,0,0,17,175.559173,-45920.26953125,2,0,0,110,0,,,,,,,,
house_robber,2,native,142.09795300000224,3180.500327000003,-7570,1048576,1241,0,0,18,180.681797,-38889.255859375,6,0,0,103,0,,,,,,,,
house_robber,2,native,142.09795300000224,3377.766895000003,-7570,1048576,1217,0,0,19,197.266568,-40325.9794921875,6,0,0,109,0,,,,,,,,
house_robber,2,native,142.09795300000224,3575.258916000003,-7570,1048576,1244,0,0,20,197.492021,-35238.6767578125,2,0,0,89,0,,,,,,,,
house_robber,2,native,142.09795300000224,3757.739575000003,-7570,1048576,1248,0,0,21,182.480659,-37589.732421875,2,0,0,100,0,,,,,,,,
house_robber,2,native,142.09795300000224,3956.548694000003,-7570,1048576,1227,0,0,22,198.809119,-33461.3115234375,6,0,0,104,0,,,,,,,,
house_robber,2,native,142.09795300000224,4154.605929000003,-7570,1048576,1229,0,0,23,198.057235,-27959.8291015625,2,0,0,91,0,,,,,,,,
house_robber,2,native,142.09795300000224,4359.137397000003,-7570,1048576,1256,0,0,24,204.531468,-32822.392578125,4,0,0,77,0,,,,,,,,
house_robber,2,native,142.09795300000224,4575.834684000003,-7790,1048576,1228,0,0,25,216.697287,-33598.541015625,6,0,0,100,0,,,,,,,,
house_robber,2,native,142.09795300000224,4802.161331000003,-7570,1048576,1240,0,0,26,226.326647,-24288.2158203125,6,0,0,113,0,,,,,,,,
house_robber,2,native,142.09795300000224,5039.677865000003,-7570,1048576,1256,0,0,27,237.516534,-21496.2080078125,2,0,0,79,0,,,,,,,,
house_robber,2,native,142.09795300000224,5282.455224000003,-7570,1048576,1219,0,0,28,242.777359,-19288.326171875,6,0,0,99,0,,,,,,,,
house_robber,2,native,142.09795300000224,5535.573711000003,-7534,1048576,1221,0,0,29,253.118487,-17594.1220703125,2,0,0,95,0,,,,,,,,
house_robber,2,native,142.09795300000224,5802.994966000003,-7570,1048576,1249,0,0,30,267.421255,-19120.76171875,2,0,0,98,0,,,,,,,,
house_robber,2,native,142.09795300000224,6068.693930000003,-7570,1048576,1257,0,0,31,265.698964,-14473.31640625,0,0,0,73,0,,,,,,,,
house_robber,2,native,142.09795300000224,6345.937846000003,-7570,1048576,1243,0,0,32,277.243916,-18990.302734375,0,0,0,97,0,,,,,,,,
house_robber,2,native,142.09795300000224,6625.4123560000035,-7340,1048576,1248,0,0,33,279.47451,-15367.083984375,0,0,0,84,0,,,,,,,,
house_robber,2,native,142.09795300000224,6909.748977000004,-7340,1048576,1242,0,0,34,284.336621,-18524.6591796875,0,0,0,88,0,,,,,,,,
house_robber,2,native,142.09795300000224,7203.700220000004,-7340,1048576,1211,0,0,35,293.951243,-17974.0205078125,0,0,0,109,0,,,,,,,,
house_robber,2,native,142.09795300000224,7494.814527000004,-7376,1048576,1221,0,0,36,291.114307,-20888.9033203125,0,0,0,108,0,,,,,,,,
house_robber,2,native,142.09795300000224,7807.2053520000045,-7340,1048576,1263,0,0,37,312.390825,-17658.1396484375,0,0,0,70,0,,,,,,,,
house_robber,2,native,142.09795300000224,8132.591502000005,-7439,1048576,1241,0,0,38,325.38615,-21472.9150390625,0,0,0,91,0,,,,,,,,
house_robber,2,native,142.09795300000224,8462.893025000005,-7439,1048576,1250,0,0,39,330.301523,-17861.28125,0,0,0,88,0,,,,,,,,
house_robber,2,native,142.09795300000224,8806.586890000004,-7340,1048576,1274,0,0,40,343.693865,-15085.123046875,0,0,0,67,0,,,,,,,,
house_robber,2,native,142.09795300000224,9166.281629000005,-7340,1048576,1245,0,0,41,359.694739,-16420.30078125,0,0,0,92,0,,,,,,,,
house_robber,2,native,142.09795300000224,9512.100506000004,-7340,1048576,1253,0,0,42,345.818877,-19077.98828125,0,0,0,91,0,,,,,,,,
house_robber,2,native,142.09795300000224,9864.855541000004,-7340,1048576,1229,0,0,43,352.755035,-15921.0712890625,0,0,0,83,0,,,,,,,,
house_robber,2,native,142.09795300000224,10220.007289000005,-7340,1048576,1198,0,0,44,355.151748,-13761.177734375,0,0,0,107,0,,,,,,,,
house_robber,2,native,142.09795300000224,10607.739412000004,-7340,1048576,1237,0,0,45,387.732123,-15775.861328125,0,0,0,103,0,,,,,,,,
house_robber,2,native,142.09795300000224,11015.392991000004,-7289,1048576,1248,0,0,46,407.653579,-15405.771484375,0,0,0,88,0,,,,,,,,
house_robber,2,native,142.09795300000224,11431.033425000005,-7247,1048576,1269,0,0,47,415.640434,-16907.974609375,0,0,0,82,0,,,,,,,,
house_robber,2,native,142.09795300000224,11861.286164000005,-7247,1048576,1243,0,0,48,430.252739,-13785.251953125,0,0,0,87,0,,,,,,,,
house_robber,2,native,142.09795300000224,12320.721817000005,-7247,1048576,1275,0,0,49,459.435653,-14624.17578125,0,0,0,51,0,,,,,,,,
house_robber,2,native,142.09795300000224,12760.433456000004,-7247,1048576,1269,0,0,50,439.711639,-15100.28125,0,0,0,74,0,,,,,,,,
house_robber,2,native,142.09795300000224,13212.186279000005,-7247,1048576,1262,0,0,51,451.752823,-12448.6259765625,0,0,0,68,0,,,,,,,,
house_robber,2,native,142.09795300000224,13690.493126000005,-7080,1048576,1244,0,0,52,478.306847,-13832.591796875,0,0,0,79,0,,,,,,,,
house_robber,2,native,142.09795300000224,14180.283665000004,-7247,1048576,1269,0,0,53,489.790539,-12533.76171875,0,0,0,83,0,,,,,,,,
house_robber,2,native,142.09795300000224,14690.041262000004,-7235,1048576,1278,0,0,54,509.757597,-11359.7265625,0,0,0,67,0,,,,,,,,
house_robber,2,native,142.09795300000224,15226.811470000004,-7235,1048576,1273,0,0,55,536.770208,-10977.765625,0,0,0,89,0,,,,,,,,
house_robber,2,native,142.09795300000224,15759.967276000005,-7235,1048576,1273,0,0,56,533.155806,-11914.4423828125,0,0,0,72,0,,,,,,,,
house_robber,2,native,142.09795300000224,16288.071866000006,-7235,1048576,1245,0,0,57,528.10459,-13382.359375,0,0,0,90,0,,,,,,,,
house_robber,2,native,142.09795300000224,16786.512857000005,-7235,1048576,1271,0,0,58,498.440991,-12749.453125,0,0,0,77,0,,,,,,,,
house_robber,2,native,142.09795300000224,17292.008162000006,-7235,1048576,1278,0,0,59,505.495305,-11023.80859375,0,0,0,49,0,,,,,,,,
house_robber,2,native,142.09795300000224,17792.279258000006,-7235,1048576,1250,0,0,60,500.271096,-11689.294921875,0,0,0,80,0,,,,,,,,
house_robber,2,native,142.09795300000224,18327.421118000006,-7216,1048576,1235,0,0,61,535.14186,-12967.2919921875,0,0,0,87,0,,,,,,,,
house_robber,2,native,142.09795300000224,18818.768069000005,-7201,1048576,1236,0,0,62,491.346951,-11127.9892578125,0,0,0,68,0,,,,,,,,
house_robber,2,native,142.09795300000224,19310.586479000005,-7159,1048576,1229,0,0,63,491.81841,-12618.86328125,0,0,0,91,0,,,,,,,,
house_robber,2,native,142.09795300000224,19820.297314000007,-7087,1048576,1239,0,0,64,509.710835,-11683.400390625,0,0,0,80,0,,,,,,,,
house_robber,2,native,142.09795300000224,20354.70198900001,-6948,1048576,1256,0,0,65,534.404675,-14386.3173828125,0,0,0,82,0,,,,,,,,
house_robber,2,native,142.09795300000224,20819.003234000007,-6948,1048576,1260,0,0,66,464.301245,-13937.3974609375,0,0,0,65,0,,,,,,,,
house_robber,2,native,142.09795300000224,21276.287891000007,-6948,1048576,1249,0,0,67,457.284657,-12847.8876953125,0,0,0,76,0,,,,,,,,
house_robber,2,native,142.09795300000224,21733.447868000007,-6551,1048576,1257,0,0,68,457.159977,-12630.3603515625,0,0,0,83,0,,,,,,,,
house_robber,2,native,142.09795300000224,22209.051769000005,-6551,1048576,1251,0,0,69,475.603901,-13773.908203125,0,0,0,88,0,,,,,,,,
house_robber,2,native,142.09795300000224,22656.345753000005,-6551,1048576,1250,0,0,70,447.293984,-14772.3544921875,0,0,0,80,0,,,,,,,,
house_robber,2,native,142.09795300000224,23126.496451000006,-6551,1048576,1265,0,0,71,470.150698,-15127.25390625,0,0,0,78,0,,,,,,,,
house_robber,2,native,142.09795300000224,23593.994296000008,-6551,1048576,1261,0,0,72,467.497845,-14426.4501953125,0,0,0,76,0,,,,,,,,
house_robber,2,native,142.09795300000224,24084.95852600001,-6549,1048576,1264,0,0,73,490.96423,-13006.0478515625,0,0,0,80,0,,,,,,,,
house_robber,2,native,142.09795300000224,24598.896182000008,-6549,1048576,1284,0,0,74,513.937656,-13327.7294921875,0,0,0,63,0,,,,,,,,
house_robber,2,native,142.09795300000224,25084.571073000006,-6549,1048576,1238,0,0,75,485.674891,-13353.82421875,0,0,0,83,0,,,,,,,,
house_robber,2,native,142.09795300000224,25577.744250000007,-6549,1048576,1248,0,0,76,493.173177,-10477.7763671875,0,0,0,93,0,,,,,,,,
house_robber,2,native,142.09795300000224,26083.626353000007,-6549,1048576,1225,0,0,77,505.882103,-12152.0419921875,0,0,0,87,0,,,,,,,,
house_robber,2,native,142.09795300000224,26600.488804000008,-6549,1048576,1224,0,0,78,516.862451,-12970.943359375,0,0,0,86,0,,,,,,,,
house_robber,2,native,142.09795300000224,27161.591235000007,-6448,1048576,1254,0,0,79,561.102431,-11226.27734375,0,0,0,94,0,,,,,,,,
house_robber,2,native,142.09795300000224,27750.564445000007,-6448,1048576,1235,0,0,80,588.97321,-9748.5537109375,0,0,0,77,0,,,,,,,,
house_robber,2,native,142.09795300000224,28378.581070000007,-6448,1048576,1234,0,0,81,628.016625,-10722.6162109375,0,0,0,109,0,,,,,,,,
house_robber,2,native,142.09795300000224,29018.586524000006,-6448,1048576,1247,0,0,82,640.005454,-12135.53515625,0,0,0,89,0,,,,,,,,
house_robber,2,native,142.09795300000224,29683.909082000006,-6448,1048576,1265,0,0,83,665.322558,-9291.5009765625,0,0,0,72,0,,,,,,,,
house_robber,2,native,142.09795300000224,30322.327696000004,-6448,1048576,1240,0,0,84,638.418614,-8678.7646484375,0,0,0,97,0,,,,,,,,
house_robber,2,native,142.09795300000224,30920.505418000004,-6448,1048576,1220,0,0,85,598.177722,-8535.78125,0,0,0,82,0,,,,,,,,
house_robber,2,native,142.09795300000224,31502.692506000003,-6379,1048576,1198,0,0,86,582.187088,-9000.58984375,0,0,0,87,0,,,,,,,,
house_robber,2,native,142.09795300000224,32089.608734,-6448,1048576,1229,0,0,87,586.916228,-8830.4404296875,0,0,0,94,0,,,,,,,,
house_robber,2,native,142.09795300000224,32672.578764,-6448,1048576,1272,0,0,88,582.97003,-9088.3935546875,0,0,0,60,0,,,,,,,,
house_robber,2,native,142.09795300000224,33262.188416000005,-6445,1048576,1236,0,0,89,589.609652,-9624.95703125,0,0,0,87,0,,,,,,,,
house_robber,2,native,142.09795300000224,33844.085128000006,-6406,1048576,1233,0,0,90,581.896712,-10358.8779296875,0,0,0,99,0,,,,,,,,
house_robber,2,native,142.09795300000224,34435.560454000006,-6406,1048576,1251,0,0,91,591.475326,-9829.3486328125,0,0,0,73,0,,,,,,,,
house_robber,2,native,142.09795300000224,35029.86122500001,-6394,1048576,1214,0,0,92,594.300771,-9891.55078125,0,0,0,100,0,,,,,,,,
house_robber,2,native,142.09795300000224,35632.84089200001,-6448,1048576,1233,0,0,93,602.979667,-11939.85546875,0,0,0,97,0,,,,,,,,
house_robber,2,native,142.09795300000224,36254.70605800001,-6404,1048576,1262,0,0,94,621.865166,-10590.53125,0,0,0,74,0,,,,,,,,
house_robber,2,native,142.09795300000224,36880.39607700001,-6404,1048576,1247,0,0,95,625.690019,-9018.341796875,0,0,0,94,0,,,,,,,,
house_robber,2,native,142.09795300000224,37516.048747000015,-6404,1048576,1226,0,0,96,635.65267,-8434.8564453125,0,0,0,105,0,,,,,,,,
house_robber,2,native,142.09795300000224,38153.78352000001,-6372,1048576,1219,0,0,97,637.734773,-8906.6474609375,0,0,0,86,0,,,,,,,,
house_robber,2,native,142.09795300000224,38798.38867500001,-6242,1048576,1263,0,0,98,644.605155,-9067.8974609375,0,0,0,79,0,,,,,,,,
house_robber,2,native,142.09795300000224,39445.06503000001,-6242,1048576,1203,0,0,99,646.676355,-8712.16015625,0,0,0,113,0,,,,,,,,
house_robber,2,native,142.09795300000224,40097.39201800001,-6242,1048576,1233,0,0,100,652.326988,-8944.9501953125,0,0,0,79,0,,,,,,,,
house_robber,2,native,142.09795300000224,40746.051882000014,-6242,1048576,1236,0,0,101,648.659864,-8453.7880859375,0,0,0,88,0,,,,,,,,
house_robber,2,native,142.09795300000224,41392.99433900001,-6242,1048576,1252,0,0,102,646.942457,-9295.2001953125,0,0,0,80,0,,,,,,,,
house_robber,2,native,142.09795300000224,42042.47090600001,-6242,1048576,1267,0,0,103,649.476567,-9206.376953125,0,0,0,81,0,,,,,,,,
house_robber,2,native,142.09795300000224,42709.90190100001,-6178,1048576,1251,0,0,104,667.430995,-7686.2802734375,0,0,0,70,0,,,,,,,,
house_robber,2,native,142.09795300000224,43372.58194400001,-6178,1048576,1230,0,0,105,662.680043,-10615.2705078125,0,0,0,97,0,,,,,,,,
house_robber,2,native,142.09795300000224,44060.90920900001,-6178,1048576,1265,0,0,106,688.327265,-8395.98046875,0,0,0,88,0,,,,,,,,
house_robber,2,native,142.09795300000224,44742.08950500001,-6178,1048576,1264,0,0,107,681.180296,-8389.1220703125,0,0,0,61,0,,,,,,,,
house_robber,2,native,142.09795300000224,45487.92466500001,-6178,1048576,1228,0,0,108,745.83516,-8826.986328125,0,0,0,96,0,,,,,,,,
house_robber,2,native,142.09795300000224,46149.98894100001,-6178,1048576,1265,0,0,109,662.064276,-8181.48828125,0,0,0,66,0,,,,,,,,
house_robber,2,native,142.09795300000224,46814.43869300001,-6178,1048576,1272,0,0,110,664.449752,-8187.30859375,0,0,0,77,0,,,,,,,,
house_robber,2,native,142.09795300000224,47473.91756400001,-6178,1048576,1251,0,0,111,659.478871,-10173.0986328125,0,0,0,72,0,,,,,,,,
house_robber,2,native,142.09795300000224,48154.71846900001,-6178,1048576,1282,0,0,112,680.800905,-10464.224609375,0,0,0,67,0,,,,,,,,
house_robber,2,native,142.09795300000224,48836.90036100001,-6178,1048576,1255,0,0,113,682.181892,-8410.89453125,0,0,0,81,0,,,,,,,,
house_robber,2,native,142.09795300000224,49537.205869000005,-6178,1048576,1237,0,0,114,700.305508,-8167.7998046875,0,0,0,91,0,,,,,,,,
house_robber,2,native,142.09795300000224,50215.511162,-6178,1048576,1249,0,0,115,678.305293,-8156.3330078125,0,0,0,68,0,,,,,,,,
house_robber,2,native,142.09795300000224,50873.226372000005,-6178,1048576,1237,0,0,116,657.71521,-8306.625,0,0,0,90,0,,,,,,,,
house_robber,2,native,142.09795300000224,51543.837394,-5961,1048576,1240,0,0,117,670.611022,-7775.5185546875,0,0,0,99,0,,,,,,,,
house_robber,2,native,142.09795300000224,52205.389439,-5961,1048576,1288,0,0,118,661.552045,-9494.564453125,0,0,0,64,0,,,,,,,,
house_robber,2,native,142.09795300000224,52880.837966,-5961,1048576,1270,0,0,119,675.448527,-9193.2099609375,0,0,0,89,0,,,,,,,,
house_robber,2,native,142.09795300000224,53536.061618,-5961,1048576,1248,0,0,120,655.223652,-11429.0107421875,0,0,0,70,0,,,,,,,,
house_robber,2,native,142.09795300000224,54204.443084,-5961,1048576,1238,0,0,121,668.381466,-9308.822265625,0,0,0,77,0,,,,,,,,
house_robber,2,native,142.09795300000224,54885.678427,-5961,1048576,1276,0,0,122,681.235343,-7849.9423828125,0,0,0,65,0,,,,,,,,
house_robber,2,native,142.09795300000224,55598.94448,-5961,1048576,1238,0,0,123,713.266053,-8390.833984375,0,0,0,95,0,,,,,,,,
house_robber,2,native,142.09795300000224,56324.853292,-5961,1048576,1255,0,0,124,725.908812,-8683.6474609375,0,0,0,76,0,,,,,,,,
house_robber,2,native,142.09795300000224,57091.475275,-5961,1048576,1272,0,0,125,766.621983,-8824.1171875,0,0,0,90,0,,,,,,,,
house_robber,2,native,142.09795300000224,57869.492562,-5961,1048576,1209,0,0,126,778.017287,-8499.9775390625,0,0,0,108,0,,,,,,,,
house_robber,2,native,142.09795300000224,58700.260053,-5961,1048576,1239,0,0,127,830.767491,-9263.3037109375,0,0,0,99,0,,,,,,,,
house_robber,2,fragments,200.4534829999975,265.41010999999753,-8503,1048576,,0,0,0,64.956627,-117310.05859375,,0,0,127,0,896,42.543397,891536,32.976044,1733,78.3984375,8.449282,21.798365
house_robber,2,fragments,200.4534829999975,319.05329699999754,-8479,1048576,,0,0,1,53.643187,-78120.8583984375,,0,0,218,0,805,39.531752,892016,31.605159,1577,49.626953125,7.072344999999996,13.784764
house_robber,2,fragments,200.4534829999975,365.07449699999756,-8479,1048576,,0,0,2,46.0212,-67405.9765625,,0,0,266,0,757,35.56745,892172,28.810576,1511,44.9833984375,5.959646999999998,10.196573
house_robber,2,fragments,200.4534829999975,408.8389839999976,-8479,1048576,,0,0,3,43.764487,-58451.958984375,,0,0,231,0,792,34.048438,892200,27.827272,1501,46.4951171875,5.504575999999998,9.495933
house_robber,2,fragments,200.4534829999975,450.0699789999976,-8479,1048576,,0,0,4,41.230995,-55653.763671875,,0,0,200,0,823,30.816729,892248,24.394748,1526,52.9375,5.692382999999998,10.201743
house_robber,2,fragments,200.4534829999975,493.0847259999976,-8479,1048576,,0,0,5,43.014747,-55463.6533203125,,0,0,177,0,846,30.70622,892420,23.925547,1544,59.8251953125,5.972436999999998,12.082461
house_robber,2,fragments,200.4534829999975,540.0501999999976,-8479,1048576,,0,0,6,46.965474,-49336.810546875,,0,0,133,0,890,33.260114,892680,25.849322,1555,64.220703125,6.616158000000002,13.450653
house_robber,2,fragments,200.4534829999975,586.6818019999977,-8479,1048576,,0,0,7,46.631602,-52112.5595703125,,0,0,120,0,903,32.211549,892832,24.915633,1592,66.76171875,6.469021999999997,14.173435
house_robber,2,fragments,200.4534829999975,634.5321069999977,-8479,1048576,,0,0,8,47.850305,-54208.7744140625,,0,0,137,0,886,32.076032,893108,24.591445,1602,70.16796875,6.600468999999997,15.501254
house_robber,2,fragments,200.4534829999975,684.4552179999977,-8479,1048576,,0,0,9,49.923111,-42393.78515625,,0,0,123,0,900,32.720965,893556,24.83015,1581,77.203125,7.089546,16.878648
house_robber,2,fragments,200.4534829999975,736.0727529999976,-7376,1048576,,0,0,10,51.617535,-43373.00390625,,0,0,125,0,898,33.735201,893936,25.708755,1570,80.25,7.205797000000004,17.604007
house_robber,2,fragments,200.4534829999975,787.7921459999976,-7361,1048576,,0,0,11,51.719393,-41164.40625,,0,0,107,0,916,33.24846,894268,25.308911,1591,82.9345703125,7.121005000000003,18.187272
house_robber,2,fragments,200.4534829999975,841.6034219999976,-7340,1048576,,0,0,12,53.811276,-37149.3818359375,,0,0,103,0,920,34.072767,894688,25.639574,1597,86.0908203125,7.587884999999998,19.463981
house_robber,2,fragments,200.4534829999975,896.8956959999977,-7340,1048576,,0,0,13,55.292274,-35071.798828125,,0,0,100,0,923,34.800279,895140,26.187101,1601,87.0537109375,7.768856000000004,20.215501
house_robber,2,fragments,200.4534829999975,952.3584479999977,-7340,1048576,,0,0,14,55.462752,-33979.888671875,,0,0,108,0,915,34.509331,895416,26.04469,1607,91.3134765625,7.620983000000003,20.665818
house_robber,2,fragments,200.4534829999975,1009.2790829999976,-7340,1048576,,0,0,15,56.920635,-31794.9365234375,,0,0,107,0,916,35.312144,895696,26.441169,1594,91.0673828125,7.976372000000004,21.322249
house_robber,2,fragments,200.4534829999975,1065.5756379999975,-7340,1048576,,0,0,16,56.296555,-35381.2529296875,,0,0,103,0,920,34.822558,895796,25.992651,1618,90.9755859375,7.980927000000002,21.175329
house_robber,2,fragments,200.4534829999975,1122.0815859999975,-7340,1048576,,0,0,17,56.505948,-33280.06640625,,0,0,97,0,926,34.730163,896072,25.861627,1608,93.109375,8.021631999999997,21.480575
house_robber,2,fragments,200.4534829999975,1179.0845799999975,-7340,1048576,,0,0,18,57.002994,-27481.7060546875,,0,0,105,0,918,35.058531,896400,26.137377,1614,92.9501953125,8.074481,21.610412
house_robber,2,fragments,200.4534829999975,1235.8110139999974,-7340,1048576,,0,0,19,56.726434,-29972.345703125,,0,0,82,0,941,35.348826,896476,26.816906,1626,92.791015625,7.6440850000000005,21.069069
house_robber,2,fragments,200.4534829999975,1292.8153659999973,-7340,1048576,,0,0,20,57.004352,-25647.1103515625,,0,0,86,0,937,34.970242,896780,26.380937,1638,91.99609375,7.702302,21.708862
house_robber,2,fragments,200.4534829999975,1350.5034649999973,-6797,1048576,,0,0,21,57.688099,-29754.7822265625,,0,0,101,0,922,35.217281,896908,26.20278,1654,94.947265625,8.169042000000001,22.174088
house_robber,2,fragments,200.4534829999975,1422.7685519999973,-6797,1048576,,0,0,22,72.265087,-25793.4951171875,,0,0,101,0,922,49.196302,897252,39.985011,1632,94.7939453125,8.313013999999999,22.755908
house_robber,2,fragments,200.4534829999975,1493.2329009999974,-6308,1048576,,0,0,23,70.464349,-28326.158203125,,0,0,91,0,932,47.537648,897792,38.452194,1629,93.9150390625,8.202964999999994,22.619438
house_robber,2,fragments,200.4534829999975,1564.2220089999973,-6308,1048576,,0,0,24,70.989108,-27488.4931640625,,0,0,91,0,932,47.901809,897848,38.541157,1635,94.3173828125,8.512576000000001,22.791929
house_robber,2,fragments,200.4534829999975,1621.6716879999974,-6308,1048576,,0,0,25,57.449679,-23721.908203125,,0,0,77,0,946,35.08186,897940,25.884392,1635,93.8427734375,8.337603,22.057155
house_robber,2,fragments,200.4534829999975,1692.7521209999975,-6287,1048576,,0,0,26,71.080433,-29920.642578125,,0,0,85,0,938,46.88837,897992,37.833639,1632,96.744140625,8.218037000000004,23.880738
house_robber,2,fragments,200.4534829999975,1750.8962119999974,-6287,1048576,,0,0,27,58.144091,-27798.51171875,,0,0,74,0,949,35.214927,898056,25.853746,1633,98.2841796875,8.483245000000004,22.610664
house_robber,2,fragments,200.4534829999975,1808.6045949999973,-5104,1048576,,0,0,28,57.708383,-27208.2138671875,,0,0,93,0,930,34.905227,898272,26.261624,1602,100.990234375,7.7982039999999975,22.495974
house_robber,2,fragments,200.4534829999975,1867.3781559999973,-5104,1048576,,0,0,29,58.773561,-24845.3759765625,,0,0,80,0,943,34.953391,898648,26.098653,1642,103.552734375,8.000213000000006,23.510714
house_robber,2,fragments,200.4534829999975,1927.6289509999972,-5104,1048576,,0,0,30,60.250795,-21792.3974609375,,0,0,83,0,940,34.581863,900088,25.733181,1620,108.4306640625,7.935472999999998,25.331161
house_robber,2,fragments,200.4534829999975,2001.7681339999972,-4974,1048576,,0,0,31,74.139183,-25454.4697265625,,0,0,80,0,943,48.206853,900736,38.602974,1646,110.96875,8.664781000000005,25.621917
house_robber,2,fragments,200.4534829999975,2077.5622999999973,-4974,1048576,,0,0,32,75.794166,-28012.0458984375,,0,0,81,0,942,48.418606,902136,38.561264,1640,112.4990234375,8.973123999999999,27.063485
house_robber,2,fragments,200.4534829999975,2155.1661619999973,-4974,1048576,,0,0,33,77.603862,-27942.1025390625,,0,0,93,0,930,50.405445,904788,40.644707,1623,116.3388671875,8.878734000000005,26.881593
house_robber,2,fragments,200.4534829999975,2232.757389999997,-4974,1048576,,0,0,34,77.591228,-22301.576171875,,0,0,85,0,938,47.93601,907740,38.559691,1619,122.1064453125,8.457427000000003,29.340928
house_robber,2,fragments,200.4534829999975,2313.765481999997,-4974,1048576,,0,0,35,81.008092,-22948.5126953125,,0,0,81,0,942,50.102135,911012,39.830542,1620,126.328125,9.378016999999996,30.586689
house_robber,2,fragments,200.4534829999975,2397.5724079999973,-4974,1048576,,0,0,36,83.806926,-23808.376953125,,0,0,67,0,956,52.885121,914768,42.027738,1651,134.1787109375,9.684745999999997,30.444432
house_robber,2,fragments,200.4534829999975,2482.456451999997,-4952,1048576,,0,0,37,84.884044,-26295.8603515625,,0,0,71,0,952,52.917359,919316,41.669083,1668,139.5380859375,10.066998999999996,31.617758
house_robber,2,fragments,200.4534829999975,2572.428927999997,-4952,1048576,,0,0,38,89.972476,-23801.0498046875,,0,0,76,0,947,54.122129,926156,42.606636,1661,144.3876953125,10.359118000000002,35.512541
house_robber,2,fragments,200.4534829999975,2660.5413649999973,-4952,1048576,,0,0,39,88.112437,-23960.0869140625,,0,0,79,0,944,52.860854,929376,41.179376,1635,143.9501953125,10.527068000000003,34.922198
house_robber,2,fragments,200.4534829999975,2749.7039969999973,-3823,1048576,,0,0,40,89.162632,-22592.69140625,,0,0,83,0,940,54.449806,932952,42.798988,1626,149.498046875,10.550562000000006,34.378479
house_robber,2,fragments,200.4534829999975,2839.2732529999976,-3823,1048576,,0,0,41,89.569256,-24194.6806640625,,0,0,75,0,948,53.602872,935292,42.297295,1635,148.9765625,10.151459999999997,35.605951
house_robber,2,fragments,200.4534829999975,2930.5527509999974,-3823,1048576,,0,0,42,91.279498,-28690.955078125,,0,0,62,0,961,55.054225,936312,43.351645,1642,149.4287109375,10.606813000000004,35.725374
house_robber,2,fragments,200.4534829999975,3022.2936119999977,-3823,1048576,,0,0,43,91.740861,-23804.08203125,,0,0,82,0,941,55.57106,939564,43.766024,1620,153.0048828125,10.677094000000006,35.72856
house_robber,2,fragments,200.4534829999975,3114.6577429999975,-3823,1048576,,0,0,44,92.364131,-25609.291015625,,0,0,90,0,933,53.013174,942064,41.965603,1615,158.3671875,9.934161,39.023878
house_robber,2,fragments,200.4534829999975,3209.1557099999973,-3823,1048576,,0,0,45,94.497967,-28005.041015625,,0,0,78,0,945,55.344464,944304,43.255588,1631,163.4462890625,10.87753,38.78084
house_robber,2,fragments,200.4534829999975,3304.0950709999975,-3823,1048576,,0,0,46,94.939361,-18747.103515625,,0,0,74,0,949,54.373475,947496,42.374315,1650,167.8173828125,10.901878999999997,40.216893
house_robber,2,fragments,200.4534829999975,3400.8401409999974,-3823,1048576,,0,0,47,96.74507,-25726.96875,,0,0,83,0,940,54.93906,951720,42.364324,1623,173.080078125,11.336735000000001,41.458678
house_robber,2,fragments,200.4534829999975,3500.5724209999976,-3823,1048576,,0,0,48,99.73228,-23241.302734375,,0,0,70,0,953,56.38571,956568,43.560656,1625,177.142578125,11.678903000000002,42.980981
house_robber,2,fragments,200.4534829999975,3600.1793899999975,-3823,1048576,,0,0,49,99.606969,-21910.0712890625,,0,0,77,0,946,55.71818,960392,43.199763,1630,178.9921875,11.378305,43.487025
house_robber,2,fragments,200.4534829999975,3700.9192549999975,-3823,1048576,,0,0,50,100.739865,-21479.490234375,,0,0,81,0,942,56.658451,963068,43.868793,1636,180.0673828125,11.610467,43.724803
house_robber,2,fragments,200.4534829999975,3803.4610349999975,-3823,1048576,,0,0,51,102.54178,-22359.78125,,0,0,55,0,968,56.966076,967188,44.183372,1649,182.93359375,11.661436000000002,45.223165
house_robber,2,fragments,200.4534829999975,3907.8431969999974,-3823,1048576,,0,0,52,104.382162,-23075.19140625,,0,0,78,0,945,57.875041,970496,44.795398,1646,189.4384765625,11.859238000000005,46.155286
house_robber,2,fragments,200.4534829999975,4015.0565439999973,-3823,1048576,,0,0,53,107.213347,-25781.46875,,0,0,80,0,943,57.899068,976380,44.7547,1621,198.7919921875,11.954069999999998,48.955744
house_robber,2,fragments,200.4534829999975,4123.575638999997,-3823,1048576,,0,0,54,108.519095,-23792.541015625,,0,0,82,0,941,58.753326,981456,44.936595,1618,199.5283203125,12.617656,49.408969
house_robber,2,fragments,200.4534829999975,4234.146370999997,-3333,1048576,,0,0,55,110.570732,-22208.494140625,,0,0,76,0,947,57.6919,986740,44.977563,1617,205.17578125,11.502362999999999,52.51272
house_robber,2,fragments,200.4534829999975,4347.243339999997,-3333,1048576,,0,0,56,113.096969,-18289.9892578125,,0,0,70,0,953,59.682939,993476,45.568361,1634,215.3427734375,12.829183999999998,53.003842
house_robber,2,fragments,200.4534829999975,4461.852487999997,-3263,1048576,,0,0,57,114.609148,-17706.318359375,,0,0,84,0,939,60.098294,1000356,45.857652,1653,224.7802734375,12.966873000000005,54.123162
house_robber,2,fragments,200.4534829999975,4581.7820349999965,-3263,1048576,,0,0,58,119.929547,-21125.2587890625,,0,0,53,0,970,60.100366,1009356,45.380844,1653,228.708984375,13.416717,59.468143
house_robber,2,fragments,200.4534829999975,4703.006362999997,-3151,1048576,,0,0,59,121.224328,-21355.0615234375,,0,0,81,0,942,60.530062,1017712,45.424366,1612,240.4111328125,13.740984000000003,60.336543
house_robber,2,fragments,200.4534829999975,4827.860724999997,-3151,1048576,,0,0,60,124.854362,-27411.5986328125,,0,0,73,0,950,62.540317,1025088,47.583937,1636,251.5693359375,13.557657000000004,61.818815
house_robber,2,fragments,200.4534829999975,4951.936534999997,-1344,1048576,,0,0,61,124.07581,-20777.650390625,,0,0,76,0,947,62.026112,1035496,46.238139,1656,249.4306640625,14.391510999999996,61.670721
house_robber,2,fragments,200.4534829999975,5078.191462999997,-1344,1048576,,0,0,62,126.254928,-23571.30859375,,0,0,66,0,957,63.005486,1039848,47.312726,1656,245.681640625,14.261070999999994,62.880965
house_robber,2,fragments,200.4534829999975,5199.9444669999975,-1344,1048576,,0,0,63,121.753004,-22263.298828125,,0,0,69,0,954,61.933953,1041820,46.941333,1625,238.4189453125,13.616303000000004,59.448057
house_robber,2,fragments,200.4534829999975,5323.936512999998,-1344,1048576,,0,0,64,123.992046,-23908.6669921875,,0,0,73,0,950,63.465597,1043144,49.476857,1629,234.2041015625,12.668508000000005,60.162983
house_robber,2,fragments,200.4534829999975,5444.925915999997,-694,1048576,,0,0,65,120.989403,-20131.169921875,,0,0,75,0,948,63.946694,1044196,50.052496,1625,233.8154296875,12.570670000000002,56.606207
house_robber,2,fragments,200.4534829999975,5570.301725999998,-694,1048576,,0,0,66,125.37581,-28691.7587890625,,0,0,83,0,940,63.669065,1047220,49.803158,1636,239.4296875,12.547837000000005,61.328392
house_robber,2,fragments,200.4534829999975,5696.652034999998,-694,1048576,,0,0,67,126.350309,-20977.2216796875,,0,0,63,0,960,66.048172,1048320,50.94154,1641,241.49609375,13.665842999999994,59.942228
house_robber,2,fragments,200.4534829999975,5825.721876999998,-694,1048576,,0,0,68,129.069842,-17867.6455078125,,0,0,73,0,950,66.046996,1049572,51.991353,1644,249.69140625,12.707360999999992,62.657129
house_robber,2,fragments,200.4534829999975,5965.150478999998,-694,1048576,,0,0,69,139.428602,-22073.576171875,,0,0,75,0,948,75.194072,1050996,60.204145,1646,258.814453125,13.603058000000003,63.865399
house_robber,2,fragments,200.4534829999975,6104.773343999998,0,1048576,,0,0,70,139.622865,-16139.8017578125,,0,0,82,0,941,72.512974,1055560,56.765743,1628,270.8330078125,14.163082,66.599885
house_robber,2,fragments,200.4534829999975,6246.365570999998,0,1048576,,0,0,71,141.592227,-18247.9169921875,,0,0,90,0,933,76.239244,1057740,59.804836,1627,272.6708984375,14.970909999999993,64.93495
house_robber,2,fragments,200.4534829999975,6390.450700999999,0,1048576,,0,0,72,144.08513,-13957.0859375,,0,0,80,0,943,76.413691,1060688,61.095057,1626,276.103515625,13.887382000000004,67.298904
house_robber,2,fragments,200.4534829999975,6536.958123999999,0,1048576,,0,0,73,146.507423,-20837.873046875,,0,0,75,0,948,81.614404,1062692,64.914105,1647,267.5751953125,15.15447299999999,64.451483
house_robber,2,fragments,200.4534829999975,6685.386812999999,0,1048576,,0,0,74,148.428689,-20640.029296875,,0,0,82,0,941,83.259626,1063504,66.911273,1654,251.97265625,14.838860000000004,64.718502
house_robber,2,fragments,200.4534829999975,6822.666781999999,0,1048576,,0,0,75,137.279969,-21122.91015625,,0,0,67,0,956,75.380743,1063920,60.839109,1640,243.462890625,13.097854999999992,61.5174
house_robber,2,fragments,200.4534829999975,6962.732278999999,0,1048576,,0,0,76,140.065497,-20647.857421875,,0,0,75,0,948,78.980049,1064128,65.135319,1648,237.02734375,12.499723999999995,60.674954
house_robber,2,fragments,200.4534829999975,7102.469226999999,0,1048576,,0,0,77,139.736948,-19182.7451171875,,0,0,82,0,941,84.573129,1064164,70.078181,1646,228.587890625,13.190876999999995,54.788807
house_robber,2,fragments,200.4534829999975,7237.690409999998,0,1048576,,0,0,78,135.221183,-18407.955078125,,0,0,79,0,944,78.192059,1064184,64.679096,1650,222.9501953125,12.217011000000003,56.614482
house_robber,2,fragments,200.4534829999975,7367.557697999999,0,1048576,,0,0,79,129.867288,-19733.7587890625,,0,0,87,0,936,71.32162,1064260,57.79879,1630,221.0517578125,12.235996999999998,58.140769
house_robber,2,fragments,200.4534829999975,7495.528012999998,0,1048576,,0,0,80,127.970315,-24603.57421875,,0,0,76,0,947,72.218575,1064272,57.350852,1635,218.5810546875,13.55439,55.388613
house_robber,2,fragments,200.4534829999975,7623.527066999998,0,1048576,,0,0,81,127.999054,-21631.0712890625,,0,0,86,0,937,73.715289,1064320,59.750428,1647,222.14453125,12.511573000000002,53.804917
house_robber,2,fragments,200.4534829999975,7753.105629999998,0,1048576,,0,0,82,129.578563,-23290.279296875,,0,0,88,0,935,73.512,1064352,59.502643,1642,229.16796875,12.703310000000005,55.693947
house_robber,2,fragments,200.4534829999975,7883.504933999998,0,1048576,,0,0,83,130.399304,-23831.4599609375,,0,0,84,0,939,73.84856,1064404,59.535268,1640,231.42578125,12.95643200000001,56.049696
house_robber,2,fragments,200.4534829999975,8015.747505999998,0,1048576,,0,0,84,132.242572,-21685.1865234375,,0,0,75,0,948,73.603326,1064476,60.155308,1646,229.9716796875,12.095941999999994,58.250923
house_robber,2,fragments,200.4534829999975,8148.381995999998,0,1048576,,0,0,85,132.63449,-22723.53125,,0,0,99,0,924,77.207746,1064484,62.098804,1625,231.7373046875,13.752875,55.020608
house_robber,2,fragments,200.4534829999975,8278.503107999999,0,1048576,,0,0,86,130.121112,-17192.845703125,,0,0,99,0,924,73.637244,1064544,60.193235,1646,234.4326171875,12.167556999999992,56.01446
house_robber,2,fragments,200.4534829999975,8406.047356,0,1048576,,0,0,87,127.544248,-15572.115234375,,0,0,104,0,919,72.758562,1064552,58.788243,1620,236.8642578125,12.621157000000002,54.434111
house_robber,2,fragments,200.4534829999975,8535.608021,0,1048576,,0,0,88,129.560665,-15221.9921875,,0,0,97,0,926,71.626146,1064580,57.858478,1641,247.021484375,12.469667,57.482016
house_robber,2,fragments,200.4534829999975,8674.083301,0,1048576,,0,0,89,138.47528,-14503.748046875,,0,0,83,0,940,78.205038,1064748,63.906794,1653,252.5,12.881278000000005,59.902396
house_robber,2,fragments,200.4534829999975,8806.932152000001,0,1048576,,0,0,90,132.848851,-16290.16015625,,0,0,94,0,929,72.615212,1065024,57.376926,1668,262.0634765625,13.837126000000003,59.860238
house_robber,2,fragments,200.4534829999975,8951.823559,0,1048576,,0,0,91,144.891407,-12057.7412109375,,0,0,89,0,934,84.931675,1065092,69.541692,1680,261.38671875,14.007993000000004,59.573165
house_robber,2,fragments,200.4534829999975,9097.601749000001,0,1048576,,0,0,92,145.77819,-16630.91015625,,0,0,100,0,923,82.200431,1065344,67.416997,1660,271.6064453125,13.398811999999994,63.203764
house_robber,2,fragments,200.4534829999975,9247.500472000002,0,1048576,,0,0,93,149.898723,-16927.5458984375,,0,0,86,0,937,84.875041,1065528,69.288139,1670,280.0966796875,14.132208,64.650526
house_robber,2,fragments,200.4534829999975,9397.903845,0,1048576,,0,0,94,150.403373,-15087.6494140625,,0,0,81,0,942,82.022884,1066708,66.116108,1679,289.65625,14.444181999999998,68.002231
house_robber,2,fragments,200.4534829999975,9553.659414000002,0,1048576,,0,0,95,155.755569,-10608.7392578125,,0,0,73,0,950,87.081201,1068672,70.578335,1690,294.8310546875,14.873962999999998,68.285335
house_robber,2,fragments,200.4534829999975,9716.777613000002,0,1048576,,0,0,96,163.118199,-16665.603515625,,0,0,80,0,943,88.431491,1072432,71.33518,1689,306.8720703125,15.520709999999992,74.210027
house_robber,2,fragments,200.4534829999975,9883.529601000002,0,1048576,,0,0,97,166.751988,-14906.8349609375,,0,0,77,0,946,94.697593,1077444,76.662062,1687,318.6513671875,16.405879000000006,71.672192
house_robber,2,fragments,200.4534829999975,10073.319936000002,0,1048576,,0,0,98,189.790335,-14610.38671875,,0,0,84,0,939,111.058749,1083544,93.483783,1691,326.78125,15.96268500000001,78.352108
house_robber,2,fragments,200.4534829999975,10251.856102000002,0,1048576,,0,0,99,178.536166,-10784.458984375,,0,0,73,0,950,98.629633,1093260,81.898338,1704,332.697265625,15.220054999999995,79.494233
house_robber,2,fragments,200.4534829999975,10428.194654,0,1048576,,0,0,100,176.338552,-11652.8271484375,,0,0,86,0,937,93.513599,1102836,74.392378,1717,344.21875,17.232971,82.360463
house_robber,2,fragments,200.4534829999975,10611.558994,0,1048576,,0,0,101,183.36434,-15084.5146484375,,0,0,84,0,939,102.23867,1107856,83.936724,1708,346.1875,16.738554999999998,80.700682
house_robber,2,fragments,200.4534829999975,10789.135613,0,1048576,,0,0,102,177.576619,-11535.685546875,,0,0,83,0,940,94.072103,1112244,75.190918,1705,351.99609375,17.214235000000002,83.107786
house_robber,2,fragments,200.4534829999975,10972.289586,0,1048576,,0,0,103,183.153973,-8829.4365234375,,1,0,84,0,939,96.314719,1117344,77.56199,1706,367.0625,17.025077999999993,86.306973
house_robber,2,fragments,200.4534829999975,11156.564859,0,1048576,,0,0,104,184.275273,-13085.201171875,,0,0,76,0,947,94.309856,1127108,73.804717,1700,380.01953125,18.695674999999998,89.580523
house_robber,2,fragments,200.4534829999975,11350.614975,0,1048576,,0,0,105,194.050116,-12539.369140625,,0,0,86,0,937,102.305111,1135856,83.102072,1695,385.9462890625,17.457228000000004,91.350661
house_robber,2,fragments,200.4534829999975,11539.962316000001,0,1048576,,0,0,106,189.347341,-10660.146484375,,0,0,71,0,952,96.20771,1143436,76.129259,1706,392.7685546875,18.312951000000005,92.763091
house_robber,2,fragments,200.4534829999975,11737.399862,0,1048576,,0,0,107,197.437546,-9459.1484375,,0,0,82,0,941,102.987253,1148156,81.929282,1688,399.60546875,19.176752,94.064484
house_robber,2,fragments,200.4534829999975,11941.459346,0,1048576,,0,0,108,204.059484,-10823.89453125,,0,0,77,0,946,108.482607,1153840,87.435496,1701,402.966796875,19.222414000000004,95.013456
house_robber,2,fragments,200.4534829999975,12145.621602,0,1048576,,0,0,109,204.162256,-10945.0234375,,1,0,90,0,933,108.120654,1158196,87.76456,1701,403.6650390625,18.611001,95.656818
house_robber,2,fragments,200.4534829999975,12355.416199,0,1048576,,0,0,110,209.794597,-7375.0849609375,,0,0,78,0,945,113.863065,1163140,93.734913,1718,415.4794921875,18.328188000000004,95.546802
house_robber,2,fragments,200.4534829999975,12566.763993999999,0,1048576,,0,0,111,211.347795,-12579.0146484375,,1,0,77,0,946,110.441234,1168932,89.377038,1683,419.6728515625,19.238193999999996,100.519637
house_robber,2,fragments,200.4534829999975,12778.12178,0,1048576,,0,0,112,211.357786,-12561.404296875,,0,0,83,0,940,111.846348,1173380,90.593004,1689,423.841796875,19.37500400000001,99.128244
house_robber,2,fragments,200.4534829999975,12994.49624,0,1048576,,0,0,113,216.37446,-8869.873046875,,0,0,72,0,951,119.5166,1177704,99.522071,1715,422.671875,18.168787,96.461709
house_robber,2,fragments,200.4534829999975,13215.29548,0,1048576,,0,0,114,220.79924,-10159.7734375,,0,0,74,0,949,120.32872,1184724,100.972508,1718,435.73046875,17.612387999999996,100.068079
house_robber,2,fragments,200.4534829999975,13462.862702,0,1048576,,0,0,115,247.567222,-10788.5048828125,,0,0,73,0,950,146.38499,1192344,124.435625,1712,437.28515625,19.958939999999995,100.782995
house_robber,2,fragments,200.4534829999975,13707.175703,0,1048576,,0,0,116,244.313001,-11909.3076171875,,1,0,64,0,959,140.637504,1196200,118.939851,1706,442.8779296875,19.685614,103.291453
house_robber,2,fragments,200.4534829999975,13943.116048000002,0,1048576,,0,0,117,235.940345,-8254.5546875,,1,0,83,0,940,131.103379,1199880,109.219849,1716,452.810546875,19.909189999999995,104.23624
house_robber,2,fragments,200.4534829999975,14196.675729000002,0,1048576,,0,0,118,253.559681,-10927.3544921875,,2,0,76,0,947,144.291412,1204036,122.549633,1697,468.568359375,19.772866000000008,108.848177
house_robber,2,fragments,200.4534829999975,14463.542053000003,0,1048576,,0,0,119,266.866324,-10322.3173828125,,0,0,72,0,951,150.9069,1212764,129.604549,1717,476.0830078125,19.320066999999995,115.533334
house_robber,2,fragments,200.4534829999975,14718.331890000003,0,1048576,,0,0,120,254.789837,-6954.2138671875,,0,0,84,0,939,143.201686,1217432,120.224889,1701,464.419921875,20.94775399999999,111.025579
house_robber,2,fragments,200.4534829999975,14971.898544000003,0,1048576,,0,0,121,253.566654,-9865.6044921875,,0,0,62,0,961,142.618977,1224004,120.158662,1723,470.875,20.484573999999988,110.409109
house_robber,2,fragments,200.4534829999975,15229.446957000004,0,1048576,,0,0,122,257.548413,-10668.5576171875,,1,0,89,0,934,145.31374,1230916,122.317556,1710,465.611328125,20.94716399999999,111.782163
house_robber,2,fragments,200.4534829999975,15484.193704000003,0,1048576,,0,0,123,254.746747,-7318.84375,,0,0,87,0,936,144.560648,1234128,121.885152,1707,475.1435546875,20.61402699999997,109.744715
house_robber,2,fragments,200.4534829999975,15756.228457000003,0,1048576,,0,0,124,272.034753,-6989.58203125,,3,0,68,0,955,153.781698,1237732,131.310354,1716,472.92578125,20.49839500000001,117.848757
house_robber,2,fragments,200.4534829999975,16040.102915000003,0,1048576,,0,0,125,283.874458,-9134.189453125,,4,0,71,0,952,150.293889,1241064,127.344528,1676,474.314453125,20.911351000000003,133.180735
house_robber,2,fragments,200.4534829999975,16296.588069000003,0,1048576,,0,0,126,256.485154,-6947.798828125,,2,0,66,0,957,154.707946,1242820,129.261005,1718,470.8046875,23.540464000000004,101.32279
house_robber,2,fragments,200.4534829999975,16559.032171000003,0,1048576,,0,0,127,262.444102,-9462.669921875,,1,0,75,0,948,158.470938,1246240,136.200206,1716,480.080078125,20.31186899999998,103.527826
median,0,native,145.62967200001555,334.24033300001554,-31025,1048576,1213,275609,0,0,188.610661,-304667.439453125,0,0,0,107,0,,,,,,,,
median,0,native,145.62967200001555,527.0296550000155,-31025,1048576,1207,102106,0,1,192.789322,-139067.7431640625,2,0,0,118,0,,,,,,,,
median,0,native,145.62967200001555,720.3692220000155,-31434,1048576,1247,32516,0,2,193.339567,-70600.88671875,0,0,0,110,0,,,,,,,,
median,0,native,145.62967200001555,990.4854500000155,-31434,1048576,1195,21600,0,3,270.116228,-56391.1884765625,0,0,0,111,0,,,,,,,,
median,0,native,145.62967200001555,1192.7979780000155,-28478,1048576,1239,10388,0,4,202.312528,-44858.4306640625,0,0,0,107,0,,,,,,,,
median,0,native,145.62967200001555,1390.2759580000156,-28478,1048576,1206,22011,0,5,197.47798,-55404.931640625,0,0,0,117,0,,,,,,,,
median,0,native,145.62967200001555,1593.5249150000157,-28478,1048576,1222,27933,0,6,203.248957,-60900.736328125,2,0,0,127,0,,,,,,,,
median,0,native,145.62967200001555,1788.0268340000157,-28478,1048576,1229,33710,0,7,194.501919,-66940.3095703125,2,0,0,109,0,,,,,,,,
median,0,native,145.62967200001555,1986.6374170000156,-28478,1048576,1202,42586,0,8,198.610583,-74472.552734375,6,0,0,123,0,,,,,,,,
median,0,native,145.62967200001555,2176.5666750000155,-28478,1048576,1212,39796,0,9,189.929258,-71265.1728515625,0,0,0,114,0,,,,,,,,
median,0,native,145.62967200001555,2368.2881830000156,-28478,1048576,1204,37098,0,10,191.721508,-68528.6904296875,2,0,0,105,0,,,,,,,,
median,0,native,145.62967200001555,2577.5151360000154,-28464,1048576,1221,27413,0,11,209.226953,-58773.6025390625,4,0,0,115,0,,,,,,,,
median,0,native,145.62967200001555,2801.4415170000157,-26628,1048576,1259,29240,0,12,223.926381,-60126.4208984375,2,0,0,92,0,,,,,,,,
median,0,native,145.62967200001555,3042.4376620000157,-26621,1048576,1248,22828,0,13,240.996145,-53820.5546875,6,0,0,81,0,,,,,,,,
median,0,native,145.62967200001555,3298.692888000016,-26620,1048576,1208,18540,0,14,256.255226,-49041.0458984375,4,0,0,111,0,,,,,,,,
median,0,native,145.62967200001555,3550.512190000016,-26620,1048576,1205,30292,0,15,251.819302,-59644.5361328125,12,0,0,110,0,,,,,,,,
median,0,native,145.62967200001555,3790.772723000016,-26620,1048576,1206,46634,0,16,240.260533,-74696.896484375,18,0,0,125,0,,,,,,,,
median,0,native,145.62967200001555,4016.339128000016,-26620,1048576,1239,55710,0,17,225.566405,-83117.3427734375,4,0,0,95,0,,,,,,,,
median,0,native,145.62967200001555,4238.326008000016,-26620,1048576,1183,56331,0,18,221.98688,-83653.30859375,6,0,0,144,0,,,,,,,,
median,0,native,145.62967200001555,4456.931231000016,-26620,1048576,1215,54149,0,19,218.605223,-81479.546875,2,0,0,117,0,,,,,,,,
median,0,native,145.62967200001555,4675.699575000016,-25642,1048576,1221,50250,0,20,218.768344,-78090.5126953125,2,0,0,116,0,,,,,,,,
median,0,native,145.62967200001555,4893.835794000016,-25642,1048576,1245,54246,0,21,218.136219,-81631.337890625,2,0,0,102,0,,,,,,,,
median,0,native,145.62967200001555,5113.451990000016,-25608,1048576,1190,57868,0,22,219.616196,-85526.0732421875,2,0,0,119,0,,,,,,,,
median,0,native,145.62967200001555,5336.434438000016,-25608,1048576,1231,43206,0,23,222.982448,-71315.1494140625,4,0,0,108,0,,,,,,,,
median,0,native,145.62967200001555,5568.431874000015,-24669,1048576,1252,48391,0,24,231.997436,-76145.59375,0,0,0,92,0,,,,,,,,
median,0,native,145.62967200001555,5807.454878000015,-24669,1048576,1198,43604,0,25,239.023004,-71242.4091796875,0,0,0,116,0,,,,,,,,
median,0,native,145.62967200001555,6066.650699000015,-24669,1048576,1196,54433,0,26,259.195821,-81242.875,0,0,0,115,0,,,,,,,,
median,0,native,145.62967200001555,6334.053133000015,-24669,1048576,1230,40715,0,27,267.402434,-68945.1435546875,4,0,0,95,0,,,,,,,,
median,0,native,145.62967200001555,6618.816840000015,-24647,1048576,1203,45045,0,28,284.763707,-72286.1396484375,2,0,0,115,0,,,,,,,,
median,0,native,145.62967200001555,6922.260665000015,-23678,1048576,1203,37592,0,29,303.443825,-65461.9404296875,6,0,0,122,0,,,,,,,,
median,0,native,145.62967200001555,7249.872122000015,-23674,1048576,1218,44769,0,30,327.611457,-71177.0234375,2,0,0,109,0,,,,,,,,
median,0,native,145.62967200001555,7582.973001000015,-23674,1048576,1207,35479,0,31,333.100879,-61792.9521484375,0,0,0,103,0,,,,,,,,
median,0,native,145.62967200001555,7950.098998000015,-23674,1048576,1189,42268,0,32,367.125997,-67988.41796875,6,0,0,153,0,,,,,,,,
median,0,native,145.62967200001555,8303.945182000014,-22945,1048576,1230,25556,0,33,353.846184,-51859.4267578125,4,0,0,102,0,,,,,,,,
median,0,native,145.62967200001555,8673.111028000014,-22951,1048576,1222,36393,0,34,369.165846,-61806.4697265625,4,0,0,108,0,,,,,,,,
median,0,native,145.62967200001555,9071.891368000013,-21430,1048576,1202,41226,0,35,398.78034,-65859.7197265625,6,0,0,124,0,,,,,,,,
median,0,native,145.62967200001555,9535.865104000013,-20934,1048576,1229,41922,0,36,463.973736,-65927.3173828125,4,0,0,101,0,,,,,,,,
median,0,native,145.62967200001555,10021.174269000014,-20934,1048576,1234,36183,0,37,485.309165,-60057.8828125,2,0,0,124,0,,,,,,,,
median,0,native,145.62967200001555,10532.771601000013,-20934,1048576,1229,24576,0,38,511.597332,-48493.2099609375,0,0,0,98,0,,,,,,,,
median,0,native,145.62967200001555,11042.920193000013,-20934,1048576,1187,21428,0,39,510.148592,-45173.873046875,0,0,0,120,0,,,,,,,,
median,0,native,145.62967200001555,11579.238087000012,-20934,1048576,1221,17147,0,40,536.317894,-40877.5419921875,0,0,0,107,0,,,,,,,,
median,0,native,145.62967200001555,12137.790141000012,-20934,1048576,1229,13298,0,41,558.552054,-37070.1552734375,0,0,0,118,0,,,,,,,,
median,0,native,145.62967200001555,12681.219519000013,-20934,1048576,1238,17867,0,42,543.429378,-41108.826171875,0,0,0,109,0,,,,,,,,
median,0,native,145.62967200001555,13236.548365000013,-20111,1048576,1211,16249,0,43,555.328846,-39407.3974609375,0,0,0,125,0,,,,,,,,
median,0,native,145.62967200001555,13767.058796000014,-20111,1048576,1205,13548,0,44,530.510431,-36676.115234375,0,0,0,113,0,,,,,,,,
median,0,native,145.62967200001555,14286.182921000014,-20111,1048576,1247,17696,0,45,519.124125,-40793.8623046875,0,0,0,77,0,,,,,,,,
median,0,native,145.62967200001555,14787.114171000014,-20111,1048576,1221,15776,0,46,500.93125,-38622.2275390625,0,0,0,105,0,,,,,,,,
median,0,native,145.62967200001555,15289.151486000013,-20111,1048576,1239,24957,0,47,502.037315,-46471.6826171875,0,0,0,113,0,,,,,,,,
median,0,native,145.62967200001555,15818.968939000013,-20111,1048576,1200,21929,0,48,529.817453,-43221.390625,0,0,0,123,0,,,,,,,,
median,0,native,145.62967200001555,16349.816180000013,-19128,1048576,1229,12968,0,49,530.847241,-34520.7314453125,0,0,0,119,0,,,,,,,,
median,0,native,145.62967200001555,16876.355955000014,-19128,1048576,1216,22714,0,50,526.539775,-43627.9755859375,0,0,0,115,0,,,,,,,,
median,0,native,145.62967200001555,17387.819811000012,-19128,1048576,1248,21639,0,51,511.463856,-42633.365234375,0,0,0,104,0,,,,,,,,
median,0,native,145.62967200001555,17900.827806000012,-19128,1048576,1203,13386,0,52,513.007995,-34648.095703125,0,0,0,108,0,,,,,,,,
median,0,native,145.62967200001555,18433.00875900001,-19128,1048576,1180,21307,0,53,532.180953,-42380.1845703125,0,0,0,128,0,,,,,,,,
median,0,native,145.62967200001555,18993.61134900001,-19128,1048576,1227,17912,0,54,560.60259,-38571.279296875,0,0,0,96,0,,,,,,,,
median,0,native,145.62967200001555,19506.97818100001,-18663,1048576,1196,25943,0,55,513.366832,-46321.9384765625,0,0,0,105,0,,,,,,,,
median,0,native,145.62967200001555,20033.37138800001,-18663,1048576,1231,29509,0,56,526.393207,-49671.2099609375,0,0,0,90,0,,,,,,,,
median,0,native,145.62967200001555,20584.74262000001,-18663,1048576,1261,28253,0,57,551.371232,-48187.580078125,0,0,0,90,0,,,,,,,,
median,0,native,145.62967200001555,21183.055974000014,-18413,1048576,1222,20831,0,58,598.313354,-40889.0654296875,0,0,0,122,0,,,,,,,,
median,0,native,145.62967200001555,21727.175643000013,-18413,1048576,1245,24021,0,59,544.119669,-44096.900390625,0,0,0,105,0,,,,,,,,
median,0,native,145.62967200001555,22295.89218500001,-18327,1048576,1206,23576,0,60,568.716542,-43358.419921875,0,0,0,106,0,,,,,,,,
median,0,native,145.62967200001555,22860.17422800001,-18327,1048576,1200,22945,0,61,564.282043,-42704.4091796875,0,0,0,132,0,,,,,,,,
median,0,native,145.62967200001555,23394.33363500001,-18327,1048576,1208,18123,0,62,534.159407,-37821.8681640625,0,0,0,124,0,,,,,,,,
median,0,native,145.62967200001555,23924.44406500001,-16368,1048576,1226,30241,0,63,530.11043,-49202.0966796875,0,0,0,105,0,,,,,,,,
median,0,native,145.62967200001555,24478.190599000012,-16368,1048576,1249,23093,0,64,553.746534,-42241.2314453125,0,0,0,107,0,,,,,,,,
median,0,native,145.62967200001555,25052.78902200001,-16368,1048576,1249,34645,0,65,574.598423,-53024.0927734375,0,0,0,97,0,,,,,,,,
median,0,native,145.62967200001555,25618.21956600001,-16368,1048576,1202,19074,0,66,565.430544,-38633.7275390625,0,0,0,118,0,,,,,,,,
median,0,native,145.62967200001555,26209.661864000012,-16368,1048576,1248,29631,0,67,591.442298,-48344.009765625,0,0,0,97,0,,,,,,,,
median,0,native,145.62967200001555,26738.873579000014,-15241,1048576,1210,27865,0,68,529.211715,-46387.10546875,0,0,0,111,0,,,,,,,,
median,0,native,145.62967200001555,27264.418032000012,-15241,1048576,1193,32321,0,69,525.544453,-50399.2646484375,0,0,0,117,0,,,,,,,,
median,0,native,145.62967200001555,27804.939903000013,-15241,1048576,1237,36772,0,70,540.521871,-54789.9248046875,0,0,0,105,0,,,,,,,,
median,0,native,145.62967200001555,28345.212671000012,-13237,1048576,1218,39197,0,71,540.272768,-56744.9521484375,0,0,0,119,0,,,,,,,,
median,0,native,145.62967200001555,28898.418891000012,-13237,1048576,1241,35851,0,72,553.20622,-53683.212890625,0,0,0,97,0,,,,,,,,
median,0,native,145.62967200001555,29461.52949700001,-13237,1048576,1263,36608,0,73,563.110606,-54013.0302734375,0,0,0,84,0,,,,,,,,
median,0,native,145.62967200001555,30039.16761600001,-13237,1048576,1213,38433,0,74,577.638119,-56004.4951171875,0,0,0,102,0,,,,,,,,
median,0,native,145.62967200001555,30596.80671500001,-13237,1048576,1225,38943,0,75,557.639099,-56398.0595703125,2,0,0,113,0,,,,,,,,
median,0,native,145.62967200001555,31191.98377800001,-13237,1048576,1236,51353,0,76,595.177063,-67561.087890625,0,0,0,110,0,,,,,,,,
median,0,native,145.62967200001555,31809.98595000001,-13237,1048576,1245,47775,0,77,618.002172,-63867.849609375,0,0,0,110,0,,,,,,,,
median,0,native,145.62967200001555,32432.43758300001,-12849,1048576,1216,45252,0,78,622.451633,-61180.0234375,0,0,0,132,0,,,,,,,,
median,0,native,145.62967200001555,33080.02880400001,-12849,1048576,1234,44096,0,79,647.591221,-60065.296875,0,0,0,114,0,,,,,,,,
median,0,native,145.62967200001555,33746.67302600001,-12849,1048576,1262,30903,0,80,666.644222,-47484.8427734375,0,0,0,101,0,,,,,,,,
median,0,native,145.62967200001555,34449.003440000015,-12849,1048576,1237,47452,0,81,702.330414,-62297.5126953125,0,0,0,95,0,,,,,,,,
median,0,native,145.62967200001555,35072.95070400002,-12849,1048576,1246,42434,0,82,623.947264,-57291.8359375,0,0,0,64,0,,,,,,,,
median,0,native,145.62967200001555,35723.325501000014,-12849,1048576,1251,32206,0,83,650.374797,-46926.4775390625,0,0,0,87,0,,,,,,,,
median,0,native,145.62967200001555,36354.38031500002,-12849,1048576,1258,39323,0,84,631.054814,-53108.1572265625,2,0,0,90,0,,,,,,,,
median,0,native,145.62967200001555,36976.79153100002,-12849,1048576,1243,40243,0,85,622.411216,-53652.5478515625,0,0,0,71,0,,,,,,,,
median,0,native,145.62967200001555,37654.369306000015,-12849,1048576,1226,38973,0,86,677.577775,-53362.408203125,0,0,0,85,0,,,,,,,,
median,0,native,145.62967200001555,38395.02060500001,-12801,1048576,1235,29658,0,87,740.651299,-42991.76171875,0,0,0,100,0,,,,,,,,
median,0,native,145.62967200001555,39064.624613000015,-12801,1048576,1205,36157,0,88,669.604008,-48790.310546875,0,0,0,101,0,,,,,,,,
median,0,native,145.62967200001555,39752.10725800002,-11840,1048576,1268,20446,0,89,687.482645,-33443.98046875,0,0,0,62,0,,,,,,,,
median,0,native,145.62967200001555,40479.49399700002,-11443,1048576,1252,27520,0,90,727.386739,-40554.6552734375,2,0,0,80,0,,,,,,,,
median,0,native,145.62967200001555,41140.79716600002,-11443,1048576,1270,27592,0,91,661.303169,-40538.921875,0,0,0,74,0,,,,,,,,
median,0,native,145.62967200001555,41841.03753500002,-11443,1048576,1231,20142,0,92,700.240369,-33300.080078125,2,0,0,76,0,,,,,,,,
median,0,native,145.62967200001555,42528.08445800002,-11443,1048576,1245,21938,0,93,687.046923,-35379.9892578125,0,0,0,81,0,,,,,,,,
median,0,native,145.62967200001555,43221.41635800002,-11443,1048576,1235,22183,0,94,693.3319,-35729.58984375,0,0,0,86,0,,,,,,,,
median,0,native,145.62967200001555,43952.23688600001,-11443,1048576,1234,22411,0,95,730.820528,-35292.482421875,0,0,0,86,0,,,,,,,,
median,0,native,145.62967200001555,44687.75800100002,-11443,1048576,1264,25182,0,96,735.521115,-37736.689453125,0,0,0,77,0,,,,,,,,
median,0,native,145.62967200001555,45442.08528800002,-11443,1048576,1247,21630,0,97,754.327287,-34354.9208984375,0,0,0,88,0,,,,,,,,
median,0,native,145.62967200001555,46230.79164200002,-11443,1048576,1255,33405,0,98,788.706354,-45512.3505859375,0,0,0,106,0,,,,,,,,
median,0,native,145.62967200001555,47059.33734000002,-11443,1048576,1270,30452,0,99,828.545698,-42958,0,0,0,79,0,,,,,,,,
median,0,native,145.62967200001555,47904.50904900002,-11269,1048576,1255,31877,0,100,845.171709,-44649.1494140625,0,0,0,80,0,,,,,,,,
median,0,native,145.62967200001555,48750.48132300002,-11142,1048576,1261,35085,0,101,845.972274,-47989.193359375,0,0,0,86,0,,,,,,,,
median,0,native,145.62967200001555,49627.72472000002,-11142,1048576,1253,43313,0,102,877.243397,-54685.4794921875,2,0,0,89,0,,,,,,,,
median,0,native,145.62967200001555,50558.12614800002,-11269,1048576,1251,29943,0,103,930.401428,-41333.248046875,0,0,0,87,0,,,,,,,,
median,0,native,145.62967200001555,51529.06702000002,-11266,1048576,1227,34280,0,104,970.940872,-45480.931640625,0,0,0,85,0,,,,,,,,
median,0,native,145.62967200001555,52523.550661000016,-11266,1048576,1233,37992,0,105,994.483641,-48837.2861328125,0,0,0,78,0,,,,,,,,
median,0,native,145.62967200001555,53558.67366900002,-11008,1048576,1279,33589,0,106,1035.123008,-44489.7265625,0,0,0,87,0,,,,,,,,
median,0,native,145.62967200001555,54618.492504000016,-11008,1048576,1244,27620,0,107,1059.818835,-38858.619140625,0,0,0,86,0,,,,,,,,
median,0,native,145.62967200001555,55589.65681500002,-10985,1048576,1216,24020,0,108,971.164311,-35320.9599609375,0,0,0,103,0,,,,,,,,
median,0,native,145.62967200001555,56563.922093000016,-10985,1048576,1257,31440,0,109,974.265278,-42409.8603515625,0,0,0,80,0,,,,,,,,
median,0,native,145.62967200001555,57548.51589700001,-10985,1048576,1248,33253,0,110,984.593804,-44925.8173828125,0,0,0,84,0,,,,,,,,
median,0,native,145.62967200001555,58534.40036600001,-10985,1048576,1271,42314,0,111,985.884469,-53391.7783203125,0,0,0,60,0,,,,,,,,
median,0,native,145.62967200001555,59608.47706900001,-10985,1048576,1247,36593,0,112,1074.076703,-48661.08203125,0,0,0,80,0,,,,,,,,
median,0,native,145.62967200001555,60579.888429000006,-10853,1048576,1270,33018,0,113,971.41136,-44160.9501953125,0,0,0,71,0,,,,,,,,
median,0,native,145.62967200001555,61546.142212000006,-10811,1048576,1237,42141,0,114,966.253783,-52855.736328125,0,0,0,76,0,,,,,,,,
median,0,native,145.62967200001555,62567.68333200001,-10811,1048576,1267,38114,0,115,1021.54112,-48827.2861328125,0,0,0,74,0,,,,,,,,
median,0,native,145.62967200001555,63668.467022000004,-10811,1048576,1261,35185,0,116,1100.78369,-45989.9091796875,0,0,0,96,0,,,,,,,,
median,0,native,145.62967200001555,64753.760935000006,-10758,1048576,1254,31176,0,117,1085.293913,-42776.8603515625,0,0,0,72,0,,,,,,,,
median,0,native,145.62967200001555,65914.576604,-10758,1048576,1258,28245,0,118,1160.815669,-39099.8173828125,0,0,0,83,0,,,,,,,,
median,0,native,145.62967200001555,66970.924193,-10652,1048576,1276,27098,0,119,1056.347589,-37919.6767578125,0,0,0,86,0,,,,,,,,
median,0,native,145.62967200001555,68048.00627499999,-10652,1048576,1231,33350,0,120,1077.082082,-43813.091796875,0,0,0,85,0,,,,,,,,
median,0,native,145.62967200001555,69132.26318299999,-10652,1048576,1248,29011,0,121,1084.256908,-39880.748046875,0,0,0,73,0,,,,,,,,
median,0,native,145.62967200001555,70167.69645799999,-10652,1048576,1243,29823,0,122,1035.433275,-40653.6650390625,0,0,0,94,0,,,,,,,,
median,0,native,145.62967200001555,71233.959043,-10652,1048576,1246,26768,0,123,1066.262585,-37818.189453125,0,0,0,90,0,,,,,,,,
median,0,native,145.62967200001555,72330.821845,-10652,1048576,1259,30957,0,124,1096.862802,-41281.5302734375,0,0,0,80,0,,,,,,,,
median,0,native,145.62967200001555,73399.585908,-10652,1048576,1234,28237,0,125,1068.764063,-38665.5224609375,0,0,0,77,0,,,,,,,,
median,0,native,145.62967200001555,74534.35719499999,-10554,1048576,1258,26379,0,126,1134.771287,-36885.474609375,0,0,0,102,0,,,,,,,,
median,0,native,145.62967200001555,75627.76424199999,-10554,1048576,1258,28111,0,127,1093.407047,-38568.0185546875,0,0,0,78,0,,,,,,,,
median,0,fragments,197.11625499999718,229.9175629999972,-31025,1048576,,275609,0,0,32.801308,-304667.439453125,,0,0,162,0,861,13.846437,1009560,3.529433,2314,63.8291015625,9.351878,18.176531
median,0,fragments,197.11625499999718,254.15573399999718,-31025,1048576,,95870,0,1,24.238171,-132872.1181640625,,0,0,211,0,812,11.244792,1010076,2.512702,2030,60.1357421875,7.9262760000000005,12.603374
median,0,fragments,197.11625499999718,277.2909689999972,-31025,1048576,,32037,0,2,23.135235,-70423.123046875,,0,0,247,0,776,10.99926,1010456,2.44007,1899,69.16015625,7.775895,11.782377
median,0,fragments,197.11625499999718,302.4456189999972,-31025,1048576,,12682,0,3,25.15465,-48792.3984375,,0,0,263,0,760,11.999935,1010856,2.536499,1809,78.6962890625,8.618837000000001,12.766972
median,0,fragments,197.11625499999718,329.6380629999972,-30524,1048576,,24015,0,4,27.192444,-60428.591796875,,0,0,243,0,780,12.35178,1011396,2.562178,1759,88.525390625,8.802308,14.515358
median,0,fragments,197.11625499999718,357.9448069999972,-29952,1048576,,30487,0,5,28.306744,-66041.3828125,,0,0,247,0,776,12.666451,1011952,2.575978,1771,95.20703125,9.138392,15.314477
median,0,fragments,197.11625499999718,388.8675859999972,-29952,1048576,,18259,0,6,30.922779,-53811.6337890625,,0,0,208,0,815,12.617002,1013404,2.501012,1794,106.1181640625,9.239446999999998,17.963906
median,0,fragments,197.11625499999718,423.3141809999972,-29952,1048576,,26795,0,7,34.446595,-61513.4873046875,,0,0,180,0,843,13.732046,1015780,2.484871,1775,109.37890625,10.325693000000001,20.365895
median,0,fragments,197.11625499999718,460.26576199999715,-29187,1048576,,26719,0,8,36.951581,-60505.876953125,,0,0,145,0,878,14.146423,1020816,2.588008,1780,116.3701171875,10.629152999999999,22.402955
median,0,fragments,197.11625499999718,499.90280699999715,-29187,1048576,,33633,0,9,39.637045,-70418.3828125,,0,0,156,0,867,15.222813,1025684,2.512361,1787,123.666015625,11.718326000000001,23.944292
median,0,fragments,197.11625499999718,539.9066869999972,-29187,1048576,,42071,0,10,40.00388,-74498.890625,,0,0,143,0,880,15.518002,1031020,2.609016,1799,129.169921875,11.894932999999998,24.11244
median,0,fragments,197.11625499999718,580.6703989999971,-29187,1048576,,30554,0,11,40.763712,-65866.4599609375,,0,0,141,0,882,15.980072,1037652,2.564627,1826,132.6064453125,12.145791,24.38229
median,0,fragments,197.11625499999718,621.6382579999971,-29008,1048576,,37097,0,12,40.967859,-74646.955078125,,0,0,139,0,884,15.000293,1044996,2.56784,1842,142.1611328125,11.293964999999998,25.571464
median,0,fragments,197.11625499999718,665.3441779999971,-29008,1048576,,44987,0,13,43.70592,-79196.2490234375,,0,0,121,0,902,15.060452,1051932,2.563044,1867,147.181640625,11.38724,28.261122
median,0,fragments,197.11625499999718,712.1759899999971,-28478,1048576,,44877,0,14,46.831812,-77263.4970703125,,0,0,129,0,894,16.605057,1057704,2.540634,1846,145.7734375,12.906035,29.828572
median,0,fragments,197.11625499999718,759.3818659999971,-28341,1048576,,48193,0,15,47.205876,-80125.076171875,,0,0,120,0,903,16.914364,1059696,2.534315,1843,144.6630859375,13.058995999999999,29.901621
median,0,fragments,197.11625499999718,802.9771909999971,-24880,1048576,,37312,0,16,43.595325,-71251.4052734375,,0,0,117,0,906,15.786255,1061480,2.559521,1876,142.5810546875,12.070478,27.383002
median,0,fragments,197.11625499999718,847.8553369999971,-24880,1048576,,43189,0,17,44.878146,-74554.21484375,,0,0,106,0,917,14.945754,1063848,2.529082,1857,145.435546875,11.314413000000002,29.547602
median,0,fragments,197.11625499999718,894.9561719999971,-24880,1048576,,57018,0,18,47.100835,-85527.6982421875,,0,0,113,0,910,15.959998,1065576,2.587408,1859,149.2470703125,12.270235,30.742289
median,0,fragments,197.11625499999718,941.8716919999971,-24880,1048576,,46450,0,19,46.91552,-75811.41015625,,0,0,119,0,904,16.098188,1068232,2.556934,1874,157.64453125,12.434829,30.421897
median,0,fragments,197.11625499999718,992.1610729999971,-24880,1048576,,63798,0,20,50.289381,-91287.353515625,,0,0,107,0,916,16.12076,1072948,2.566397,1876,161.611328125,12.434536000000001,33.774948
median,0,fragments,197.11625499999718,1044.713437999997,-24879,1048576,,55416,0,21,52.552365,-83103.078125,,0,0,103,0,920,17.357587,1077728,2.546128,1869,170.3466796875,13.578978999999999,34.75364
median,0,fragments,197.11625499999718,1095.737450999997,-24879,1048576,,68356,0,22,51.024013,-94802.30078125,,0,0,91,0,932,17.13085,1084332,2.610792,1874,175.5869140625,13.357543999999999,33.492684
median,0,fragments,197.11625499999718,1145.777094999997,-24879,1048576,,62813,0,23,50.039644,-89408.685546875,,0,0,90,0,933,16.435409,1087208,2.599108,1921,182.8037109375,12.693634,33.18316
median,0,fragments,197.11625499999718,1200.0172659999969,-23860,1048576,,67266,0,24,54.240171,-93511.7568359375,,0,0,96,0,927,16.555322,1091296,2.59882,1913,190.5419921875,12.774739,37.256171
median,0,fragments,197.11625499999718,1260.695522999997,-20354,1048576,,68723,0,25,60.678257,-94545.205078125,,0,0,75,0,948,22.084388,1097620,6.716733,1926,190.822265625,14.116893,38.114501
median,0,fragments,197.11625499999718,1318.005768999997,-20354,1048576,,52863,0,26,57.310246,-79139.8974609375,,0,0,72,0,951,16.973126,1103328,2.598907,1938,183.578125,13.181899000000001,39.840483
median,0,fragments,197.11625499999718,1374.084926999997,-20354,1048576,,62135,0,27,56.079158,-87743.0537109375,,0,0,100,0,923,16.877176,1105472,2.683198,1904,178.533203125,13.020108,38.766813
median,0,fragments,197.11625499999718,1429.423389999997,-20354,1048576,,45182,0,28,55.338463,-71828.763671875,,0,0,102,0,921,17.690335,1106500,2.652288,1883,167.3037109375,13.787772,37.220753
median,0,fragments,197.11625499999718,1484.295190999997,-20354,1048576,,62881,0,29,54.871801,-88172.2119140625,,0,0,98,0,925,17.155368,1107684,2.657928,1880,156.6728515625,13.208894,37.212665
median,0,fragments,197.11625499999718,1533.733923999997,-20354,1048576,,48399,0,30,49.438733,-74656.9775390625,,0,0,121,0,902,15.864212,1108064,2.673255,1873,143.685546875,12.06221,33.1217
median,0,fragments,197.11625499999718,1581.154847999997,-20354,1048576,,57531,0,31,47.420924,-82556.37890625,,0,0,110,0,913,15.200326,1108176,2.609662,1850,135.0419921875,11.480181000000002,31.739717
median,0,fragments,197.11625499999718,1628.064267999997,-20264,1048576,,41345,0,32,46.90942,-66962.8740234375,,0,0,109,0,914,15.206996,1108372,2.632928,1840,126.6669921875,11.426058000000001,31.229047
median,0,fragments,197.11625499999718,1672.2007339999968,-20264,1048576,,37076,0,33,44.136466,-62537.2783203125,,0,0,95,0,928,14.469272,1108472,2.595644,1885,125.5751953125,10.82425,29.25382
median,0,fragments,197.11625499999718,1717.0030949999968,-19352,1048576,,51648,0,34,44.802361,-76726.20703125,,0,0,119,0,904,15.194553,1108532,2.572192,1863,123.6025390625,11.649893000000002,29.043435
median,0,fragments,197.11625499999718,1761.0931589999968,-19169,1048576,,60756,0,35,44.090064,-84454.91015625,,0,0,100,0,923,14.762087,1108572,2.57427,1882,121.5986328125,11.130931,28.85874
median,0,fragments,197.11625499999718,1804.7511029999969,-17273,1048576,,51902,0,36,43.657944,-75895.203125,,0,0,109,0,914,15.213882,1108660,2.578549,1890,121.5791015625,11.56689,28.058857
median,0,fragments,197.11625499999718,1847.7111469999968,-17259,1048576,,69749,0,37,42.960044,-92650.6455078125,,0,0,94,0,929,14.777465,1108748,2.644041,1867,123.1103515625,11.110928999999999,27.69165
median,0,fragments,197.11625499999718,1890.0911229999967,-17259,1048576,,56025,0,38,42.379976,-78583.79296875,,0,0,100,0,923,14.373884,1108788,2.692702,1870,123.0400390625,10.755385,27.597976
median,0,fragments,197.11625499999718,1933.3903679999967,-17259,1048576,,64602,0,39,43.299245,-86673.70703125,,0,0,96,0,927,14.397627,1108840,2.689504,1865,122.7841796875,10.766141000000001,28.491868
median,0,fragments,197.11625499999718,1977.5945749999967,-17259,1048576,,56502,0,40,44.204207,-77907.330078125,,0,0,108,0,915,14.469456,1108888,2.734591,1825,123.302734375,10.74444,29.326942
median,0,fragments,197.11625499999718,2020.4711519999967,-17259,1048576,,53906,0,41,42.876577,-75167.6552734375,,0,0,82,0,941,14.619673,1108952,2.802113,1863,121.546875,10.903470000000002,27.857859
median,0,fragments,197.11625499999718,2062.8283369999967,-17259,1048576,,61491,0,42,42.357185,-81057.966796875,,0,0,89,0,934,14.566374,1108980,2.79469,1851,117.357421875,10.824238999999999,27.394842
median,0,fragments,197.11625499999718,2104.6562979999967,-17259,1048576,,58841,0,43,41.827961,-78075.4716796875,,0,0,85,0,938,15.971971,1109004,4.456633,1914,114.5791015625,10.603268,25.424412
median,0,fragments,197.11625499999718,2147.026044999997,-17238,1048576,,72061,0,44,42.369747,-89883.5859375,,0,0,98,0,925,15.710094,1109036,4.330423,1863,108.3876953125,10.475635,26.242591
median,0,fragments,197.11625499999718,2185.025957999997,-17238,1048576,,65578,0,45,37.999913,-83725.216796875,,0,0,91,0,932,13.984788,1109048,2.769338,1888,104.984375,10.22763,23.615274
median,0,fragments,197.11625499999718,2225.971303999997,-17238,1048576,,68709,0,46,40.945346,-86644.6875,,0,0,97,0,926,15.357887,1109052,4.335362,1873,104.611328125,10.136686999999998,25.20266
median,0,fragments,197.11625499999718,2267.863983999997,-17238,1048576,,53363,0,47,41.89268,-71955.994140625,,0,0,71,0,952,15.858792,1109056,4.280414,1869,105.8271484375,10.674482000000001,25.547654
median,0,fragments,197.11625499999718,2309.522467999997,-17101,1048576,,55243,0,48,41.658484,-74320.84375,,0,0,95,0,928,16.87784,1109064,4.381593,1878,108.9658203125,11.589747,24.283834
median,0,fragments,197.11625499999718,2353.151123999997,-17101,1048576,,57208,0,49,43.628656,-75242.6953125,,0,0,99,0,924,17.044842,1109084,4.356997,1882,110.1845703125,11.653789,26.087221
median,0,fragments,197.11625499999718,2395.455342999997,-17101,1048576,,63376,0,50,42.304219,-81833.8466796875,,0,0,98,0,925,16.091307,1109132,4.370942,1912,112.4814453125,10.775128000000002,25.820898
median,0,fragments,197.11625499999718,2438.4405259999967,-17101,1048576,,55987,0,51,42.985183,-73621.248046875,,0,0,99,0,924,16.192223,1109148,4.363156,1888,115.6923828125,10.882894999999998,26.404107
median,0,fragments,197.11625499999718,2480.8049139999966,-17101,1048576,,62812,0,52,42.364388,-80164.8251953125,,0,0,89,0,934,16.078006,1109196,4.313713,1895,115.6103515625,10.858103,25.908074
median,0,fragments,197.11625499999718,2524.116351999997,-17101,1048576,,62435,0,53,43.311438,-79700.287109375,,0,0,103,0,920,16.311133,1109204,4.338953,1867,116.7294921875,11.073007000000002,26.618911
median,0,fragments,197.11625499999718,2566.028321999997,-16857,1048576,,58167,0,54,41.91197,-75685.828125,,0,0,91,0,932,16.489496,1109216,4.262123,1875,117.6875,11.290009,25.039602
median,0,fragments,197.11625499999718,2609.068592999997,-16857,1048576,,48328,0,55,43.040271,-66270.9814453125,,0,0,95,0,928,16.114257,1109252,4.60335,1838,117.96875,10.535931999999999,26.535003
median,0,fragments,197.11625499999718,2652.7572749999968,-16857,1048576,,68980,0,56,43.688682,-85672.9033203125,,0,0,102,0,921,15.777953,1109268,4.441087,1842,120.0849609375,10.430835,27.509167
median,0,fragments,197.11625499999718,2697.1901349999966,-16845,1048576,,60560,0,57,44.43286,-77710.365234375,,0,0,87,0,936,17.697867,1109284,4.589192,1891,124.51171875,12.173073999999998,26.229314
median,0,fragments,197.11625499999718,2743.1886639999966,-16845,1048576,,55043,0,58,45.998529,-72976.0029296875,,0,0,79,0,944,17.279253,1109296,4.62297,1892,125.59765625,11.603196,28.336611
median,0,fragments,197.11625499999718,2788.445732999997,-16845,1048576,,74507,0,59,45.257069,-90773.140625,,0,0,95,0,928,17.372124,1109364,4.792618,1856,126.0888671875,11.649567,27.49255
median,0,fragments,197.11625499999718,2832.226477999997,-16845,1048576,,59993,0,60,43.780745,-76680.6923828125,,0,0,81,0,942,16.307205,1109404,4.549642,1865,129.2080078125,10.808073,27.076052
median,0,fragments,197.11625499999718,2877.886484999997,-16784,1048576,,65060,0,61,45.660007,-81982.263671875,,0,0,101,0,922,16.35358,1109464,4.48577,1845,131.634765625,10.810038,28.921011
median,0,fragments,197.11625499999718,2923.9477879999968,-16784,1048576,,50572,0,62,46.061303,-68006.6787109375,,0,0,107,0,916,17.476074,1109484,4.609624,1850,135.0146484375,11.766318,28.202632
median,0,fragments,197.11625499999718,2971.0541469999966,-16784,1048576,,53160,0,63,47.106359,-69824.3720703125,,0,0,117,0,906,17.639454,1109504,4.541726,1833,136.54296875,11.897864,29.043118
median,0,fragments,197.11625499999718,3017.9802799999966,-16784,1048576,,68774,0,64,46.926133,-84532.16015625,,0,0,84,0,939,17.44586,1109564,4.479323,1852,138.6162109375,11.807407999999999,29.102594
median,0,fragments,197.11625499999718,3066.4212149999967,-16784,1048576,,70021,0,65,48.440935,-85892.173828125,,0,0,78,0,945,18.378801,1109672,4.432182,1899,138.3759765625,12.834302999999998,29.624702
median,0,fragments,197.11625499999718,3113.1362819999968,-16756,1048576,,55733,0,66,46.715067,-73145.3779296875,,0,0,96,0,927,17.096865,1109716,4.434279,1909,136.1337890625,11.489779,29.207936
median,0,fragments,197.11625499999718,3160.656085999997,-16756,1048576,,66596,0,67,47.519804,-83531.779296875,,0,0,92,0,931,16.970732,1109724,4.526253,1882,133.982421875,11.269394000000002,30.074026
median,0,fragments,197.11625499999718,3209.082204999997,-16754,1048576,,65226,0,68,48.426119,-81443.7685546875,,0,0,80,0,943,17.470663,1109744,4.366747,1876,134.9453125,11.978358999999998,30.417836
median,0,fragments,197.11625499999718,3255.496794999997,-16740,1048576,,66497,0,69,46.41459,-82234.013671875,,0,0,101,0,922,15.946872,1109772,2.860035,1869,133.755859375,11.935020000000002,30.059062
median,0,fragments,197.11625499999718,3304.5792609999967,-16740,1048576,,70941,0,70,49.082466,-86550.96875,,0,0,103,0,920,17.413571,1109784,4.499311,1829,139.685546875,11.754043,31.268436
median,0,fragments,197.11625499999718,3353.588282999997,-16740,1048576,,55334,0,71,49.009022,-71724.1943359375,,0,0,101,0,922,17.638353,1109844,4.487719,1864,145.892578125,11.988512999999998,30.975137
median,0,fragments,197.11625499999718,3403.662853999997,-16666,1048576,,60904,0,72,50.074571,-77126.5107421875,,0,0,102,0,921,18.280203,1109936,4.574468,1870,149.6513671875,12.441087,31.389062
median,0,fragments,197.11625499999718,3455.826589999997,-16666,1048576,,67668,0,73,52.163736,-82983.1611328125,,0,0,97,0,926,18.487298,1110120,4.629401,1871,159.322265625,12.667348,33.269258
median,0,fragments,197.11625499999718,3508.130773999997,-16666,1048576,,64873,0,74,52.304184,-80353.630859375,,0,0,92,0,931,17.718154,1110348,4.541875,1871,162.291015625,11.987829,34.178735
median,0,fragments,197.11625499999718,3559.488385999997,-16666,1048576,,74015,0,75,51.357612,-89095.689453125,,0,0,78,0,945,17.683222,1110436,4.543989,1922,165.619140625,12.003281000000001,33.271572
median,0,fragments,197.11625499999718,3616.888968999997,-16666,1048576,,67240,0,76,57.400583,-82709.9833984375,,0,0,91,0,932,19.094994,1110756,4.623559,1874,173.4912109375,13.285919,37.861239
median,0,fragments,197.11625499999718,3672.920725999997,-16500,1048576,,62096,0,77,56.031757,-77581.1201171875,,0,0,89,0,934,19.108763,1110900,4.651706,1884,172.0166015625,13.255877,36.424919
median,0,fragments,197.11625499999718,3728.1886659999973,-16500,1048576,,86430,0,78,55.26794,-100726.6318359375,,0,0,93,0,930,19.413325,1110980,4.699797,1898,168.20703125,13.496222000000001,35.33991
median,0,fragments,197.11625499999718,3782.3785749999975,-16500,1048576,,76385,0,79,54.189909,-91429.8701171875,,0,0,81,0,942,18.353466,1111028,4.655847,1903,166.890625,12.499677000000002,35.424344
median,0,fragments,197.11625499999718,3835.9752649999973,-16500,1048576,,64048,0,80,53.59669,-79454.3505859375,,0,0,97,0,926,17.987361,1111088,4.693297,1904,162.8564453125,12.138386,35.200044
median,0,fragments,197.11625499999718,3889.724158999997,-16461,1048576,,71793,0,81,53.748894,-86876.65234375,,0,0,103,0,920,18.861221,1111096,4.740183,1895,159.5224609375,12.909004,34.392078
median,0,fragments,197.11625499999718,3944.397586999997,-16461,1048576,,59987,0,82,54.673428,-75326.1044921875,,0,0,100,0,923,18.497245,1111116,4.857707,1870,156.1083984375,12.4146,35.732505
median,0,fragments,197.11625499999718,3997.744378999997,-16461,1048576,,57662,0,83,53.346792,-73489.912109375,,0,0,89,0,934,18.728546,1111144,4.849353,1888,156.0595703125,12.645107000000003,34.128449
median,0,fragments,197.11625499999718,4050.955373999997,-16461,1048576,,55713,0,84,53.210995,-71487.7119140625,,0,0,115,0,908,19.253819,1111172,4.913169,1883,157.6455078125,13.07827,33.450271
median,0,fragments,197.11625499999718,4104.717594999997,-16461,1048576,,65044,0,85,53.762221,-80389.4833984375,,0,0,83,0,940,18.158961,1111500,4.93458,1908,161.1611328125,12.086611000000001,35.207084
median,0,fragments,197.11625499999718,4159.0051909999975,-16454,1048576,,69922,0,86,54.287596,-84979.99609375,,0,0,94,0,929,18.328,1111592,5.182961,1885,166.40234375,12.015191999999999,35.480732
median,0,fragments,197.11625499999718,4216.248979999998,-16301,1048576,,58046,0,87,57.243789,-73630.658203125,,0,0,85,0,938,19.484062,1111676,5.012613,1855,177.69921875,13.221949000000002,37.353322
median,0,fragments,197.11625499999718,4274.263940999997,-16199,1048576,,69387,0,88,58.014961,-84531.3447265625,,0,0,88,0,935,20.15137,1111872,5.808824,1896,191.80078125,13.186344,37.461443
median,0,fragments,197.11625499999718,4335.601238999998,-16070,1048576,,65658,0,89,61.337298,-80856.373046875,,0,0,77,0,946,19.909758,1112380,5.800784,1917,206.13671875,12.938987000000001,41.00992
median,0,fragments,197.11625499999718,4402.161590999998,-16070,1048576,,71800,0,90,66.560352,-86623.0517578125,,0,0,91,0,932,22.065039,1113200,6.21266,1892,218.3388671875,14.571456999999997,44.0063
median,0,fragments,197.11625499999718,4473.164399999998,-16070,1048576,,65517,0,91,71.002809,-80015.3720703125,,0,0,89,0,934,22.08199,1114816,6.369613,1871,234.7119140625,14.351628,48.396651
median,0,fragments,197.11625499999718,4547.428270999998,-16070,1048576,,60064,0,92,74.263871,-75120.57421875,,0,0,88,0,935,24.791283,1119232,7.470689,1878,244.5732421875,15.925831999999998,49.062462
median,0,fragments,197.11625499999718,4620.790375999998,-16041,1048576,,63795,0,93,73.362105,-78793.7001953125,,0,0,88,0,935,24.521296,1126236,8.289294,1899,252.0849609375,14.921724000000001,48.434545
median,0,fragments,197.11625499999718,4694.9903589999985,-16035,1048576,,66174,0,94,74.199983,-81044.9052734375,,0,0,71,0,952,24.620234,1132536,8.816722,1932,255.6298828125,14.423459000000001,49.167047
median,0,fragments,197.11625499999718,4772.180447999998,-16035,1048576,,56909,0,95,77.190089,-71639.0517578125,,0,0,80,0,943,25.044308,1135700,9.063582,1935,256.2138671875,14.592277000000001,51.728399
median,0,fragments,197.11625499999718,4854.8012899999985,-16035,1048576,,69299,0,96,82.620842,-83536.7431640625,,0,0,77,0,946,28.26319,1142512,9.202224,1905,256.9287109375,17.616909000000003,53.923591
median,0,fragments,197.11625499999718,4934.889757999998,-16035,1048576,,57303,0,97,80.088468,-72055.56640625,,0,0,90,0,933,27.444614,1144220,9.132873,1898,257.84375,16.794644,52.196049
median,0,fragments,197.11625499999718,5015.022026999998,-15978,1048576,,67401,0,98,80.132269,-81561.54296875,,0,0,94,0,929,26.044377,1147936,8.497083,1936,260.677734375,16.088251,53.67245
median,0,fragments,197.11625499999718,5095.707084999998,-15978,1048576,,66739,0,99,80.685058,-80784.1103515625,,0,0,79,0,944,25.889453,1150584,8.238406,1957,259.7607421875,16.223188,54.368551
median,0,fragments,197.11625499999718,5179.2657979999985,-15978,1048576,,51207,0,100,83.558713,-65764.33203125,,0,0,80,0,943,26.579887,1153136,8.056109,1916,260.458984375,17.021554000000002,56.439024
median,0,fragments,197.11625499999718,5262.476937999999,-15782,1048576,,57898,0,101,83.21114,-72320.939453125,,0,0,79,0,944,26.048159,1154096,7.440061,1918,259.099609375,17.111506,56.709336
median,0,fragments,197.11625499999718,5344.468864999999,-15782,1048576,,66381,0,102,81.991927,-80471.4677734375,,0,0,79,0,944,25.994089,1155604,7.449243,1890,254.9599609375,17.053630999999996,55.534471
median,0,fragments,197.11625499999718,5423.530210999999,-15782,1048576,,61318,0,103,79.061346,-75536.13671875,,0,0,81,0,942,23.067494,1155976,6.568997,1886,248.6962890625,15.173741999999999,55.552761
median,0,fragments,197.11625499999718,5501.048483,-15782,1048576,,70183,0,104,77.518272,-84106.2841796875,,0,0,88,0,935,23.581109,1156856,6.543301,1933,251.0810546875,15.702208,53.459914
median,0,fragments,197.11625499999718,5581.241360999999,-15782,1048576,,65194,0,105,80.192878,-79191.1357421875,,0,0,91,0,932,23.971831,1157352,6.578855,1888,251.4619140625,16.045175,55.807367
median,0,fragments,197.11625499999718,5658.239519999999,-15782,1048576,,62517,0,106,76.998159,-76743.1083984375,,0,0,96,0,927,23.512294,1159684,6.592136,1868,251.326171875,15.565858,53.03105
median,0,fragments,197.11625499999718,5732.905758999999,-15778,1048576,,61437,0,107,74.666239,-75690.095703125,,0,0,103,0,920,22.291182,1159976,6.677449,1873,252.421875,14.358395,51.946724
median,0,fragments,197.11625499999718,5810.1467219999995,-15742,1048576,,54934,0,108,77.240963,-69233.53515625,,0,0,87,0,936,22.476126,1160620,6.597964,1876,252.5830078125,14.547173,54.286684
median,0,fragments,197.11625499999718,5885.416292,-15742,1048576,,68166,0,109,75.26957,-81955.71875,,0,0,101,0,922,23.002916,1161024,6.37117,1834,255.232421875,15.320889999999999,51.866443
median,0,fragments,197.11625499999718,5965.976033,-15730,1048576,,73724,0,110,80.559741,-87456.640625,,0,0,94,0,929,22.937199,1161696,7.236099,1849,259.1669921875,14.340409000000001,57.201986
median,0,fragments,197.11625499999718,6044.556781,-15412,1048576,,65686,0,111,78.580748,-79674.98828125,,0,0,108,0,915,25.027611,1161912,6.954381,1851,267.41015625,16.645202,53.110677
median,0,fragments,197.11625499999718,6127.415788,-15412,1048576,,50506,0,112,82.859007,-64871.1767578125,,0,0,108,0,915,24.745727,1163436,7.099545,1835,274.5146484375,16.211211999999996,57.689181
median,0,fragments,197.11625499999718,6212.496582000001,-15198,1048576,,68056,0,113,85.080794,-81746.4208984375,,0,0,109,0,914,25.666573,1167372,6.805868,1846,283.2841796875,17.286853999999998,58.921068
median,0,fragments,197.11625499999718,6296.871075000001,-15198,1048576,,62601,0,114,84.374493,-76512.99609375,,0,0,84,0,939,25.169578,1170552,7.224268,1871,287.6064453125,16.476773,58.608589
median,0,fragments,197.11625499999718,6381.259538000001,-15198,1048576,,72440,0,115,84.388463,-85902.1220703125,,0,0,96,0,927,24.359124,1172844,7.00909,1867,289.1630859375,15.897913000000003,59.60238
median,0,fragments,197.11625499999718,6463.394897000001,-15198,1048576,,64063,0,116,82.135359,-77877.8779296875,,0,0,115,0,908,24.53381,1173976,6.734915,1850,293.0751953125,16.394387000000002,57.188568
median,0,fragments,197.11625499999718,6547.096999000001,-15188,1048576,,51052,0,117,83.702102,-65200.28515625,,0,0,106,0,917,24.241332,1174732,6.71961,1847,293.9130859375,16.141101,59.047772
median,0,fragments,197.11625499999718,6630.438415000001,-15188,1048576,,52818,0,118,83.341416,-66893.6015625,,0,0,114,0,909,24.918025,1178236,7.183631,1865,296.162109375,16.35071,58.01146
median,0,fragments,197.11625499999718,6713.227425000002,-15083,1048576,,51479,0,119,82.78901,-65559.1728515625,,0,0,126,0,897,24.741556,1179868,7.659405,1876,295.642578125,15.700497999999998,57.631457
median,0,fragments,197.11625499999718,6798.615016000002,-15083,1048576,,64447,0,120,85.387591,-77918.291015625,,0,0,110,0,913,24.558983,1181312,7.232577,1867,290.3310546875,15.877109000000003,60.411741
median,0,fragments,197.11625499999718,6882.125298000002,-14799,1048576,,69696,0,121,83.510282,-83148.8037109375,,0,0,102,0,921,25.885982,1181716,7.539369,1888,287.64453125,16.907283,57.179494
median,0,fragments,197.11625499999718,6965.636735000002,-14799,1048576,,55657,0,122,83.511437,-69513.91015625,,0,0,113,0,910,24.514733,1183592,7.185137,1886,282.796875,15.905381,58.538707
median,0,fragments,197.11625499999718,7047.4028210000015,-14781,1048576,,76388,0,123,81.766086,-89274.48828125,,0,0,112,0,911,24.164595,1184320,7.513829,1871,278.119140625,15.297922999999999,57.135258
median,0,fragments,197.11625499999718,7129.526974000001,-14781,1048576,,69119,0,124,82.124153,-82297.974609375,,0,0,120,0,903,24.929741,1184760,7.226255,1847,275.904296875,16.286664000000002,56.761812
median,0,fragments,197.11625499999718,7210.790145000001,-14781,1048576,,51174,0,125,81.263171,-65071.6025390625,,0,0,104,0,919,24.732667,1186100,6.955629,1874,276.3408203125,16.448280999999998,56.124671
median,0,fragments,197.11625499999718,7290.801063000001,-14781,1048576,,53609,0,126,80.010918,-67492.5,,0,0,118,0,905,23.150065,1186800,7.07291,1825,274.0634765625,14.728163,56.428546
median,0,fragments,197.11625499999718,7370.943886000001,-14775,1048576,,38802,0,127,80.142823,-53208.017578125,,0,0,92,0,931,24.58229,1186996,8.090832,1856,275.3203125,15.128507000000003,55.115844
median,1,native,136.4118889999831,319.6678089999831,-31025,1048576,1234,275609,0,0,183.25592,-304667.439453125,0,0,0,126,0,,,,,,,,
median,1,native,136.4118889999831,495.5924479999831,-31025,1048576,1217,80690,0,1,175.924639,-118990.228515625,0,0,0,107,0,,,,,,,,
median,1,native,136.4118889999831,692.7366919999831,-31025,1048576,1190,20331,0,2,197.144244,-60157.109375,0,0,0,127,0,,,,,,,,
median,1,native,136.4118889999831,972.0339239999831,-31025,1048576,1219,17796,0,3,279.297232,-53960.2265625,2,0,0,125,0,,,,,,,,
median,1,native,136.4118889999831,1179.006226999983,-31025,1048576,1236,14205,0,4,206.972303,-50095.310546875,2,0,0,96,0,,,,,,,,
median,1,native,136.4118889999831,1389.981454999983,-28559,1048576,1220,18026,0,5,210.975228,-52289.51953125,2,0,0,127,0,,,,,,,,
median,1,native,136.4118889999831,1600.552784999983,-28559,1048576,1259,24628,0,6,210.57133,-57649.5556640625,0,0,0,98,0,,,,,,,,
median,1,native,136.4118889999831,1803.899420999983,-28559,1048576,1218,19145,0,7,203.346636,-52337.068359375,2,0,0,98,0,,,,,,,,
median,1,native,136.4118889999831,2005.538643999983,-28559,1048576,1221,25309,0,8,201.639223,-58741.1103515625,2,0,0,97,0,,,,,,,,
median,1,native,136.4118889999831,2199.278245999983,-28559,1048576,1230,34073,0,9,193.739602,-65759.298828125,2,0,0,116,0,,,,,,,,
median,1,native,136.4118889999831,2391.646737999983,-28559,1048576,1213,32531,0,10,192.368492,-65078.146484375,2,0,0,94,0,,,,,,,,
median,1,native,136.4118889999831,2592.3205559999833,-28559,1048576,1210,22949,0,11,200.673818,-54681.9052734375,8,0,0,121,0,,,,,,,,
median,1,native,136.4118889999831,2783.0134159999834,-28559,1048576,1249,16494,0,12,190.69286,-48188.244140625,6,0,0,88,0,,,,,,,,
median,1,native,136.4118889999831,2972.5892579999836,-28478,1048576,1217,26668,0,13,189.575842,-57733.6513671875,4,0,0,112,0,,,,,,,,
median,1,native,136.4118889999831,3160.5762379999837,-28478,1048576,1203,24884,0,14,187.98698,-56119.84765625,0,0,0,124,0,,,,,,,,
median,1,native,136.4118889999831,3354.9254289999835,-28478,1048576,1191,19683,0,15,194.349191,-50811.556640625,4,0,0,119,0,,,,,,,,
median,1,native,136.4118889999831,3554.0517999999834,-25782,1048576,1219,9609,0,16,199.126371,-41211.294921875,4,0,0,120,0,,,,,,,,
median,1,native,136.4118889999831,3764.470674999983,-25782,1048576,1261,29955,0,17,210.418875,-60467.634765625,4,0,0,88,0,,,,,,,,
median,1,native,136.4118889999831,3985.667887999983,-25782,1048576,1225,29212,0,18,221.197213,-58479.9130859375,10,0,0,105,0,,,,,,,,
median,1,native,136.4118889999831,4223.547424999983,-24925,1048576,1213,31778,0,19,237.879537,-60976.9150390625,0,0,0,95,0,,,,,,,,
median,1,native,136.4118889999831,4464.076574999984,-24925,1048576,1247,43415,0,20,240.52915,-70970.345703125,0,0,0,95,0,,,,,,,,
median,1,native,136.4118889999831,4714.004448999984,-24925,1048576,1241,55395,0,21,249.927874,-82351,6,0,0,84,0,,,,,,,,
median,1,native,136.4118889999831,4970.716153999983,-24925,1048576,1234,58012,0,22,256.711705,-84597.08984375,0,0,0,107,0,,,,,,,,
median,1,native,136.4118889999831,5234.912334999984,-24925,1048576,1248,51435,0,23,264.196181,-78289.490234375,0,0,0,73,0,,,,,,,,
median,1,native,136.4118889999831,5511.373578999984,-24897,1048576,1244,49360,0,24,276.461244,-76234.044921875,0,0,0,87,0,,,,,,,,
median,1,native,136.4118889999831,5784.779988999983,-24897,1048576,1257,47836,0,25,273.40641,-74606.1904296875,0,0,0,88,0,,,,,,,,
median,1,native,136.4118889999831,6060.208226999984,-24897,1048576,1258,61885,0,26,275.428238,-88111.046875,0,0,0,99,0,,,,,,,,
median,1,native,136.4118889999831,6347.536303999984,-24897,1048576,1239,44961,0,27,287.328077,-71638.4189453125,2,0,0,97,0,,,,,,,,
median,1,native,136.4118889999831,6625.697246999984,-24897,1048576,1231,49418,0,28,278.160943,-75774.6708984375,2,0,0,117,0,,,,,,,,
median,1,native,136.4118889999831,6901.059803999984,-24897,1048576,1248,41056,0,29,275.362557,-67666.126953125,6,0,0,104,0,,,,,,,,
median,1,native,136.4118889999831,7172.352698999984,-24897,1048576,1245,47005,0,30,271.292895,-73565.71484375,6,0,0,81,0,,,,,,,,
median,1,native,136.4118889999831,7460.901003999984,-24897,1048576,1247,30009,0,31,288.548305,-55931.3115234375,2,0,0,97,0,,,,,,,,
median,1,native,136.4118889999831,7737.1671139999835,-24897,1048576,1238,28237,0,32,276.26611,-53976.072265625,4,0,0,106,0,,,,,,,,
median,1,native,136.4118889999831,8011.845201999983,-17267,1048576,1195,35565,0,33,274.678088,-61413.7197265625,4,0,0,117,0,,,,,,,,
median,1,native,136.4118889999831,8291.093736999983,-17267,1048576,1203,33262,0,34,279.248535,-58330.0712890625,4,0,0,122,0,,,,,,,,
median,1,native,136.4118889999831,8572.419134999984,-17267,1048576,1233,33599,0,35,281.325398,-58344.5400390625,6,0,0,124,0,,,,,,,,
median,1,native,136.4118889999831,8849.558624999983,-17267,1048576,1231,25580,0,36,277.13949,-50487.98828125,4,0,0,114,0,,,,,,,,
median,1,native,136.4118889999831,9122.920226999984,-17267,1048576,1194,21815,0,37,273.361602,-47581.2958984375,4,0,0,136,0,,,,,,,,
median,1,native,136.4118889999831,9393.450847999984,-17267,1048576,1203,24096,0,38,270.530621,-49044.9794921875,2,0,0,140,0,,,,,,,,
median,1,native,136.4118889999831,9669.809969999984,-17267,1048576,1255,18716,0,39,276.359122,-43398.716796875,6,0,0,99,0,,,,,,,,
median,1,native,136.4118889999831,9942.182998999984,-17267,1048576,1220,23217,0,40,272.373029,-48177.1201171875,0,0,0,127,0,,,,,,,,
median,1,native,136.4118889999831,10229.926383999984,-17267,1048576,1204,27560,0,41,287.743385,-51268.57421875,2,0,0,121,0,,,,,,,,
median,1,native,136.4118889999831,10536.913254999983,-17267,1048576,1214,30240,0,42,306.986871,-52755.82421875,2,0,0,96,0,,,,,,,,
median,1,native,136.4118889999831,10865.081182999984,-17267,1048576,1205,39534,0,43,328.167928,-60535.0966796875,2,0,0,105,0,,,,,,,,
median,1,native,136.4118889999831,11200.629277999984,-17260,1048576,1202,37369,0,44,335.548095,-57210.0419921875,6,0,0,127,0,,,,,,,,
median,1,native,136.4118889999831,11553.599027999984,-17260,1048576,1203,30010,0,45,352.96975,-48909.111328125,2,0,0,118,0,,,,,,,,
median,1,native,136.4118889999831,11924.650260999984,-17260,1048576,1211,35072,0,46,371.051233,-53455.92578125,2,0,0,116,0,,,,,,,,
median,1,native,136.4118889999831,12314.817753999985,-17260,1048576,1226,33587,0,47,390.167493,-51278.4833984375,2,0,0,97,0,,,,,,,,
median,1,native,136.4118889999831,12714.688615999985,-17260,1048576,1168,33023,0,48,399.870862,-50340.7421875,2,0,0,131,0,,,,,,,,
median,1,native,136.4118889999831,13096.880783999984,-17260,1048576,1211,34050,0,49,382.192168,-51152.6220703125,6,0,0,119,0,,,,,,,,
median,1,native,136.4118889999831,13501.642945999985,-17260,1048576,1235,35103,0,50,404.762162,-54203.712890625,2,0,0,121,0,,,,,,,,
median,1,native,136.4118889999831,13897.777796999986,-17260,1048576,1216,37719,0,51,396.134851,-55196.640625,0,0,0,117,0,,,,,,,,
median,1,native,136.4118889999831,14324.428584999987,-17260,1048576,1228,32731,0,52,426.650788,-49672.0751953125,2,0,0,107,0,,,,,,,,
median,1,native,136.4118889999831,14752.082165999987,-17260,1048576,1214,35984,0,53,427.653581,-52989.0400390625,2,0,0,132,0,,,,,,,,
median,1,native,136.4118889999831,15206.645328999988,-17260,1048576,1195,35338,0,54,454.563163,-52382.673828125,6,0,0,131,0,,,,,,,,
median,1,native,136.4118889999831,15638.401643999989,-17260,1048576,1210,21806,0,55,431.756315,-39232.869140625,0,0,0,116,0,,,,,,,,
median,1,native,136.4118889999831,16099.148972999988,-17260,1048576,1258,26364,0,56,460.747329,-44372.3203125,0,0,0,87,0,,,,,,,,
median,1,native,136.4118889999831,16512.79031199999,-17260,1048576,1254,28029,0,57,413.641339,-45204.2587890625,2,0,0,82,0,,,,,,,,
median,1,native,136.4118889999831,16913.78566199999,-17260,1048576,1206,23712,0,58,400.99535,-41415.6513671875,0,0,0,113,0,,,,,,,,
median,1,native,136.4118889999831,17337.57744299999,-17260,1048576,1208,18721,0,59,423.791781,-35949.0361328125,0,0,0,100,0,,,,,,,,
median,1,native,136.4118889999831,17773.14685499999,-17260,1048576,1234,21272,0,60,435.569412,-38341.21875,0,0,0,84,0,,,,,,,,
median,1,native,136.4118889999831,18239.150433999992,-17260,1048576,1241,17349,0,61,466.003579,-34840.037109375,0,0,0,98,0,,,,,,,,
median,1,native,136.4118889999831,18706.679503999992,-17260,1048576,1228,13797,0,62,467.52907,-31240.787109375,0,0,0,93,0,,,,,,,,
median,1,native,136.4118889999831,19170.454261999992,-17260,1048576,1233,15052,0,63,463.774758,-32449.697265625,2,0,0,106,0,,,,,,,,
median,1,native,136.4118889999831,19625.547636999992,-17260,1048576,1215,20243,0,64,455.093375,-37660.8349609375,0,0,0,97,0,,,,,,,,
median,1,native,136.4118889999831,20101.136189999994,-17260,1048576,1243,20109,0,65,475.588553,-37234.916015625,0,0,0,81,0,,,,,,,,
median,1,native,136.4118889999831,20590.657952999994,-17260,1048576,1242,11967,0,66,489.521763,-29445.02734375,2,0,0,100,0,,,,,,,,
median,1,native,136.4118889999831,21187.366490999993,-17260,1048576,1205,20478,0,67,596.708538,-37612.4384765625,4,0,0,121,0,,,,,,,,
median,1,native,136.4118889999831,21685.057938999995,-17256,1048576,1215,16158,0,68,497.691448,-33491.1767578125,0,0,0,121,0,,,,,,,,
median,1,native,136.4118889999831,22224.658867999995,-17260,1048576,1230,24072,0,69,539.600929,-41666.0859375,2,0,0,119,0,,,,,,,,
median,1,native,136.4118889999831,22783.901440999995,-17260,1048576,1227,12148,0,70,559.242573,-29661.9130859375,2,0,0,110,0,,,,,,,,
median,1,native,136.4118889999831,23348.316878999995,-17260,1048576,1242,16131,0,71,564.415438,-34163.86328125,2,0,0,100,0,,,,,,,,
median,1,native,136.4118889999831,23909.915752999994,-17260,1048576,1218,10136,0,72,561.598874,-27658.48046875,0,0,0,104,0,,,,,,,,
median,1,native,136.4118889999831,24500.537472999993,-17260,1048576,1245,12079,0,73,590.62172,-29244.4384765625,2,0,0,106,0,,,,,,,,
median,1,native,136.4118889999831,25062.003354999993,-17260,1048576,1236,11175,0,74,561.465882,-29168.5,0,0,0,85,0,,,,,,,,
median,1,native,136.4118889999831,25655.858861999994,-17260,1048576,1222,11073,0,75,593.855507,-28388.818359375,0,0,0,115,0,,,,,,,,
median,1,native,136.4118889999831,26227.898049999993,-17260,1048576,1225,8146,0,76,572.039188,-25627.06640625,0,0,0,103,0,,,,,,,,
median,1,native,136.4118889999831,26821.53264099999,-17260,1048576,1188,11082,0,77,593.634591,-28269.76953125,2,0,0,139,0,,,,,,,,
median,1,native,136.4118889999831,27449.99897099999,-17260,1048576,1245,11615,0,78,628.46633,-28947.84765625,0,0,0,85,0,,,,,,,,
median,1,native,136.4118889999831,28073.07102899999,-17260,1048576,1211,14228,0,79,623.072058,-31232.802734375,2,0,0,122,0,,,,,,,,
median,1,native,136.4118889999831,28705.18002699999,-17260,1048576,1225,19240,0,80,632.108998,-36215.55078125,0,0,0,107,0,,,,,,,,
median,1,native,136.4118889999831,29355.06958899999,-17190,1048576,1204,9201,0,81,649.889562,-26907.8466796875,0,0,0,119,0,,,,,,,,
median,1,native,136.4118889999831,30008.481539999993,-17190,1048576,1243,7648,0,82,653.411951,-24817.8525390625,0,0,0,97,0,,,,,,,,
median,1,native,136.4118889999831,30645.632343999994,-17190,1048576,1213,9745,0,83,637.150804,-26878.7724609375,0,0,0,94,0,,,,,,,,
median,1,native,136.4118889999831,31282.146498999995,-17190,1048576,1206,7168,0,84,636.514155,-24471.5029296875,0,0,0,118,0,,,,,,,,
median,1,native,136.4118889999831,31928.016979999997,-17190,1048576,1226,9000,0,85,645.870481,-26162.8447265625,0,0,0,96,0,,,,,,,,
median,1,native,136.4118889999831,32572.978393999998,-17190,1048576,1214,6081,0,86,644.961414,-23394.970703125,4,0,0,105,0,,,,,,,,
median,1,native,136.4118889999831,33227.746720999996,-17190,1048576,1224,8114,0,87,654.768327,-25456.8994140625,6,0,0,116,0,,,,,,,,
median,1,native,136.4118889999831,33878.975098999996,-17096,1048576,1226,7479,0,88,651.228378,-25300.689453125,4,0,0,107,0,,,,,,,,
median,1,native,136.4118889999831,34527.149314999995,-17096,1048576,1223,11087,0,89,648.174216,-28135.3701171875,4,0,0,85,0,,,,,,,,
median,1,native,136.4118889999831,35161.352504999995,-17045,1048576,1224,7119,0,90,634.20319,-25311.33203125,2,0,0,114,0,,,,,,,,
median,1,native,136.4118889999831,35770.975684,-17183,1048576,1231,20736,0,91,609.623179,-38248.828125,4,0,0,106,0,,,,,,,,
median,1,native,136.4118889999831,36366.677315,-17183,1048576,1223,23415,0,92,595.701631,-40150.33203125,2,0,0,115,0,,,,,,,,
median,1,native,136.4118889999831,36960.748598,-17177,1048576,1228,18944,0,93,594.071283,-36136.43359375,0,0,0,108,0,,,,,,,,
median,1,native,136.4118889999831,37554.920174,-17097,1048576,1238,18797,0,94,594.171576,-36539.125,0,0,0,99,0,,,,,,,,
median,1,native,136.4118889999831,38136.49733,-17018,1048576,1222,19707,0,95,581.577156,-36834.703125,0,0,0,111,0,,,,,,,,
median,1,native,136.4118889999831,38734.063554,-17018,1048576,1213,18480,0,96,597.566224,-36328.6328125,0,0,0,121,0,,,,,,,,
median,1,native,136.4118889999831,39342.874308,-17018,1048576,1188,26039,0,97,608.810754,-42927.9501953125,0,0,0,130,0,,,,,,,,
median,1,native,136.4118889999831,39954.108525999996,-17009,1048576,1216,12765,0,98,611.234218,-30161.763671875,0,0,0,119,0,,,,,,,,
median,1,native,136.4118889999831,40547.58829299999,-16871,1048576,1195,22186,0,99,593.479767,-39640.8076171875,0,0,0,133,0,,,,,,,,
median,1,native,136.4118889999831,41146.708137999995,-16871,1048576,1223,23901,0,100,599.119845,-40926.4296875,0,0,0,118,0,,,,,,,,
median,1,native,136.4118889999831,41766.93584299999,-16871,1048576,1236,30382,0,101,620.227705,-47104.427734375,0,0,0,105,0,,,,,,,,
median,1,native,136.4118889999831,42401.38902499999,-16871,1048576,1203,20100,0,102,634.453182,-37303.3564453125,0,0,0,110,0,,,,,,,,
median,1,native,136.4118889999831,43064.67028099999,-16771,1048576,1145,22701,0,103,663.281256,-39468.8095703125,0,0,0,145,0,,,,,,,,
median,1,native,136.4118889999831,43763.73850899999,-16740,1048576,1240,26057,0,104,699.068228,-42585.416015625,0,0,0,92,0,,,,,,,,
median,1,native,136.4118889999831,44509.64077099999,-16740,1048576,1228,20827,0,105,745.902262,-37735.646484375,0,0,0,99,0,,,,,,,,
median,1,native,136.4118889999831,45249.600071999994,-16740,1048576,1223,23114,0,106,739.959301,-39819.5703125,4,0,0,84,0,,,,,,,,
median,1,native,136.4118889999831,46019.36695999999,-16740,1048576,1229,27139,0,107,769.766888,-43506.47265625,0,0,0,102,0,,,,,,,,
median,1,native,136.4118889999831,46814.273194999994,-16595,1048576,1208,33654,0,108,794.906235,-50011.54296875,0,0,0,123,0,,,,,,,,
median,1,native,136.4118889999831,47634.219451,-16595,1048576,1260,25860,0,109,819.946256,-42376.2646484375,2,0,0,104,0,,,,,,,,
median,1,native,136.4118889999831,48435.272256,-16595,1048576,1216,20990,0,110,801.052805,-37998.927734375,2,0,0,117,0,,,,,,,,
median,1,native,136.4118889999831,49233.163634,-16595,1048576,1203,33973,0,111,797.891378,-50490.140625,0,0,0,129,0,,,,,,,,
median,1,native,136.4118889999831,50022.931848,-16595,1048576,1218,30357,0,112,789.768214,-46609.38671875,0,0,0,86,0,,,,,,,,
median,1,native,136.4118889999831,50799.729279,-16595,1048576,1215,30711,0,113,776.797431,-46900.0771484375,2,0,0,105,0,,,,,,,,
median,1,native,136.4118889999831,51523.487871,-16595,1048576,1191,34919,0,114,723.758592,-50994.857421875,6,0,0,109,0,,,,,,,,
median,1,native,136.4118889999831,52241.858487,-16592,1048576,1255,25017,0,115,718.370616,-41410.1337890625,2,0,0,83,0,,,,,,,,
median,1,native,136.4118889999831,52886.841973999995,-16541,1048576,1208,35184,0,116,644.983487,-51045.455078125,10,0,0,129,0,,,,,,,,
median,1,native,136.4118889999831,53536.016790999995,-16489,1048576,1207,29825,0,117,649.174817,-45984.748046875,4,0,0,113,0,,,,,,,,
median,1,native,136.4118889999831,54187.12818099999,-16489,1048576,1245,36974,0,118,651.11139,-53056.4404296875,8,0,0,104,0,,,,,,,,
median,1,native,136.4118889999831,54846.00614199999,-16489,1048576,1213,29877,0,119,658.877961,-46254.716796875,2,0,0,105,0,,,,,,,,
median,1,native,136.4118889999831,55485.159177999994,-16183,1048576,1236,27858,0,120,639.153036,-44175.3154296875,2,0,0,109,0,,,,,,,,
median,1,native,136.4118889999831,56141.357797,-16182,1048576,1235,34812,0,121,656.198619,-50649.6396484375,2,0,0,98,0,,,,,,,,
median,1,native,136.4118889999831,56863.191532,-16182,1048576,1215,27069,0,122,721.833735,-43724.76953125,2,0,0,101,0,,,,,,,,
median,1,native,136.4118889999831,57578.453439,-16182,1048576,1228,31076,0,123,715.261907,-47114.28125,0,0,0,96,0,,,,,,,,
median,1,native,136.4118889999831,58335.528987,-16182,1048576,1236,34012,0,124,757.075548,-50175.5830078125,0,0,0,114,0,,,,,,,,
median,1,native,136.4118889999831,59215.420566,-16120,1048576,1218,24699,0,125,879.891579,-40831.619140625,2,0,0,111,0,,,,,,,,
median,1,native,136.4118889999831,60176.892528000004,-16120,1048576,1219,27246,0,126,961.471962,-43255.31640625,0,0,0,116,0,,,,,,,,
median,1,native,136.4118889999831,61075.089246,-16120,1048576,1216,15741,0,127,898.196718,-32110.3154296875,0,0,0,113,0,,,,,,,,
median,1,fragments,194.7600599999978,227.8610839999978,-31025,1048576,,275609,0,0,33.101024,-304667.439453125,,0,0,135,0,888,14.301006,1010444,3.532393,2350,64.66015625,9.781082999999999,18.030495
median,1,fragments,194.7600599999978,252.5245999999978,-30492,1048576,,86405,0,1,24.663516,-123979.2900390625,,0,0,203,0,820,11.226945,1011488,2.514384,2073,60.6806640625,7.909099,13.033399
median,1,fragments,194.7600599999978,276.6445159999978,-30492,1048576,,22565,0,2,24.119916,-60601.42578125,,0,0,230,0,793,11.161185,1012184,2.527271,1918,72.244140625,7.840313,12.610255
median,1,fragments,194.7600599999978,302.7389879999978,-30492,1048576,,23386,0,3,26.094472,-61452.240234375,,0,0,244,0,779,12.176584,1012820,2.504079,1823,78.74609375,8.848599,13.58529
median,1,fragments,194.7600599999978,330.8921929999978,-30492,1048576,,19831,0,4,28.153205,-54110.28125,,0,0,248,0,775,12.314887,1013376,2.523055,1787,80.767578125,8.937303,15.503714
median,1,fragments,194.7600599999978,359.61721299999783,-30492,1048576,,23028,0,5,28.72502,-57283.2568359375,,0,0,213,0,810,12.808297,1013996,2.523321,1813,83.3818359375,9.438852999999998,15.548783
median,1,fragments,194.7600599999978,390.24597199999783,-30492,1048576,,35485,0,6,30.628759,-67796.5654296875,,0,0,180,0,843,13.146341,1014528,2.615441,1840,85.8017578125,9.683986999999998,17.136594
median,1,fragments,194.7600599999978,421.92162399999785,-30492,1048576,,28488,0,7,31.675652,-60788.017578125,,0,0,151,0,872,13.275256,1014972,2.585443,1839,88.234375,9.786786,18.050603
median,1,fragments,194.7600599999978,452.4986799999979,-30492,1048576,,42551,0,8,30.577056,-74323.2197265625,,0,0,211,0,812,13.402029,1015312,2.56272,1803,86.84765625,9.948966000000002,16.813149
median,1,fragments,194.7600599999978,482.74704099999786,-30492,1048576,,28249,0,9,30.248361,-60397.08984375,,0,0,142,0,881,12.798909,1015584,2.592346,1841,84.7841796875,9.349982,17.1077
median,1,fragments,194.7600599999978,513.9207219999979,-30492,1048576,,35222,0,10,31.173681,-67431.474609375,,0,0,198,0,825,12.609715,1015708,2.549975,1777,84.8544921875,9.205103000000001,18.203003
median,1,fragments,194.7600599999978,545.8192689999979,-27487,1048576,,23445,0,11,31.898547,-54453.70703125,,0,0,172,0,851,13.043026,1015880,2.546873,1754,89.0830078125,9.619542999999998,18.441832
median,1,fragments,194.7600599999978,578.1200229999979,-27487,1048576,,22432,0,12,32.300754,-54727.3125,,0,0,145,0,878,12.884833,1016744,2.567044,1769,93.0791015625,9.449755,19.04618
median,1,fragments,194.7600599999978,610.8736709999979,-27487,1048576,,12261,0,13,32.753648,-43329.5439453125,,0,0,149,0,874,12.955522,1017324,2.533723,1777,98.8525390625,9.525112,19.426666
median,1,fragments,194.7600599999978,645.408728999998,-27487,1048576,,10180,0,14,34.535058,-41378.6650390625,,0,0,155,0,868,13.251859,1019184,2.546968,1814,105.5341796875,9.819785999999999,20.918438
median,1,fragments,194.7600599999978,681.8482739999979,-27487,1048576,,16354,0,15,36.439545,-48307.22265625,,0,0,149,0,874,14.202386,1019996,2.603483,1879,109.865234375,10.643504,21.85183
median,1,fragments,194.7600599999978,719.2213609999978,-27487,1048576,,19960,0,16,37.373087,-50366.5830078125,,0,0,116,0,907,14.330096,1022496,2.58582,1937,113.0498046875,10.842728000000001,22.644657
median,1,fragments,194.7600599999978,758.2407929999979,-26069,1048576,,23517,0,17,39.019432,-53680.6640625,,0,0,128,0,895,14.491589,1026444,2.563543,1950,113.9716796875,11.001033999999999,24.141431
median,1,fragments,194.7600599999978,797.3191709999979,-26069,1048576,,21898,0,18,39.078378,-52243.53125,,0,0,133,0,890,14.151673,1027956,2.58782,1923,113.8173828125,10.639218000000001,24.516637
median,1,fragments,194.7600599999978,836.3896009999979,-26069,1048576,,23391,0,19,39.07043,-53077.306640625,,0,0,102,0,921,14.680406,1029144,2.504855,1960,111.41015625,11.236809,23.951619
median,1,fragments,194.7600599999978,874.680245999998,-26069,1048576,,27517,0,20,38.290645,-58738.44921875,,0,0,125,0,898,13.896928,1030172,2.589178,1947,106.8408203125,10.413073,23.998999
median,1,fragments,194.7600599999978,913.3724869999979,-26069,1048576,,37020,0,21,38.692241,-66400.4296875,,0,0,116,0,907,13.901138,1031404,2.589838,1915,107.1982421875,10.399825,24.383233
median,1,fragments,194.7600599999978,951.566675999998,-26069,1048576,,42384,0,22,38.194189,-71270.4814453125,,0,0,104,0,919,14.27129,1032480,2.589071,1921,104.072265625,10.788571000000001,23.52789
median,1,fragments,194.7600599999978,989.850224999998,-25397,1048576,,36558,0,23,38.283549,-64871.25,,0,0,108,0,915,14.169557,1032720,2.593891,1906,100.8466796875,10.692077000000001,23.720296
median,1,fragments,194.7600599999978,1027.696570999998,-25397,1048576,,41454,0,24,37.846346,-69020.3564453125,,0,0,96,0,927,13.920598,1033032,2.566431,1879,95.865234375,10.415264,23.53989
median,1,fragments,194.7600599999978,1064.913001999998,-25397,1048576,,47742,0,25,37.216431,-74671.333984375,,0,0,88,0,935,13.898963,1033364,2.592084,1906,94.232421875,10.416111,22.930301
median,1,fragments,194.7600599999978,1103.264604999998,-25397,1048576,,55661,0,26,38.351603,-82545.251953125,,0,0,101,0,922,15.620268,1033424,2.573278,1870,99.3095703125,11.943659,22.344677
median,1,fragments,194.7600599999978,1139.889059999998,-25397,1048576,,42501,0,27,36.624455,-69215.73046875,,0,0,107,0,916,14.343701,1033472,2.626134,1867,98.1064453125,10.680187,21.840331
median,1,fragments,194.7600599999978,1183.224536999998,-25397,1048576,,59879,0,28,43.335477,-85612.1396484375,,0,0,112,0,911,15.331362,1033612,2.604891,1884,96.2001953125,11.785603000000002,27.588181
median,1,fragments,194.7600599999978,1222.769511999998,-25397,1048576,,50785,0,29,39.544975,-77522.38671875,,0,0,108,0,915,15.604769,1033732,2.594643,1902,99.8896484375,11.923939,23.547996
median,1,fragments,194.7600599999978,1260.092596999998,-25397,1048576,,64758,0,30,37.323085,-89981.5224609375,,0,0,92,0,931,14.275133,1033928,2.575,1907,100.740234375,10.826591,22.5246
median,1,fragments,194.7600599999978,1300.1258359999981,-25319,1048576,,58395,0,31,40.033239,-83698.0927734375,,0,0,89,0,934,14.122912,1034032,2.617099,1895,100.615234375,10.63072,25.481813
median,1,fragments,194.7600599999978,1341.9552359999982,-25319,1048576,,55109,0,32,41.8294,-80794.1171875,,0,0,98,0,925,14.653697,1034388,2.607435,1900,100.271484375,11.141759,26.743777
median,1,fragments,194.7600599999978,1377.8285239999982,-25319,1048576,,52006,0,33,35.873288,-77510.146484375,,0,0,102,0,921,13.95752,1034444,2.614234,1909,99.55078125,10.462885,21.463507
median,1,fragments,194.7600599999978,1413.457339999998,-25319,1048576,,49194,0,34,35.628816,-74732.103515625,,0,0,96,0,927,13.212208,1034512,2.605086,1901,101.2412109375,9.716623000000002,21.984643
median,1,fragments,194.7600599999978,1449.724774999998,-25319,1048576,,54810,0,35,36.267435,-79859.435546875,,0,0,98,0,925,14.085752,1034556,2.602128,1898,98.998046875,10.58537,21.794438
median,1,fragments,194.7600599999978,1484.431488999998,-25319,1048576,,52577,0,36,34.706714,-77780.64453125,,0,0,99,0,924,13.299923,1034576,2.61687,1890,98.3701171875,9.813372,21.026208
median,1,fragments,194.7600599999978,1519.204491999998,-23990,1048576,,43661,0,37,34.773003,-70570.505859375,,0,0,93,0,930,13.474864,1034600,2.634615,1937,96.8203125,9.935576000000001,20.912564
median,1,fragments,194.7600599999978,1555.472720999998,-23990,1048576,,36305,0,38,36.268229,-62605.056640625,,0,0,97,0,926,14.138066,1034808,2.675935,1902,95.359375,10.561525,21.745822
median,1,fragments,194.7600599999978,1590.573054999998,-23990,1048576,,51140,0,39,35.100334,-77072.779296875,,0,0,94,0,929,13.962964,1035132,2.637563,1885,94.0732421875,10.390913999999999,20.749988
median,1,fragments,194.7600599999978,1624.473395999998,-23990,1048576,,57355,0,40,33.900341,-82481.552734375,,0,0,102,0,921,13.163804,1035460,2.606914,1897,89.2880859375,9.695334000000003,20.305285
median,1,fragments,194.7600599999978,1658.771667999998,-23990,1048576,,45964,0,41,34.298272,-71647.373046875,,0,0,113,0,910,13.011476,1035652,2.614501,1904,91.203125,9.541039000000001,20.910994
median,1,fragments,194.7600599999978,1693.218071999998,-23990,1048576,,45696,0,42,34.446404,-71444.466796875,,0,0,99,0,924,13.627202,1035708,2.569812,1912,90.8876953125,10.200479,20.440292
median,1,fragments,194.7600599999978,1726.682042999998,-23987,1048576,,53557,0,43,33.463971,-79007.998046875,,0,0,93,0,930,13.457036,1035724,2.591419,1904,89.3486328125,10.002116000000001,19.629236
median,1,fragments,194.7600599999978,1759.711720999998,-23976,1048576,,55590,0,44,33.029678,-80506.291015625,,0,0,110,0,913,12.78563,1035736,2.614191,1909,88.1435546875,9.288694,19.881961
median,1,fragments,194.7600599999978,1793.326361999998,-23976,1048576,,57448,0,45,33.614641,-82332.603515625,,0,0,97,0,926,12.909014,1035748,2.658932,1882,90.5244140625,9.371841000000002,20.335094
median,1,fragments,194.7600599999978,1827.200560999998,-23206,1048576,,57657,0,46,33.874199,-82305.9169921875,,0,0,116,0,907,12.757176,1035752,2.630944,1862,91.7021484375,9.274222,20.746444
median,1,fragments,194.7600599999978,1861.153101999998,-23206,1048576,,52943,0,47,33.952541,-77866.9287109375,,0,0,121,0,902,13.048783,1035752,2.669522,1892,92.9853515625,9.522364,20.507315
median,1,fragments,194.7600599999978,1895.300720999998,-23206,1048576,,57513,0,48,34.147619,-81884.3134765625,,0,0,110,0,913,13.27188,1035812,2.612045,1895,97.7529296875,9.748656,20.52252
median,1,fragments,194.7600599999978,1930.761649999998,-23206,1048576,,50649,0,49,35.460929,-75192.255859375,,0,0,96,0,927,13.295547,1035820,2.621479,1878,101.3427734375,9.807688999999998,21.808697
median,1,fragments,194.7600599999978,1965.840099999998,-23206,1048576,,48203,0,50,35.07845,-72523.0107421875,,0,0,106,0,917,13.481768,1035896,2.674817,1888,103.5693359375,9.913980000000002,21.22071
median,1,fragments,194.7600599999978,2002.2524359999982,-23206,1048576,,60425,0,51,36.412336,-83949.037109375,,0,0,99,0,924,13.487633,1035916,2.629741,1879,105.4873046875,9.981004,22.540365
median,1,fragments,194.7600599999978,2039.577035999998,-23206,1048576,,68429,0,52,37.3246,-91441.3984375,,0,0,96,0,927,13.747275,1036076,2.691991,1878,104.806640625,10.174928000000001,23.200204
median,1,fragments,194.7600599999978,2076.0228789999983,-23206,1048576,,53677,0,53,36.445843,-76965.1650390625,,0,0,112,0,911,14.245455,1036444,2.715618,1876,107.61328125,10.64662,21.807576
median,1,fragments,194.7600599999978,2113.731169999998,-23206,1048576,,61578,0,54,37.708291,-84507.11328125,,0,0,103,0,920,13.788296,1036584,2.738307,1871,109.541015625,10.133679,23.451229
median,1,fragments,194.7600599999978,2152.575671999998,-23206,1048576,,49131,0,55,38.844502,-72703.92578125,,0,0,96,0,927,14.548368,1036740,2.732173,1872,110.8798828125,10.803707,23.912363
median,1,fragments,194.7600599999978,2192.411917999998,-23131,1048576,,44484,0,56,39.836246,-68108.50390625,,0,0,97,0,926,14.167706,1036888,2.722213,1881,110.6689453125,10.500893000000001,25.289127
median,1,fragments,194.7600599999978,2232.177714999998,-23131,1048576,,68412,0,57,39.765797,-90939.9169921875,,0,0,108,0,915,14.325719,1037172,2.674606,1862,114.5244140625,10.690045999999999,25.047761
median,1,fragments,194.7600599999978,2271.842175999998,-23131,1048576,,53161,0,58,39.664461,-76024.5205078125,,0,0,109,0,914,14.585768,1037664,2.725674,1832,117.0302734375,10.950792,24.68299
median,1,fragments,194.7600599999978,2312.099074999998,-21072,1048576,,51967,0,59,40.256899,-74587.330078125,,0,0,113,0,910,14.061128,1038352,2.776898,1830,120.96875,10.353889,25.799119
median,1,fragments,194.7600599999978,2351.617957999998,-20879,1048576,,45443,0,60,39.518883,-68261.5771484375,,0,0,89,0,934,14.171636,1038652,2.802866,1897,124.01171875,10.412026999999998,24.948991
median,1,fragments,194.7600599999978,2394.130934999998,-20879,1048576,,59716,0,61,42.512977,-81838.693359375,,0,0,99,0,924,14.512424,1039224,2.784793,1877,124.892578125,10.681284999999999,27.55399
median,1,fragments,194.7600599999978,2436.291401999998,-20879,1048576,,45664,0,62,42.160467,-68400.9501953125,,0,0,97,0,926,15.54184,1039776,2.868252,1892,127.8154296875,11.495511,26.219702
median,1,fragments,194.7600599999978,2479.560316999998,-20879,1048576,,45254,0,63,43.268915,-68042.365234375,,0,0,89,0,934,15.696632,1040972,2.883895,1904,128.0703125,11.615209999999998,27.188456
median,1,fragments,194.7600599999978,2522.455384999998,-20879,1048576,,52050,0,64,42.895068,-74485.7294921875,,0,0,98,0,925,14.583552,1042444,2.893543,1891,126.6064453125,10.66781,27.903209
median,1,fragments,194.7600599999978,2565.640070999998,-20879,1048576,,38681,0,65,43.184686,-61635.767578125,,0,0,88,0,935,15.400675,1042932,2.888681,1887,125.701171875,11.480736,27.386806
median,1,fragments,194.7600599999978,2607.676471999998,-20879,1048576,,44611,0,66,42.036401,-67097.2177734375,,0,0,104,0,919,14.850374,1043176,2.954323,1899,121.75,10.85633,26.697081
median,1,fragments,194.7600599999978,2650.1243119999976,-20879,1048576,,54511,0,67,42.44784,-76491.5947265625,,0,0,86,0,937,14.626298,1043364,2.945449,1886,117.0380859375,10.753705,27.4365
median,1,fragments,194.7600599999978,2690.447418999998,-20879,1048576,,43025,0,68,40.323107,-65408.9296875,,0,0,103,0,920,14.307507,1043500,2.954144,1915,114.0166015625,10.43253,25.569
median,1,fragments,194.7600599999978,2731.111353999998,-20063,1048576,,46503,0,69,40.663935,-68735.640625,,0,0,119,0,904,14.607239,1043760,2.98874,1879,112.669921875,10.629342000000001,25.577136
median,1,fragments,194.7600599999978,2776.143032999998,-20063,1048576,,44658,0,70,45.031679,-66875.939453125,,0,0,117,0,906,18.937484,1043872,7.045459,1894,113.154296875,10.922917000000002,25.696139
median,1,fragments,194.7600599999978,2821.419090999998,-19564,1048576,,46222,0,71,45.276058,-68061.6884765625,,0,0,87,0,936,16.836454,1043944,4.576946,1899,113.6591796875,11.36712,28.056423
median,1,fragments,194.7600599999978,2864.976332999998,-19176,1048576,,56067,0,72,43.557242,-77389.650390625,,0,0,90,0,933,17.086743,1043944,4.565293,1926,113.9072265625,11.528296999999998,25.985466
median,1,fragments,194.7600599999978,2907.256767999998,-19176,1048576,,49704,0,73,42.280435,-70926.0849609375,,0,0,106,0,917,16.354717,1043956,4.513131,1885,116.232421875,10.927924,25.45233
median,1,fragments,194.7600599999978,2948.923754999998,-19176,1048576,,42061,0,74,41.666987,-63462.1962890625,,0,0,110,0,913,16.240394,1043964,4.585438,1872,120.4580078125,10.718162,25.029083
median,1,fragments,194.7600599999978,2992.023159999998,-19176,1048576,,46908,0,75,43.099405,-67930.455078125,,0,0,94,0,929,16.130699,1044052,4.594589,1915,121.052734375,10.574482,26.57492
median,1,fragments,194.7600599999978,3036.219686999998,-19176,1048576,,55429,0,76,44.196527,-76168.6240234375,,0,0,96,0,927,15.951609,1044212,3.031474,1920,121.0927734375,11.98563,27.851278
median,1,fragments,194.7600599999978,3080.606395999998,-18806,1048576,,47347,0,77,44.386709,-68291.2080078125,,0,0,116,0,907,17.386024,1044368,4.46015,1879,123.22265625,11.909325999999998,26.472151
median,1,fragments,194.7600599999978,3121.002416999998,-18806,1048576,,41010,0,78,40.396021,-61861.7490234375,,0,0,112,0,911,15.033733,1044380,3.039255,1889,124.4482421875,10.949758,24.973697
median,1,fragments,194.7600599999978,3162.1208759999977,-18806,1048576,,37957,0,79,41.118459,-59063.7734375,,0,0,101,0,922,14.910334,1044488,3.01636,1911,129.521484375,10.867068,25.820964
median,1,fragments,194.7600599999978,3207.2072189999976,-18806,1048576,,38336,0,80,45.086343,-59428.166015625,,0,0,88,0,935,16.014537,1047200,3.03016,1883,130.583984375,11.899357,28.666527
median,1,fragments,194.7600599999978,3252.5439989999977,-18469,1048576,,50175,0,81,45.33678,-70333.052734375,,0,0,119,0,904,17.84338,1047684,4.605923,1865,129.0810546875,12.101233,27.055875
median,1,fragments,194.7600599999978,3296.7960069999976,-17776,1048576,,43596,0,82,44.252008,-64088.9052734375,,0,0,101,0,922,16.668777,1047812,4.470595,1881,131.5458984375,11.182419,27.18865
median,1,fragments,194.7600599999978,3343.4881339999974,-17776,1048576,,42564,0,83,46.692127,-62964.9716796875,,0,0,107,0,916,17.219062,1048532,4.637216,1894,132.1787109375,11.492669000000001,29.100378
median,1,fragments,194.7600599999978,3392.4633469999976,-17088,1048576,,42616,0,84,48.975213,-62573.716796875,,0,0,95,0,928,18.155372,1049952,4.647609,1900,132.2392578125,12.304848,30.393129
median,1,fragments,194.7600599999978,3440.4615769999978,-17088,1048576,,49061,0,85,47.99823,-68728.2685546875,,0,0,97,0,926,18.140329,1050236,4.546306,1912,131.6748046875,12.497416000000001,29.452973
median,1,fragments,194.7600599999978,3486.8352859999977,-17088,1048576,,47963,0,86,46.373709,-67770.1376953125,,0,0,91,0,932,17.784213,1050704,4.573268,1911,132.46875,12.114952,28.191977
median,1,fragments,194.7600599999978,3533.0520059999976,-17088,1048576,,45460,0,87,46.21672,-65023.005859375,,0,0,88,0,935,17.15977,1051196,4.479545,1915,132.4794921875,11.560346000000003,28.64952
median,1,fragments,194.7600599999978,3578.4105999999974,-17088,1048576,,44187,0,88,45.358594,-63569.828125,,0,0,106,0,917,17.119483,1051596,4.608219,1899,134.0341796875,11.409063999999999,27.847084
median,1,fragments,194.7600599999978,3625.8212429999976,-17088,1048576,,39381,0,89,47.410643,-59581.1435546875,,0,0,98,0,925,17.010917,1051976,4.587082,1877,133.515625,11.359181,29.965654
median,1,fragments,194.7600599999978,3673.2991599999978,-17088,1048576,,36076,0,90,47.477917,-55486.8251953125,,0,0,94,0,929,17.676012,1052180,4.58014,1887,133.8935546875,12.021953,29.411191
median,1,fragments,194.7600599999978,3720.4831189999977,-17088,1048576,,32588,0,91,47.183959,-52249.9677734375,,0,0,98,0,925,17.015301,1052700,4.691225,1903,137.54296875,11.227058000000001,29.784661
median,1,fragments,194.7600599999978,3768.683518999998,-16943,1048576,,43709,0,92,48.2004,-62833.2119140625,,0,0,111,0,912,18.122201,1053552,4.708679,1868,140.705078125,12.330648,29.673065
median,1,fragments,194.7600599999978,3817.505315999998,-16943,1048576,,38268,0,93,48.821797,-57231.4638671875,,0,0,99,0,924,17.26532,1054036,4.647837,1851,145.73828125,11.538693,31.165265
median,1,fragments,194.7600599999978,3865.565522999998,-16135,1048576,,43061,0,94,48.060207,-61661.5634765625,,0,0,87,0,936,17.44719,1056668,4.557371,1900,150.23828125,11.778883,30.215931
median,1,fragments,194.7600599999978,3915.954393999998,-16135,1048576,,33580,0,95,50.388871,-52468.201171875,,0,0,115,0,908,17.926867,1058500,4.74587,1892,153.388671875,12.072168000000001,32.055502
median,1,fragments,194.7600599999978,3968.686186999998,-16135,1048576,,42513,0,96,52.731793,-60665.7919921875,,0,0,90,0,933,18.004225,1060504,4.705399,1882,154.203125,12.138177000000002,34.318421
median,1,fragments,194.7600599999978,4021.752397999998,-16135,1048576,,42082,0,97,53.066211,-60292.81640625,,0,0,106,0,917,18.347164,1062948,4.719128,1864,153.8857421875,12.50899,34.313524
median,1,fragments,194.7600599999978,4075.7579559999976,-16135,1048576,,41320,0,98,54.005558,-59417.3115234375,,0,0,100,0,923,18.165898,1065168,4.857377,1840,153.255859375,12.191704999999999,35.359242
median,1,fragments,194.7600599999978,4127.425493999997,-16135,1048576,,35940,0,99,51.667538,-54187.6865234375,,0,0,94,0,929,18.103403,1066288,4.956943,1866,154.8037109375,11.973503999999998,33.163156
median,1,fragments,194.7600599999978,4181.280813999997,-16040,1048576,,35705,0,100,53.85532,-53981.1591796875,,0,0,88,0,935,18.008236,1067652,5.043369,1879,153.98828125,11.823795,35.455705
median,1,fragments,194.7600599999978,4236.336888999997,-16040,1048576,,39436,0,101,55.056075,-57532.2744140625,,0,0,104,0,919,18.816437,1070052,5.028727,1873,155.349609375,12.657966,35.789002
median,1,fragments,194.7600599999978,4290.0472489999975,-16040,1048576,,47668,0,102,53.71036,-65387.3095703125,,0,0,82,0,941,18.895379,1071888,5.152881,1877,156.6865234375,12.599167999999999,34.417297
median,1,fragments,194.7600599999978,4344.209858999998,-15800,1048576,,34381,0,103,54.16261,-52621.99609375,,0,0,105,0,918,18.563803,1072384,5.050552,1864,157.396484375,12.387512999999998,35.155735
median,1,fragments,194.7600599999978,4399.143059999998,-15800,1048576,,26381,0,104,54.933201,-44575.1015625,,0,0,102,0,921,18.770221,1073320,5.02928,1876,159.0576171875,12.631892999999998,35.761955
median,1,fragments,194.7600599999978,4453.167266999998,-15800,1048576,,37205,0,105,54.024207,-54949.9150390625,,0,0,107,0,916,19.280968,1073480,5.276891,1884,160.12890625,12.829853000000002,34.340658
median,1,fragments,194.7600599999978,4507.897771999998,-15554,1048576,,33097,0,106,54.730505,-51012.6123046875,,0,0,88,0,935,18.621539,1074396,5.032519,1874,166.7001953125,12.430217999999998,35.713847
median,1,fragments,194.7600599999978,4562.886072999999,-15554,1048576,,41336,0,107,54.988301,-58431.8310546875,,0,0,83,0,940,18.563447,1077360,5.041923,1896,171.900390625,12.386705,36.002292
median,1,fragments,194.7600599999978,4622.122581999999,-15554,1048576,,37737,0,108,59.236509,-54961.7578125,,0,0,93,0,930,19.746807,1079412,5.22663,1887,174.1943359375,13.173343,39.08001
median,1,fragments,194.7600599999978,4683.500501999999,-15554,1048576,,38565,0,109,61.37792,-55754.56640625,,0,0,97,0,926,20.190431,1081336,5.365704,1869,175.716796875,13.485429,40.715241
median,1,fragments,194.7600599999978,4743.501476999999,-15358,1048576,,40213,0,110,60.000975,-57410.03515625,,0,0,93,0,930,21.197006,1083104,5.397521,1899,175.443359375,14.494106999999998,38.397986
median,1,fragments,194.7600599999978,4805.795493999999,-15358,1048576,,36148,0,111,62.294017,-53540.4638671875,,0,0,104,0,919,19.738126,1084472,5.232812,1869,179.154296875,13.208208,42.081774
median,1,fragments,194.7600599999978,4867.216266999999,-15358,1048576,,27287,0,112,61.420773,-44723.5703125,,0,0,113,0,910,20.672899,1086708,5.213103,1869,181.01171875,14.066360000000001,40.19456
median,1,fragments,194.7600599999978,4928.801005999999,-15358,1048576,,34310,0,113,61.584739,-51212.98046875,,0,0,111,0,912,19.576481,1087840,5.256612,1871,181.396484375,13.067955000000001,41.605172
median,1,fragments,194.7600599999978,4991.915797999999,-15358,1048576,,36880,0,114,63.114792,-53504.619140625,,0,0,109,0,914,20.20487,1088764,5.442822,1849,181.2236328125,13.533456,42.495257
median,1,fragments,194.7600599999978,5052.630440999999,-15291,1048576,,29610,0,115,60.714643,-46609.3291015625,,0,0,96,0,927,20.410792,1090052,5.632106,1865,184.2236328125,13.483714,39.888797
median,1,fragments,194.7600599999978,5112.954621999999,-15249,1048576,,34162,0,116,60.324181,-51159.525390625,,0,0,108,0,915,20.412078,1090624,5.859837,1860,182.4765625,13.277878000000001,39.432753
median,1,fragments,194.7600599999978,5174.030607,-15249,1048576,,27031,0,117,61.075985,-44291.96875,,0,0,109,0,914,19.630097,1091076,5.528102,1905,185.0419921875,12.836257,41.021666
median,1,fragments,194.7600599999978,5240.1626479999995,-15249,1048576,,33679,0,118,66.132041,-50613.193359375,,0,0,103,0,920,21.903853,1094004,5.904884,1880,184.1953125,14.696892,43.730328
median,1,fragments,194.7600599999978,5304.620054,-15249,1048576,,47534,0,119,64.457406,-63657.013671875,,0,0,88,0,935,21.603237,1094796,5.663205,1886,179.5888671875,14.584473000000001,42.352683
median,1,fragments,194.7600599999978,5366.761155,-15142,1048576,,41666,0,120,62.141101,-58237.7158203125,,0,0,106,0,917,19.973182,1095260,5.860526,1876,175.97265625,12.858053000000002,41.76498
median,1,fragments,194.7600599999978,5428.287749,-15142,1048576,,38526,0,121,61.526594,-55212.2998046875,,0,0,102,0,921,20.681365,1095836,6.188833,1867,173.90625,13.243731,40.428503
median,1,fragments,194.7600599999978,5489.450169,-15142,1048576,,41193,0,122,61.16242,-57566.130859375,,0,0,110,0,913,20.15779,1096444,6.372979,1825,172.6259765625,12.513760999999999,40.541114
median,1,fragments,194.7600599999978,5548.711091,-15142,1048576,,45931,0,123,59.260922,-61940.998046875,,0,0,97,0,926,20.733422,1096828,6.959552,1855,170.4345703125,12.50489,38.118247
median,1,fragments,194.7600599999978,5608.018223,-14837,1048576,,39577,0,124,59.307132,-55576.0322265625,,0,0,94,0,929,21.329075,1097092,7.507924,1874,168.02734375,12.504449999999999,37.5312
median,1,fragments,194.7600599999978,5666.5822610000005,-14837,1048576,,29832,0,125,58.564038,-46379.9404296875,,0,0,112,0,911,21.681641,1097976,8.097706,1849,166.9658203125,12.376344999999997,36.476523
median,1,fragments,194.7600599999978,5727.388914,-14837,1048576,,29624,0,126,60.806653,-46028.146484375,,0,0,97,0,926,22.076545,1098928,8.642054,1854,169.29296875,12.202112999999999,38.314855
median,1,fragments,194.7600599999978,5788.586782,-14837,1048576,,37984,0,127,61.197868,-53930.6982421875,,0,0,102,0,921,22.798512,1099748,9.017998,1875,168.3515625,12.536076999999999,37.991273
median,2,native,138.74197799998967,326.32195699998965,-31025,1048576,1199,275609,0,0,187.579979,-304667.439453125,0,0,0,120,0,,,,,,,,
median,2,native,138.74197799998967,502.3556479999896,-28478,1048576,1185,97847,0,1,176.033691,-135069.443359375,2,0,0,146,0,,,,,,,,
median,2,native,138.74197799998967,677.5678619999896,-28478,1048576,1175,25075,0,2,175.212214,-62842.26953125,0,0,0,144,0,,,,,,,,
median,2,native,138.74197799998967,869.0536689999897,-28478,1048576,1205,19309,0,3,191.485807,-54418.04296875,0,0,0,100,0,,,,,,,,
median,2,native,138.74197799998967,1070.5303339999896,-28478,1048576,1200,12199,0,4,201.476665,-48149.087890625,2,0,0,145,0,,,,,,,,
median,2,native,138.74197799998967,1283.5098829999895,-28478,1048576,1199,12180,0,5,212.979549,-47020.9541015625,4,0,0,129,0,,,,,,,,
median,2,native,138.74197799998967,1497.8975139999895,-28478,1048576,1221,16132,0,6,214.387631,-49765.1943359375,2,0,0,113,0,,,,,,,,
median,2,native,138.74197799998967,1701.8587479999896,-28478,1048576,1208,19871,0,7,203.961234,-52952.7021484375,0,0,0,134,0,,,,,,,,
median,2,native,138.74197799998967,1899.3340729999895,-28478,1048576,1183,34306,0,8,197.475325,-66854.6142578125,2,0,0,134,0,,,,,,,,
median,2,native,138.74197799998967,2091.2104979999895,-25831,1048576,1211,36633,0,9,191.876425,-69222.42578125,4,0,0,108,0,,,,,,,,
median,2,native,138.74197799998967,2278.4768889999896,-25133,1048576,1226,40197,0,10,187.266391,-71073.767578125,4,0,0,100,0,,,,,,,,
median,2,native,138.74197799998967,2480.9977889999896,-25133,1048576,1219,48194,0,11,202.5209,-78822.9228515625,4,0,0,109,0,,,,,,,,
median,2,native,138.74197799998967,2681.2587519999897,-25133,1048576,1222,36795,0,12,200.260963,-67186.75390625,8,0,0,104,0,,,,,,,,
median,2,native,138.74197799998967,2889.3962939999897,-25133,1048576,1252,48348,0,13,208.137542,-77252.7978515625,0,0,0,72,0,,,,,,,,
median,2,native,138.74197799998967,3096.04468499999,-25133,1048576,1240,48420,0,14,206.648391,-77302.3544921875,4,0,0,110,0,,,,,,,,
median,2,native,138.74197799998967,3308.0388209999896,-25038,1048576,1239,53016,0,15,211.994136,-81200.5224609375,0,0,0,82,0,,,,,,,,
median,2,native,138.74197799998967,3535.4792489999895,-24943,1048576,1254,55794,0,16,227.440428,-83085.482421875,0,0,0,89,0,,,,,,,,
median,2,native,138.74197799998967,3764.2421179999897,-24943,1048576,1252,70333,0,17,228.762869,-96639.95703125,0,0,0,99,0,,,,,,,,
median,2,native,138.74197799998967,4008.5518569999895,-24825,1048576,1251,63275,0,18,244.309739,-89656.6728515625,0,0,0,93,0,,,,,,,,
median,2,native,138.74197799998967,4259.77240499999,-24825,1048576,1237,48075,0,19,251.220548,-75963.22265625,2,0,0,89,0,,,,,,,,
median,2,native,138.74197799998967,4519.48918099999,-24467,1048576,1214,41776,0,20,259.716776,-68789.2353515625,0,0,0,119,0,,,,,,,,
median,2,native,138.74197799998967,4794.11841599999,-24467,1048576,1244,40621,0,21,274.629235,-67227.16015625,2,0,0,104,0,,,,,,,,
median,2,native,138.74197799998967,5093.23722299999,-23885,1048576,1250,36221,0,22,299.118807,-62197.1572265625,0,0,0,81,0,,,,,,,,
median,2,native,138.74197799998967,5427.24136599999,-23885,1048576,1230,27394,0,23,334.004143,-53767.99609375,0,0,0,90,0,,,,,,,,
median,2,native,138.74197799998967,5720.54617199999,-23885,1048576,1228,27841,0,24,293.304806,-53146.3671875,0,0,0,105,0,,,,,,,,
median,2,native,138.74197799998967,6017.31523599999,-23885,1048576,1239,24815,0,25,296.769064,-49922.4970703125,2,0,0,89,0,,,,,,,,
median,2,native,138.74197799998967,6324.005949999991,-23789,1048576,1253,23192,0,26,306.690714,-48115.001953125,0,0,0,100,0,,,,,,,,
median,2,native,138.74197799998967,6632.53640899999,-23789,1048576,1231,34872,0,27,308.530459,-59048.916015625,0,0,0,104,0,,,,,,,,
median,2,native,138.74197799998967,6945.13250999999,-22288,1048576,1238,26233,0,28,312.596101,-50744.6025390625,2,0,0,80,0,,,,,,,,
median,2,native,138.74197799998967,7252.85031099999,-22288,1048576,1223,26119,0,29,307.717801,-50540.7001953125,0,0,0,93,0,,,,,,,,
median,2,native,138.74197799998967,7563.44788199999,-22288,1048576,1258,23083,0,30,310.597571,-47787.263671875,0,0,0,89,0,,,,,,,,
median,2,native,138.74197799998967,7885.07342399999,-22288,1048576,1246,26054,0,31,321.625542,-50434.60546875,0,0,0,84,0,,,,,,,,
median,2,native,138.74197799998967,8224.27155599999,-22288,1048576,1235,14673,0,32,339.198132,-39333.07421875,0,0,0,105,0,,,,,,,,
median,2,native,138.74197799998967,8575.00126199999,-22288,1048576,1221,26113,0,33,350.729706,-50021.96484375,0,0,0,111,0,,,,,,,,
median,2,native,138.74197799998967,8949.94566699999,-22288,1048576,1195,27144,0,34,374.944405,-50766.5224609375,0,0,0,135,0,,,,,,,,
median,2,native,138.74197799998967,9350.05740399999,-21755,1048576,1221,22553,0,35,400.111737,-46437.6142578125,0,0,0,99,0,,,,,,,,
median,2,native,138.74197799998967,9719.58897799999,-21296,1048576,1220,26675,0,36,369.531574,-49890.45703125,0,0,0,109,0,,,,,,,,
median,2,native,138.74197799998967,10090.478503999992,-21296,1048576,1251,24827,0,37,370.889526,-48533.7939453125,0,0,0,82,0,,,,,,,,
median,2,native,138.74197799998967,10531.337025999992,-21296,1048576,1241,28533,0,38,440.858522,-51577.0810546875,2,0,0,91,0,,,,,,,,
median,2,native,138.74197799998967,10901.261616999993,-21296,1048576,1242,31120,0,39,369.924591,-53876.95703125,0,0,0,96,0,,,,,,,,
median,2,native,138.74197799998967,11261.913928999993,-21296,1048576,1241,41283,0,40,360.652312,-63364.4951171875,0,0,0,100,0,,,,,,,,
median,2,native,138.74197799998967,11618.730052999994,-21296,1048576,1247,24368,0,41,356.816124,-46858.5546875,0,0,0,90,0,,,,,,,,
median,2,native,138.74197799998967,11995.476706999994,-21296,1048576,1263,24190,0,42,376.746654,-46557.037109375,0,0,0,81,0,,,,,,,,
median,2,native,138.74197799998967,12354.329011999995,-19825,1048576,1218,29633,0,43,358.852305,-51660.7060546875,0,0,0,94,0,,,,,,,,
median,2,native,138.74197799998967,12725.213565999995,-19825,1048576,1178,36410,0,44,370.884554,-58557.859375,0,0,0,127,0,,,,,,,,
median,2,native,138.74197799998967,13109.820660999994,-19825,1048576,1263,44139,0,45,384.607095,-65624.68359375,0,0,0,77,0,,,,,,,,
median,2,native,138.74197799998967,13567.907966999994,-19825,1048576,1253,44948,0,46,458.087306,-66316.62109375,4,0,0,83,0,,,,,,,,
median,2,native,138.74197799998967,13950.536261999994,-19825,1048576,1243,41073,0,47,382.628295,-62419.21484375,0,0,0,108,0,,,,,,,,
median,2,native,138.74197799998967,14323.196499999995,-19825,1048576,1232,45498,0,48,372.660238,-66701.25390625,2,0,0,98,0,,,,,,,,
median,2,native,138.74197799998967,14729.573263999995,-19825,1048576,1219,60226,0,49,406.376764,-80721.3623046875,2,0,0,107,0,,,,,,,,
median,2,native,138.74197799998967,15146.800689999995,-19777,1048576,1219,52987,0,50,417.227426,-73635.044921875,0,0,0,124,0,,,,,,,,
median,2,native,138.74197799998967,15579.500048999995,-18646,1048576,1226,63250,0,51,432.699359,-83193.208984375,0,0,0,104,0,,,,,,,,
median,2,native,138.74197799998967,16027.413928999995,-18681,1048576,1253,67306,0,52,447.91388,-86859.0556640625,2,0,0,70,0,,,,,,,,
median,2,native,138.74197799998967,16480.242693999993,-18681,1048576,1261,65269,0,53,452.828765,-85092.373046875,0,0,0,91,0,,,,,,,,
median,2,native,138.74197799998967,16954.866285999993,-18681,1048576,1267,49333,0,54,474.623592,-69788.5419921875,0,0,0,78,0,,,,,,,,
median,2,native,138.74197799998967,17436.13391599999,-17880,1048576,1264,52554,0,55,481.26763,-72617.4326171875,0,0,0,98,0,,,,,,,,
median,2,native,138.74197799998967,17919.52089699999,-18681,1048576,1266,43538,0,56,483.386981,-63742.2509765625,0,0,0,79,0,,,,,,,,
median,2,native,138.74197799998967,18412.18096999999,-18681,1048576,1218,59176,0,57,492.660073,-78746.0673828125,0,0,0,117,0,,,,,,,,
median,2,native,138.74197799998967,18916.11208499999,-18681,1048576,1256,39544,0,58,503.931115,-59351.3046875,2,0,0,92,0,,,,,,,,
median,2,native,138.74197799998967,19445.08157499999,-18681,1048576,1244,46461,0,59,528.96949,-66068.1591796875,0,0,0,83,0,,,,,,,,
median,2,native,138.74197799998967,19995.61462799999,-18681,1048576,1246,43632,0,60,550.533053,-62873.365234375,0,0,0,84,0,,,,,,,,
median,2,native,138.74197799998967,20565.707848999988,-18681,1048576,1229,43185,0,61,570.093221,-62291.99609375,0,0,0,93,0,,,,,,,,
median,2,native,138.74197799998967,21139.445156999987,-18681,1048576,1218,45918,0,62,573.737308,-64571.2177734375,0,0,0,86,0,,,,,,,,
median,2,native,138.74197799998967,21722.75284599999,-18681,1048576,1235,39734,0,63,583.307689,-58805.8232421875,0,0,0,85,0,,,,,,,,
median,2,native,138.74197799998967,22303.70825299999,-18677,1048576,1223,40391,0,64,580.955407,-58917.0966796875,0,0,0,96,0,,,,,,,,
median,2,native,138.74197799998967,22907.58868999999,-18677,1048576,1262,42708,0,65,603.880437,-61046.9912109375,0,0,0,76,0,,,,,,,,
median,2,native,138.74197799998967,23531.58646199999,-18454,1048576,1246,39996,0,66,623.997772,-58691.7197265625,0,0,0,79,0,,,,,,,,
median,2,native,138.74197799998967,24160.55234299999,-18194,1048576,1221,33327,0,67,628.965881,-51882.541015625,0,0,0,104,0,,,,,,,,
median,2,native,138.74197799998967,24826.77926399999,-18194,1048576,1261,41816,0,68,666.226921,-59861.634765625,0,0,0,79,0,,,,,,,,
median,2,native,138.74197799998967,25565.38517499999,-18150,1048576,1239,32186,0,69,738.605911,-50676.6474609375,0,0,0,100,0,,,,,,,,
median,2,native,138.74197799998967,26279.218840999987,-18150,1048576,1248,33194,0,70,713.833666,-51412.6474609375,0,0,0,82,0,,,,,,,,
median,2,native,138.74197799998967,26964.309358999988,-18150,1048576,1251,36044,0,71,685.090518,-54207.29296875,2,0,0,92,0,,,,,,,,
median,2,native,138.74197799998967,27684.432700999987,-18150,1048576,1242,36098,0,72,720.123342,-54280.9013671875,0,0,0,95,0,,,,,,,,
median,2,native,138.74197799998967,28388.912827999986,-18150,1048576,1263,30815,0,73,704.480127,-49055.4462890625,0,0,0,81,0,,,,,,,,
median,2,native,138.74197799998967,29098.396519999988,-18123,1048576,1238,32708,0,74,709.483692,-50806.2431640625,0,0,0,109,0,,,,,,,,
median,2,native,138.74197799998967,29784.30133399999,-18123,1048576,1208,34546,0,75,685.904814,-52722.49609375,0,0,0,113,0,,,,,,,,
median,2,native,138.74197799998967,30455.155279999988,-18123,1048576,1264,39104,0,76,670.853946,-57091.1962890625,0,0,0,77,0,,,,,,,,
median,2,native,138.74197799998967,31100.18783299999,-17967,1048576,1214,38582,0,77,645.032553,-56560.408203125,0,0,0,98,0,,,,,,,,
median,2,native,138.74197799998967,31755.37175399999,-17648,1048576,1240,46311,0,78,655.183921,-64860.107421875,0,0,0,70,0,,,,,,,,
median,2,native,138.74197799998967,32444.30536799999,-17463,1048576,1261,44272,0,79,688.933614,-62277.841796875,0,0,0,87,0,,,,,,,,
median,2,native,138.74197799998967,33112.86015899999,-17463,1048576,1245,48372,0,80,668.554791,-66028.0771484375,0,0,0,67,0,,,,,,,,
median,2,native,138.74197799998967,33780.47638999999,-17335,1048576,1240,50643,0,81,667.616231,-68208.978515625,0,0,0,103,0,,,,,,,,
median,2,native,138.74197799998967,34444.89384499999,-17335,1048576,1258,53433,0,82,664.417455,-71125.56640625,0,0,0,78,0,,,,,,,,
median,2,native,138.74197799998967,35089.24234999999,-17335,1048576,1241,45947,0,83,644.348505,-63898.5986328125,0,0,0,96,0,,,,,,,,
median,2,native,138.74197799998967,35750.23233399999,-17201,1048576,1252,52197,0,84,660.989984,-69905.0888671875,0,0,0,85,0,,,,,,,,
median,2,native,138.74197799998967,36382.355273999994,-17201,1048576,1221,54814,0,85,632.12294,-72852.2294921875,2,0,0,81,0,,,,,,,,
median,2,native,138.74197799998967,37022.71963299999,-17201,1048576,1200,49687,0,86,640.364359,-67420.212890625,0,0,0,85,0,,,,,,,,
median,2,native,138.74197799998967,37703.47456999999,-17201,1048576,1242,51624,0,87,680.754937,-69203.0419921875,2,0,0,81,0,,,,,,,,
median,2,native,138.74197799998967,38407.96007699999,-16453,1048576,1261,50443,0,88,704.485507,-67741.861328125,0,0,0,71,0,,,,,,,,
median,2,native,138.74197799998967,39147.35871899999,-16453,1048576,1231,56897,0,89,739.398642,-73754.5732421875,0,0,0,92,0,,,,,,,,
median,2,native,138.74197799998967,39928.44423799999,-16453,1048576,1227,52926,0,90,781.085519,-69852.9541015625,0,0,0,105,0,,,,,,,,
median,2,native,138.74197799998967,40730.17007399999,-15473,1048576,1241,38855,0,91,801.725836,-56059.5888671875,0,0,0,83,0,,,,,,,,
median,2,native,138.74197799998967,41558.43258899999,-15473,1048576,1241,46319,0,92,828.262515,-62984.2392578125,0,0,0,73,0,,,,,,,,
median,2,native,138.74197799998967,42395.452224999986,-15473,1048576,1226,47175,0,93,837.019636,-63803.3408203125,0,0,0,104,0,,,,,,,,
median,2,native,138.74197799998967,43268.088286999984,-15320,1048576,1237,48991,0,94,872.636062,-65090.310546875,0,0,0,99,0,,,,,,,,
median,2,native,138.74197799998967,44161.88499799999,-15320,1048576,1253,49366,0,95,893.796711,-65668.314453125,0,0,0,88,0,,,,,,,,
median,2,native,138.74197799998967,45027.57739899999,-15272,1048576,1243,54099,0,96,865.692401,-69706.474609375,0,0,0,88,0,,,,,,,,
median,2,native,138.74197799998967,45886.628521999985,-15272,1048576,1206,49631,0,97,859.051123,-65511.103515625,0,0,0,99,0,,,,,,,,
median,2,native,138.74197799998967,46751.49355799999,-15272,1048576,1239,43609,0,98,864.865036,-59422.5224609375,0,0,0,103,0,,,,,,,,
median,2,native,138.74197799998967,47614.10566899999,-14942,1048576,1232,39914,0,99,862.612111,-55745.2587890625,0,0,0,84,0,,,,,,,,
median,2,native,138.74197799998967,48507.33977099999,-14942,1048576,1238,42217,0,100,893.234102,-57632.146484375,0,0,0,74,0,,,,,,,,
median,2,native,138.74197799998967,49435.14996899999,-14942,1048576,1233,50810,0,101,927.810198,-65524.8486328125,0,0,0,91,0,,,,,,,,
median,2,native,138.74197799998967,50406.24467199999,-14942,1048576,1240,41879,0,102,971.094703,-56574.828125,0,0,0,92,0,,,,,,,,
median,2,native,138.74197799998967,51453.80157399999,-14942,1048576,1253,52384,0,103,1047.556902,-66651.5927734375,0,0,0,95,0,,,,,,,,
median,2,native,138.74197799998967,52468.31853599999,-14942,1048576,1221,43719,0,104,1014.516962,-58277.5126953125,0,0,0,100,0,,,,,,,,
median,2,native,138.74197799998967,53490.10919899999,-14722,1048576,1224,49408,0,105,1021.790663,-63582.3037109375,0,0,0,103,0,,,,,,,,
median,2,native,138.74197799998967,54569.19875499999,-14722,1048576,1240,56833,0,106,1079.089556,-70674.923828125,2,0,0,113,0,,,,,,,,
median,2,native,138.74197799998967,55751.19529499999,-14722,1048576,1220,54306,0,107,1181.99654,-68284.5654296875,0,0,0,105,0,,,,,,,,
median,2,native,138.74197799998967,56903.91124899999,-14722,1048576,1223,45483,0,108,1152.715954,-59562.3798828125,0,0,0,101,0,,,,,,,,
median,2,native,138.74197799998967,58055.36538499999,-14722,1048576,1246,58021,0,109,1151.454136,-71642.09765625,0,0,0,85,0,,,,,,,,
median,2,native,138.74197799998967,59227.28607599999,-14722,1048576,1261,52971,0,110,1171.920691,-66705.9169921875,0,0,0,88,0,,,,,,,,
median,2,native,138.74197799998967,60389.51466399999,-14679,1048576,1222,41329,0,111,1162.228588,-55397.423828125,0,0,0,101,0,,,,,,,,
median,2,native,138.74197799998967,61596.489126999986,-14722,1048576,1287,48815,0,112,1206.974463,-62712.373046875,0,0,0,62,0,,,,,,,,
median,2,native,138.74197799998967,62680.58271299999,-14722,1048576,1258,52236,0,113,1084.093586,-65982.9091796875,0,0,0,78,0,,,,,,,,
median,2,native,138.74197799998967,63752.97856899999,-14722,1048576,1241,39742,0,114,1072.395856,-53957.59375,0,0,0,87,0,,,,,,,,
median,2,native,138.74197799998967,64838.87985599999,-14544,1048576,1222,46142,0,115,1085.901287,-59726.8955078125,0,0,0,95,0,,,,,,,,
median,2,native,138.74197799998967,65956.69339799999,-14544,1048576,1220,50420,0,116,1117.813542,-63898.916015625,0,0,0,107,0,,,,,,,,
median,2,native,138.74197799998967,67105.20683,-14544,1048576,1245,44907,0,117,1148.513432,-58524.5166015625,0,0,0,94,0,,,,,,,,
median,2,native,138.74197799998967,68262.44829799999,-14386,1048576,1271,49878,0,118,1157.241468,-63482.75,0,0,0,81,0,,,,,,,,
median,2,native,138.74197799998967,69506.515758,-14386,1048576,1251,63371,0,119,1244.06746,-76343.9970703125,0,0,0,108,0,,,,,,,,
median,2,native,138.74197799998967,70712.83972199999,-14386,1048576,1232,61239,0,120,1206.323964,-74317.080078125,0,0,0,86,0,,,,,,,,
median,2,native,138.74197799998967,71903.45764499999,-14386,1048576,1206,48786,0,121,1190.617923,-62415.8876953125,0,0,0,109,0,,,,,,,,
median,2,native,138.74197799998967,73094.11998799999,-14298,1048576,1258,53564,0,122,1190.662343,-66832.859375,0,0,0,83,0,,,,,,,,
median,2,native,138.74197799998967,74313.84324599999,-14298,1048576,1227,55307,0,123,1219.723258,-68770.3779296875,0,0,0,106,0,,,,,,,,
median,2,native,138.74197799998967,75536.81226099998,-14298,1048576,1245,50788,0,124,1222.969015,-64173.6484375,0,0,0,86,0,,,,,,,,
median,2,native,138.74197799998967,76765.30746399998,-14298,1048576,1274,55712,0,125,1228.495203,-68850.0732421875,0,0,0,88,0,,,,,,,,
median,2,native,138.74197799998967,78111.60703999999,-14298,1048576,1227,43435,0,126,1346.299576,-56926.8740234375,0,0,0,90,0,,,,,,,,
median,2,native,138.74197799998967,79392.46769299998,-14298,1048576,1235,40363,0,127,1280.860653,-53926.2353515625,0,0,0,103,0,,,,,,,,
median,2,fragments,199.26999900000192,234.3896420000019,-31025,1048576,,275609,0,0,35.119643,-304667.439453125,,0,0,121,0,902,13.953474,1009140,3.486219,2333,59.447265625,9.476263,20.373132
median,2,fragments,199.26999900000192,259.3427950000019,-30492,1048576,,83578,0,1,24.953153,-120794.259765625,,0,0,205,0,818,11.420926,1009580,2.488796,2065,54.9208984375,8.076312999999999,13.139115
median,2,fragments,199.26999900000192,282.8214860000019,-30492,1048576,,28899,0,2,23.478691,-67909.505859375,,0,0,238,0,785,10.987214,1010012,2.502582,1875,63.4287109375,7.703965,12.154606
median,2,fragments,199.26999900000192,307.09491300000195,-30492,1048576,,20333,0,3,24.273427,-56244.427734375,,0,0,284,0,739,11.930799,1010404,2.535439,1795,68.87109375,8.495985000000001,12.022928
median,2,fragments,199.26999900000192,332.37187100000193,-30492,1048576,,42109,0,4,25.276958,-77283.1025390625,,0,0,268,0,755,12.218291,1010980,2.535743,1755,71.6259765625,8.794857,12.739199
median,2,fragments,199.26999900000192,359.18556500000193,-30492,1048576,,30257,0,5,26.813694,-66161.353515625,,0,0,241,0,782,12.331911,1011212,2.485692,1714,71.8974609375,9.017668,14.161603
median,2,fragments,199.26999900000192,386.94866600000194,-30492,1048576,,29076,0,6,27.763101,-63263.24609375,,0,0,226,0,797,12.884994,1011360,2.530502,1711,71.517578125,9.510182,14.56832
median,2,fragments,199.26999900000192,414.70459800000197,-30492,1048576,,34584,0,7,27.755932,-67461.345703125,,0,0,209,0,814,12.815999,1011544,2.539555,1727,69.6533203125,9.444154,14.61724
median,2,fragments,199.26999900000192,442.57052300000197,-29187,1048576,,29510,0,8,27.865925,-62727.623046875,,0,0,186,0,837,12.99185,1011656,2.575821,1742,69.90234375,9.478708999999998,14.500443
median,2,fragments,199.26999900000192,470.310293000002,-29187,1048576,,31816,0,9,27.73977,-65253.5498046875,,0,0,184,0,839,12.485845,1011888,2.497974,1772,70.6181640625,9.05175,14.923721
median,2,fragments,199.26999900000192,498.859866000002,-29187,1048576,,17688,0,10,28.549573,-51639.630859375,,0,0,170,0,853,13.078513,1012024,2.516762,1777,70.025390625,9.724373,15.107315
median,2,fragments,199.26999900000192,527.507640000002,-29187,1048576,,31301,0,11,28.647774,-64317.5673828125,,0,0,168,0,855,12.63237,1012244,2.514171,1791,69.671875,9.230640999999999,15.691671
median,2,fragments,199.26999900000192,555.512448000002,-29187,1048576,,28173,0,12,28.004808,-59259.876953125,,0,0,163,0,860,12.460019,1012436,2.511716,1790,72.9267578125,9.122887,15.208093
median,2,fragments,199.26999900000192,584.825376000002,-29187,1048576,,21054,0,13,29.312928,-52783.212890625,,0,0,172,0,851,12.468741,1012828,2.507552,1787,78.9873046875,9.130306000000001,16.494509
median,2,fragments,199.26999900000192,614.8765710000021,-29187,1048576,,37435,0,14,30.051195,-68914.6416015625,,0,0,169,0,854,12.867027,1013228,2.527177,1806,81.2744140625,9.463787,16.847341
median,2,fragments,199.26999900000192,646.6841030000021,-29187,1048576,,27653,0,15,31.807532,-59830.6689453125,,0,0,128,0,895,13.268374,1013928,2.502085,1843,85.697265625,9.883817,18.199742
median,2,fragments,199.26999900000192,679.0598540000021,-29187,1048576,,41197,0,16,32.375751,-70327.6005859375,,0,0,134,0,889,13.147913,1014800,2.517225,1854,92.5634765625,9.745679,18.874279
median,2,fragments,199.26999900000192,713.7093800000022,-29082,1048576,,68418,0,17,34.649526,-97205.6796875,,0,0,124,0,899,13.336074,1015780,2.517746,1865,94.6884765625,9.955772,20.951777
median,2,fragments,199.26999900000192,750.1554440000021,-25900,1048576,,83541,0,18,36.446064,-110685.580078125,,0,0,116,0,907,13.660956,1016508,2.560785,1903,95.6806640625,10.182507000000001,22.423313
median,2,fragments,199.26999900000192,786.2477410000022,-25900,1048576,,91811,0,19,36.092297,-119366.4951171875,,0,0,109,0,914,13.415977,1017988,2.506628,1894,97.126953125,10.046831000000001,22.285085
median,2,fragments,199.26999900000192,822.1510130000022,-25900,1048576,,101301,0,20,35.903272,-126717.5712890625,,0,0,122,0,901,12.933222,1018764,2.556803,1867,98.494140625,9.513865000000001,22.575521
median,2,fragments,199.26999900000192,859.7952630000023,-25900,1048576,,103060,0,21,37.64425,-128718.162109375,,0,0,132,0,891,13.060573,1019404,2.514619,1846,98.4306640625,9.636631,24.182495
median,2,fragments,199.26999900000192,896.5138960000022,-25900,1048576,,88786,0,22,36.718633,-114230.265625,,0,0,115,0,908,13.462203,1019736,2.565713,1886,97.470703125,10.031089,22.870105
median,2,fragments,199.26999900000192,934.8321860000023,-25900,1048576,,101396,0,23,38.31829,-126220.41796875,,0,0,109,0,914,13.39618,1020368,2.517269,1924,97.3974609375,10.02025,24.540722
median,2,fragments,199.26999900000192,981.6875730000022,-25900,1048576,,104468,0,24,46.855387,-129151.46875,,0,0,116,0,907,18.223528,1021336,2.562878,1922,98.6328125,14.658651000000003,28.058862
median,2,fragments,199.26999900000192,1019.2718460000023,-25900,1048576,,80459,0,25,37.584273,-106976.634765625,,0,0,106,0,917,14.761412,1021624,2.566646,1900,99.419921875,11.272541,22.393651
median,2,fragments,199.26999900000192,1054.9202600000021,-24897,1048576,,113978,0,26,35.648414,-137907.5654296875,,0,0,101,0,922,12.969277,1022984,2.592558,1918,100.4228515625,9.511593000000001,22.285115
median,2,fragments,199.26999900000192,1091.2378030000023,-24897,1048576,,95725,0,27,36.317543,-120337.6298828125,,0,0,98,0,925,13.635145,1023652,2.579204,1878,100.2138671875,10.187746,22.28947
median,2,fragments,199.26999900000192,1126.3360240000022,-23799,1048576,,88851,0,28,35.098221,-114881.298828125,,0,0,100,0,923,13.222644,1023980,2.597173,1925,100.0869140625,9.749259,21.493757
median,2,fragments,199.26999900000192,1160.8063450000022,-23799,1048576,,94740,0,29,34.470321,-119755.1904296875,,0,0,122,0,901,13.053547,1024216,2.557143,1904,101.314453125,9.613693999999999,20.990296
median,2,fragments,199.26999900000192,1196.7777800000022,-23799,1048576,,100054,0,30,35.971435,-125163.4765625,,0,0,87,0,936,13.306256,1024652,2.588748,1910,100.314453125,9.844093999999998,22.249495
median,2,fragments,199.26999900000192,1233.3252080000022,-23799,1048576,,89767,0,31,36.547428,-114060.6728515625,,0,0,93,0,930,13.379309,1024872,2.604137,1909,99.5205078125,9.824151,22.745788
median,2,fragments,199.26999900000192,1271.6660960000022,-23432,1048576,,88053,0,32,38.340888,-112735.7060546875,,0,0,114,0,909,14.626994,1025048,2.605997,1867,99.046875,11.042469,23.317149
median,2,fragments,199.26999900000192,1309.6506780000022,-17267,1048576,,90899,0,33,37.984582,-114547.1142578125,,0,0,121,0,902,14.919764,1025332,2.617307,1875,100.1142578125,11.42785,22.594747
median,2,fragments,199.26999900000192,1345.3986500000021,-17267,1048576,,96906,0,34,35.747972,-119465.3662109375,,0,0,112,0,911,13.763303,1025504,2.704216,1879,101.8447265625,10.180648999999999,21.606191
median,2,fragments,199.26999900000192,1381.639539000002,-17267,1048576,,102034,0,35,36.240889,-124370.4326171875,,0,0,105,0,918,13.185957,1025760,2.603451,1898,104.4794921875,9.703187,22.678949
median,2,fragments,199.26999900000192,1420.317879000002,-17267,1048576,,116053,0,36,38.67834,-138466.189453125,,0,0,94,0,929,14.203894,1026804,2.687606,1885,107.896484375,10.582708,24.077733
median,2,fragments,199.26999900000192,1458.475204000002,-17267,1048576,,99946,0,37,38.157325,-122020.611328125,,0,0,109,0,914,13.954863,1027700,2.597403,1907,109.1298828125,10.461338000000001,23.713373
median,2,fragments,199.26999900000192,1497.2712810000019,-17267,1048576,,112928,0,38,38.796077,-133873.7275390625,,0,0,91,0,932,14.416776,1029004,2.59053,1918,114.2314453125,10.805269000000001,23.996705
median,2,fragments,199.26999900000192,1535.3612860000019,-17267,1048576,,103656,0,39,38.090005,-124726.658203125,,0,0,98,0,925,14.14609,1030388,2.630904,1894,114.560546875,10.496274999999997,23.552506
median,2,fragments,199.26999900000192,1573.327148000002,-17267,1048576,,108647,0,40,37.965862,-129222.462890625,,0,0,91,0,932,13.669863,1031192,2.670445,1905,116.4638671875,10.057597,23.879955
median,2,fragments,199.26999900000192,1614.408874000002,-17267,1048576,,102150,0,41,41.081726,-122540.5234375,,0,0,97,0,926,13.670951,1032780,2.631148,1882,119.626953125,10.13287,27.012329
median,2,fragments,199.26999900000192,1656.276919000002,-17267,1048576,,106384,0,42,41.868045,-126130.9091796875,,0,0,91,0,932,15.579943,1034480,2.728254,1904,119.935546875,11.869554,25.903017
median,2,fragments,199.26999900000192,1699.666422000002,-17267,1048576,,112499,0,43,43.389503,-131632.2998046875,,0,0,92,0,931,14.903486,1036268,2.670909,1900,124.244140625,11.292988999999999,28.032708
median,2,fragments,199.26999900000192,1743.751816000002,-17267,1048576,,97412,0,44,44.085394,-116663.3076171875,,0,0,100,0,923,15.393055,1038856,2.752255,1861,129.6181640625,11.72341,28.310252
median,2,fragments,199.26999900000192,1787.937148000002,-17267,1048576,,94753,0,45,44.185332,-113345.8369140625,,0,0,90,0,933,14.923949,1041244,2.774346,1853,131.86328125,11.169166,28.862841
median,2,fragments,199.26999900000192,1835.241880000002,-17267,1048576,,120635,0,46,47.304732,-137149.8359375,,0,0,95,0,928,18.040858,1044672,2.709132,1871,134.1220703125,14.360325,28.863299
median,2,fragments,199.26999900000192,1881.571046000002,-17267,1048576,,96705,0,47,46.329166,-113967.20703125,,0,0,87,0,936,15.909105,1046748,2.757819,1878,136.0302734375,12.010266,29.976061
median,2,fragments,199.26999900000192,1927.351340000002,-17267,1048576,,86588,0,48,45.780294,-103351.94140625,,0,0,73,0,950,15.709069,1048032,2.807834,1910,136.021484375,11.757904,29.666538
median,2,fragments,199.26999900000192,1974.218623000002,-17267,1048576,,90113,0,49,46.867283,-106265.5712890625,,0,0,92,0,931,15.983182,1050256,2.810556,1871,139.9228515625,12.074148999999998,30.47238
median,2,fragments,199.26999900000192,2019.111248000002,-17267,1048576,,127807,0,50,44.892625,-142776.18359375,,0,0,102,0,921,15.312425,1051116,2.751715,1879,137.2978515625,11.395976,29.153285
median,2,fragments,199.26999900000192,2064.289987000002,-17267,1048576,,101393,0,51,45.178739,-116919.4453125,,0,0,82,0,941,15.00492,1052248,2.732078,1909,138.7001953125,11.148533,29.764597
median,2,fragments,199.26999900000192,2110.386579000002,-17267,1048576,,102542,0,52,46.096592,-118252.0810546875,,0,0,109,0,914,15.712064,1053484,2.766512,1919,139.294921875,11.794284999999999,29.996386
median,2,fragments,199.26999900000192,2157.1773190000017,-17267,1048576,,103107,0,53,46.79074,-118604.3916015625,,0,0,85,0,938,16.123019,1054196,2.827187,1927,139.6298828125,12.107932,30.251071
median,2,fragments,199.26999900000192,2204.2099990000015,-17267,1048576,,103620,0,54,47.03268,-118885.0244140625,,0,0,93,0,930,16.346969,1055840,2.766162,1975,142.0419921875,12.405798,30.156823
median,2,fragments,199.26999900000192,2250.2262830000013,-17267,1048576,,108688,0,55,46.016284,-123788.1845703125,,0,0,89,0,934,15.648286,1057384,2.827932,1969,143.87890625,11.607294,29.941909
median,2,fragments,199.26999900000192,2297.7419700000014,-17223,1048576,,103830,0,56,47.515687,-119140.353515625,,0,0,86,0,937,15.608912,1057896,2.766336,1993,142.0966796875,11.713090000000001,31.484596
median,2,fragments,199.26999900000192,2345.5878430000016,-17223,1048576,,125865,0,57,47.845873,-140560.7939453125,,0,0,95,0,928,16.017619,1059172,2.7552,1994,140.669921875,12.108780999999999,31.403837
median,2,fragments,199.26999900000192,2392.8641360000015,-17223,1048576,,112987,0,58,47.276293,-128082.240234375,,0,0,106,0,917,16.388184,1060480,2.81526,1951,141.3935546875,12.397690999999998,30.477705
median,2,fragments,199.26999900000192,2438.6722970000014,-17223,1048576,,97750,0,59,45.808161,-113599.3759765625,,0,0,88,0,935,15.71177,1061644,2.797927,1954,147.3359375,11.807096999999999,29.693873
median,2,fragments,199.26999900000192,2486.9861090000013,-17223,1048576,,111202,0,60,48.313812,-126074.6904296875,,0,0,108,0,915,15.812872,1063488,2.817583,1952,150.1044921875,11.872978,32.072311
median,2,fragments,199.26999900000192,2536.694674000001,-17223,1048576,,97633,0,61,49.708565,-112976.650390625,,0,0,82,0,941,16.167289,1066640,2.778796,1984,153.44921875,12.235993,33.11984
median,2,fragments,199.26999900000192,2592.663608000001,-17223,1048576,,95646,0,62,55.968934,-111221.9208984375,,0,0,98,0,925,21.321998,1069408,6.992065,1952,157.6123046875,13.162959,34.17639
median,2,fragments,199.26999900000192,2644.5982160000012,-17223,1048576,,108993,0,63,51.934608,-123653.140625,,0,0,97,0,926,17.142342,1070512,2.807584,1952,157.1416015625,13.15214,34.362001
median,2,fragments,199.26999900000192,2695.655340000001,-17210,1048576,,93184,0,64,51.057124,-108922.19140625,,0,0,86,0,937,17.1244,1071224,2.874245,1968,156.0478515625,13.044265000000001,33.50819
median,2,fragments,199.26999900000192,2747.065143000001,-17210,1048576,,112381,0,65,51.409803,-126939.9736328125,,0,0,107,0,916,16.268453,1072244,2.921924,1953,154.072265625,12.185358,34.653888
median,2,fragments,199.26999900000192,2799.5453960000013,-17210,1048576,,84896,0,66,52.480253,-100960.537109375,,0,0,95,0,928,16.796549,1072708,2.879467,1931,154.158203125,12.779428999999999,35.267909
median,2,fragments,199.26999900000192,2850.3876010000013,-17210,1048576,,78962,0,67,50.842205,-94709.1904296875,,0,0,113,0,910,16.912968,1073272,3.012416,1930,152.78125,12.770847,33.496962
median,2,fragments,199.26999900000192,2901.609123000001,-17210,1048576,,99763,0,68,51.221522,-115637.078125,,0,0,101,0,922,16.231971,1074408,2.908564,1929,154.48828125,12.184228000000001,34.556742
median,2,fragments,199.26999900000192,2954.869000000001,-17210,1048576,,92309,0,69,53.259877,-108398.2587890625,,0,0,128,0,895,18.788517,1074656,4.796075,1893,150.83203125,12.791211,34.03393
median,2,fragments,199.26999900000192,3005.950158000001,-17210,1048576,,77043,0,70,51.081158,-92678.0244140625,,0,0,111,0,912,18.273659,1074788,4.589338,1870,152.2421875,12.554516,32.357156
median,2,fragments,199.26999900000192,3059.746987000001,-17210,1048576,,62400,0,71,53.796829,-78707.966796875,,0,0,105,0,918,17.718371,1074868,4.636334,1876,150.861328125,11.949141000000001,35.647159
median,2,fragments,199.26999900000192,3113.193406000001,-17210,1048576,,65464,0,72,53.446419,-81587.6982421875,,0,0,85,0,938,19.008438,1075004,4.645174,1926,150.0830078125,13.175532000000002,34.019133
median,2,fragments,199.26999900000192,3164.8877080000007,-17210,1048576,,73861,0,73,51.694302,-89409.4814453125,,0,0,126,0,897,18.391332,1075052,4.62756,1903,147.1279296875,12.625754999999998,32.872789
median,2,fragments,199.26999900000192,3217.6412960000007,-17210,1048576,,72673,0,74,52.753588,-88516.0537109375,,0,0,112,0,911,18.548049,1075112,4.753995,1905,146.4072265625,12.660881999999999,33.781941
median,2,fragments,199.26999900000192,3268.6815430000006,-17210,1048576,,70061,0,75,51.040247,-88128.87109375,,0,0,91,0,932,18.845144,1075636,4.757893,1930,142.7568359375,12.922365,31.782244
median,2,fragments,199.26999900000192,3317.5270450000007,-17210,1048576,,74088,0,76,48.845502,-90461.10546875,,0,0,115,0,908,17.537809,1076236,4.672314,1903,141.7021484375,11.720668,30.871858
median,2,fragments,199.26999900000192,3368.4669400000007,-17210,1048576,,52633,0,77,50.939895,-69498.572265625,,0,0,116,0,907,17.583804,1076276,4.651136,1905,137.978515625,11.787572,32.898377
median,2,fragments,199.26999900000192,3419.5805760000007,-17210,1048576,,55531,0,78,51.113636,-72891.21484375,,0,0,105,0,918,18.313571,1076368,4.790549,1901,138.75390625,12.46848,32.371302
median,2,fragments,199.26999900000192,3468.2574770000006,-17210,1048576,,63783,0,79,48.676901,-80196.8359375,,0,0,121,0,902,18.066812,1076808,4.603207,1881,139.4580078125,12.314447,30.182524
median,2,fragments,199.26999900000192,3517.1972620000006,-17210,1048576,,77340,0,80,48.939785,-92476.88671875,,0,0,135,0,888,17.287245,1076852,4.830008,1887,137.7685546875,11.344548,31.221158
median,2,fragments,199.26999900000192,3566.387108000001,-17210,1048576,,57147,0,81,49.189846,-73238.1162109375,,0,0,119,0,904,18.397681,1077164,4.865203,1950,140.8251953125,12.411081999999999,30.39584
median,2,fragments,199.26999900000192,3617.3702000000008,-17210,1048576,,57630,0,82,50.983092,-74332.544921875,,0,0,117,0,906,18.587751,1077308,4.863091,1931,140.6953125,12.579170000000001,31.953174
median,2,fragments,199.26999900000192,3666.9575920000007,-17173,1048576,,57153,0,83,49.587392,-74251.7509765625,,0,0,102,0,921,18.5314,1077356,5.048455,2003,144.18359375,12.351550000000003,30.651229
median,2,fragments,199.26999900000192,3717.292638000001,-17173,1048576,,62234,0,84,50.335046,-78487.76953125,,0,0,116,0,907,18.614511,1078024,4.980038,1989,148.146484375,12.483789,31.291514
median,2,fragments,199.26999900000192,3766.707461000001,-17173,1048576,,62069,0,85,49.414823,-78569.955078125,,0,0,117,0,906,18.168529,1078512,5.122984,1981,151.5263671875,11.911003,30.82148
median,2,fragments,199.26999900000192,3819.612494000001,-17173,1048576,,67120,0,86,52.905033,-82705.8525390625,,0,0,113,0,910,18.555024,1079120,5.123075,1989,152.1513671875,12.297423,33.914478
median,2,fragments,199.26999900000192,3871.8593420000007,-17173,1048576,,77435,0,87,52.246848,-93439.416015625,,0,0,114,0,909,18.655121,1079432,4.745424,2000,155.0224609375,12.696028000000002,33.173415
median,2,fragments,199.26999900000192,3924.8834890000007,-17173,1048576,,85576,0,88,53.024147,-100492.1513671875,,0,0,88,0,935,19.039434,1079944,4.940144,2019,157.5927734375,12.943056,33.557985
median,2,fragments,199.26999900000192,3980.8558870000006,-17173,1048576,,69077,0,89,55.972398,-86280.875,,0,0,111,0,912,19.558765,1080644,5.182103,2007,159.794921875,13.130147000000001,35.916858
median,2,fragments,199.26999900000192,4037.0293110000007,-17173,1048576,,58074,0,90,56.173424,-74115.7587890625,,0,0,124,0,899,19.782854,1081280,5.210046,2008,161.87109375,13.340731,35.975641
median,2,fragments,199.26999900000192,4093.2603360000007,-17173,1048576,,60185,0,91,56.231025,-75850.6796875,,0,0,109,0,914,19.011132,1082456,4.995977,1993,165.208984375,12.818051,36.743761
median,2,fragments,199.26999900000192,4149.155371000001,-17173,1048576,,73143,0,92,55.895035,-88224.03125,,0,0,116,0,907,19.78428,1083420,5.365961,2021,164.6748046875,13.253819,35.702041
median,2,fragments,199.26999900000192,4206.646094000001,-16994,1048576,,62818,0,93,57.490723,-79366.0185546875,,0,0,102,0,921,19.745102,1083856,5.24203,1998,163.1025390625,13.304047999999998,37.322455
median,2,fragments,199.26999900000192,4262.3251900000005,-16994,1048576,,66538,0,94,55.679096,-81957.6201171875,,0,0,116,0,907,19.180936,1084352,5.097795,1977,162.2734375,12.934914,36.063256
median,2,fragments,199.26999900000192,4319.395762,-16943,1048576,,53427,0,95,57.070572,-69641.541015625,,0,0,111,0,912,19.924665,1085300,5.202661,2004,160.8818359375,13.445643,36.724587
median,2,fragments,199.26999900000192,4375.787308,-16943,1048576,,82215,0,96,56.391546,-98008.8388671875,,0,0,122,0,901,19.761368,1085572,5.297519,1956,159.8115234375,13.323484,36.21994
median,2,fragments,199.26999900000192,4430.816555,-16943,1048576,,78009,0,97,55.029247,-93066.8203125,,0,0,123,0,900,19.360038,1085856,5.042262,1963,154.181640625,13.147558999999998,35.245744
median,2,fragments,199.26999900000192,4486.680555,-16890,1048576,,62516,0,98,55.864,-78477.19140625,,0,0,104,0,919,19.255652,1085884,4.957458,1933,149.443359375,13.168438000000002,36.177483
median,2,fragments,199.26999900000192,4540.8241339999995,-16878,1048576,,94820,0,99,54.143579,-109283.13671875,,0,0,97,0,926,19.068698,1085916,4.941306,1920,143.4765625,12.939875,34.654571
median,2,fragments,199.26999900000192,4593.633258,-16878,1048576,,92752,0,100,52.809124,-107735.0009765625,,0,0,112,0,911,18.83097,1085944,5.08074,1913,140.6611328125,12.603556000000001,33.566516
median,2,fragments,199.26999900000192,4645.160559,-16878,1048576,,95899,0,101,51.527301,-110510.1650390625,,0,0,110,0,913,18.632952,1085956,4.880358,1901,139.9384765625,12.607177,32.475013
median,2,fragments,199.26999900000192,4697.75573,-16878,1048576,,92798,0,102,52.595171,-107789.4658203125,,0,0,97,0,926,19.026062,1085960,4.743091,1873,140.2666015625,13.151653999999999,33.161844
median,2,fragments,199.26999900000192,4749.505689,-16642,1048576,,112185,0,103,51.749959,-126604.4384765625,,0,0,105,0,918,18.48509,1085980,4.641818,1893,140.603515625,12.651900999999999,32.865202
median,2,fragments,199.26999900000192,4800.154554999999,-16642,1048576,,101114,0,104,50.648866,-115792.298828125,,0,0,121,0,902,18.561089,1085980,4.756075,1879,141.388671875,12.679759,31.674511
median,2,fragments,199.26999900000192,4850.670537999999,-16642,1048576,,78789,0,105,50.515983,-94467.7412109375,,0,0,126,0,897,18.560402,1085984,4.827362,1859,141.4345703125,12.604696,31.542765
median,2,fragments,199.26999900000192,4900.543975,-16642,1048576,,73964,0,106,49.873437,-89462.935546875,,0,0,102,0,921,18.32404,1085984,4.596409,1864,143.5263671875,12.60579,31.138869
median,2,fragments,199.26999900000192,4951.044742,-16642,1048576,,79824,0,107,50.500767,-94965.1669921875,,0,0,125,0,898,18.448531,1085988,4.635019,1848,145.861328125,12.590248999999998,31.642393
median,2,fragments,199.26999900000192,5001.162322,-16642,1048576,,91713,0,108,50.11758,-106535.7802734375,,0,0,126,0,897,18.353234,1085992,4.652775,1834,145.6337890625,12.578728,31.300481
median,2,fragments,199.26999900000192,5050.613774,-16630,1048576,,101866,0,109,49.451452,-116327.8115234375,,0,0,114,0,909,17.541773,1085992,4.595056,1859,146.119140625,11.806189999999999,31.541584
median,2,fragments,199.26999900000192,5101.932161000001,-16630,1048576,,86466,0,110,51.318387,-101389.4775390625,,0,0,122,0,901,18.129167,1085996,4.616883,1881,150.5419921875,12.379418,32.764454
median,2,fragments,199.26999900000192,5157.2685360000005,-16630,1048576,,102424,0,111,55.336375,-117868.5234375,,0,0,137,0,886,18.802497,1086040,4.622609,1818,153.353515625,13.031410999999999,36.13074
median,2,fragments,199.26999900000192,5213.263564000001,-16630,1048576,,90207,0,112,55.995028,-105297.375,,0,0,132,0,891,19.865062,1086096,4.744549,1842,164.6181640625,13.954916,35.573272
median,2,fragments,199.26999900000192,5271.375732,-16570,1048576,,72346,0,113,58.112168,-87646.6591796875,,0,0,128,0,895,20.376503,1088016,4.689254,1873,178.365234375,14.522798,37.331724
median,2,fragments,199.26999900000192,5331.337752,-16570,1048576,,73739,0,114,59.96202,-88988.4072265625,,0,0,124,0,899,20.922758,1091584,4.893657,1854,193.1318359375,14.670886000000001,38.488838
median,2,fragments,199.26999900000192,5392.318626,-16570,1048576,,64278,0,115,60.980874,-79347.8173828125,,0,0,104,0,919,20.931899,1094080,5.008931,1892,203.322265625,14.707636,39.642739
median,2,fragments,199.26999900000192,5457.81582,-15932,1048576,,53545,0,116,65.497194,-69057.90625,,0,0,117,0,906,21.785618,1098180,4.934121,1897,211.72265625,15.57795,43.283545
median,2,fragments,199.26999900000192,5522.630132,-15932,1048576,,61806,0,117,64.814312,-76738.974609375,,0,0,129,0,894,21.234502,1103676,4.954608,1922,213.697265625,14.990273,43.086624
median,2,fragments,199.26999900000192,5588.237034000001,-15932,1048576,,57593,0,118,65.606902,-72595.876953125,,0,0,115,0,908,21.356682,1107132,5.089754,1946,211.8125,14.952183999999999,43.819228
median,2,fragments,199.26999900000192,5656.6927670000005,-15932,1048576,,63789,0,119,68.455733,-79222.2919921875,,0,0,107,0,916,21.654369,1109736,4.959495,1956,208.2939453125,15.332432999999998,46.327995
median,2,fragments,199.26999900000192,5723.103557,-15932,1048576,,53202,0,120,66.41079,-68456.5908203125,,0,0,106,0,917,21.617532,1111340,4.959843,1940,204.69921875,15.312703,44.360997
median,2,fragments,199.26999900000192,5788.183306000001,-15932,1048576,,75689,0,121,65.079749,-90355.9580078125,,0,0,113,0,910,21.121666,1111780,4.905507,1924,201.2216796875,14.887811000000001,43.520429
median,2,fragments,199.26999900000192,5852.641014000001,-15928,1048576,,74758,0,122,64.457708,-89553.931640625,,0,0,101,0,922,20.935455,1112392,4.874674,1927,201.9345703125,14.762726000000002,43.024818
median,2,fragments,199.26999900000192,5918.598349000001,-15928,1048576,,72720,0,123,65.957335,-87351.4951171875,,0,0,115,0,908,20.642865,1112744,4.800313,1862,198.3291015625,14.621068000000001,44.880543
median,2,fragments,199.26999900000192,5983.446421000001,-15928,1048576,,95267,0,124,64.848072,-109236.82421875,,0,0,102,0,921,20.540708,1113428,4.932023,1880,198.552734375,14.368671999999998,43.88806
median,2,fragments,199.26999900000192,6051.016082,-15902,1048576,,83579,0,125,67.569661,-98161.1474609375,,0,0,127,0,896,21.300261,1113688,4.877525,1818,198.28515625,15.227212999999999,45.784547
median,2,fragments,199.26999900000192,6115.744058,-15902,1048576,,69774,0,126,64.727976,-84818.7529296875,,0,0,102,0,921,21.506642,1113864,4.966341,1882,196.2041015625,15.313125999999999,42.815697
median,2,fragments,199.26999900000192,6182.271426,-15902,1048576,,59626,0,127,66.527368,-74706.7001953125,,0,0,123,0,900,21.430156,1115036,4.80947,1846,192.794921875,15.238502,44.688974
