task,seed,mode,cold_charged_ms,prefix_ms,best,cases,changed_final_offspring,errors,eval_ms,eval_profile,fallbacks,generation,generation_ms,host_rss_kb,kernel_ms,live_fragments,mean,mean_nodes,pack_ms,rejected,repro_ms,timeouts,unchanged,unscored
sum_of_elements,0,fragments,218.74986700000227,294.2850670000023,0,1048576,870,318332,55.089059,int-list-views-typed-sorted-direct-root-window-unboxed-bound-add,0,0,75.5352,1009208,44.244251,2337,-873309.2548828125,48.3427734375,9.801490000000001,0,19.395068,0,153,0
sum_of_elements,0,fragments,218.74986700000227,361.7364390000023,0,1048576,807,110702,55.732028,int-list-views-typed-sorted-direct-root-window-unboxed-bound-add,0,1,67.451372,1009504,47.20613,1992,-818122.6689453125,38.4345703125,7.721796999999999,0,11.005449,0,216,0
sum_of_elements,0,fragments,218.74986700000227,429.2987650000023,0,1048576,781,30647,58.593102,int-list-views-typed-sorted-direct-root-window-unboxed-bound-add,0,2,67.562326,1009684,50.882197,1860,-790202.0703125,36.8701171875,6.958411000000001,0,8.35101,0,242,0
sum_of_elements,0,fragments,218.74986700000227,496.1264590000023,0,1048576,788,11462,58.116627,int-list-views-typed-sorted-direct-root-window-unboxed-bound-add,0,3,66.827694,1009796,50.581999,1813,-772623.98046875,35.138671875,6.724463,0,8.129532,0,235,0
sum_of_elements,0,fragments,218.74986700000227,561.8385790000023,0,1048576,817,17391,56.876413,int-list-views-typed-sorted-direct-root-window-unboxed-bound-add,0,4,65.71212,1009864,49.448989,1808,-760268.966796875,36.9541015625,6.683814,0,8.223962,0,206,0
sum_of_elements,0,fragments,218.74986700000227,627.3168160000023,0,1048576,791,23546,56.54103,int-list-views-typed-sorted-direct-root-window-unboxed-bound-add,0,5,65.478237,1009952,48.557597,1808,-735462.21875,39.7724609375,7.207864,0,8.374179,0,232,0
sum_of_elements,0,fragments,218.74986700000227,694.2272610000023,0,1048576,776,16384,58.093514,int-list-views-typed-sorted-direct-root-window-unboxed-bound-add,0,6,66.910445,1010008,49.911686,1793,-709352.6923828125,41.845703125,7.408688000000001,0,8.180696,0,247,0
sum_of_elements,0,fragments,218.74986700000227,763.1366890000023,0,1048576,813,28436,58.947463,int-list-views-typed-sorted-direct-root-window-unboxed-bound-add,0,7,68.909428,1010036,50.923133,1747,-679559.9638671875,44.306640625,7.233186999999996,0,9.380388,0,210,0
sum_of_elements,0,fragments,218.74986700000227,830.5343740000023,0,1048576,831,23291,57.579687,int-list-views-typed-sorted-direct-root-window-unboxed-bound-add,0,8,67.397685,1010056,49.119673,1811,-637123.5732421875,45.4892578125,7.653181000000004,0,9.244009,0,192,0
sum_of_elements,0,fragments,218.74986700000227,897.9391220000024,0,1048576,816,24918,57.065517,int-list-views-typed-sorted-direct-root-window-unboxed-bound-add,0,9,67.404748,1010132,48.910483,1788,-612290.1494140625,48.451171875,7.397798999999998,0,9.715623,0,207,0
sum_of_elements,0,fragments,218.74986700000227,966.9620310000024,0,1048576,857,31820,57.787605,int-list-views-typed-sorted-direct-root-window-unboxed-bound-add,0,10,69.022909,1010312,49.165425,1796,-566647.24609375,51.658203125,7.8134489999999985,0,10.617403,0,166,0
sum_of_elements,0,fragments,218.74986700000227,1039.8710880000024,0,1048576,855,24628,60.879067,int-list-views-typed-sorted-direct-root-window-unboxed-bound-add,0,11,72.909057,1010548,52.076657,1813,-523120.5869140625,56.353515625,7.984248,0,11.392795,0,168,0
sum_of_elements,0,fragments,218.74986700000227,1112.4340960000025,0,1048576,857,33228,60.012648,int-list-views-typed-sorted-direct-root-window-unboxed-bound-add,0,12,72.563008,1010704,50.286067,1809,-477132.0107421875,57.99609375,8.784378,0,11.896429,0,166,0
sum_of_elements,0,fragments,218.74986700000227,1184.5804990000024,0,1048576,881,33010,59.23266,int-list-views-typed-sorted-direct-root-window-unboxed-bound-add,0,13,72.146403,1010816,50.086662,1840,-443955.6767578125,59.0791015625,8.281361000000004,0,12.211222,0,142,0
sum_of_elements,0,fragments,218.74986700000227,1257.7589240000025,0,1048576,873,40763,60.115285,int-list-views-typed-sorted-direct-root-window-unboxed-bound-add,0,14,73.178425,1010968,50.955499,1865,-404563.14453125,60.275390625,8.332300000000004,0,12.390227,0,150,0
sum_of_elements,0,fragments,218.74986700000227,1332.1713170000025,0,1048576,866,49578,60.963726,int-list-views-typed-sorted-direct-root-window-unboxed-bound-add,0,15,74.412393,1011124,51.59705,1862,-382992.6044921875,61.72265625,8.531255000000005,0,12.720822,0,157,0
sum_of_elements,0,fragments,218.74986700000227,1405.0664150000025,0,1048576,872,40391,59.560344,int-list-views-typed-sorted-direct-root-window-unboxed-bound-add,0,16,72.895098,1011240,50.177484,1866,-336314.4228515625,61.798828125,8.551325999999998,0,12.646565,0,151,0
sum_of_elements,0,fragments,218.74986700000227,1478.9037360000025,0,1048576,871,48164,59.984463,int-list-views-typed-sorted-direct-root-window-unboxed-bound-add,0,17,73.837321,1011368,50.597255,1842,-300816.2265625,60.544921875,8.553137,0,13.144218,0,152,0
sum_of_elements,0,fragments,218.74986700000227,1552.3968810000024,0,1048576,859,64423,59.099822,int-list-views-typed-sorted-direct-root-window-unboxed-bound-add,0,18,73.493145,1011400,49.672828,1812,-268599.6474609375,56.8349609375,8.537334000000005,0,13.711413,0,164,0
sum_of_elements,0,fragments,218.74986700000227,1626.5392390000025,0,1048576,840,47021,60.770608,int-list-views-typed-sorted-direct-root-window-unboxed-bound-add,0,19,74.142358,1011448,51.056914,1788,-247495.3466796875,54.28125,8.84084,0,12.520751,0,183,0
sum_of_elements,0,fragments,218.74986700000227,1698.0957310000024,0,1048576,838,57400,59.659673,int-list-views-typed-sorted-direct-root-window-unboxed-bound-add,0,20,71.556492,1011456,49.762467,1792,-229278.2255859375,50.388671875,9.040049,0,11.191207,0,185,0
sum_of_elements,0,fragments,218.74986700000227,1766.6908070000025,0,1048576,847,83838,57.125428,int-list-views-typed-sorted-direct-root-window-unboxed-bound-add,0,21,68.595076,1011456,48.378379,1802,-251347.591796875,48.083984375,7.944486999999996,0,10.803573,0,176,0
sum_of_elements,0,fragments,218.74986700000227,1836.4035590000024,0,1048576,832,64742,57.953911,int-list-views-typed-sorted-direct-root-window-unboxed-bound-add,0,22,69.712752,1011464,49.266419,1748,-215446.66015625,44.2998046875,7.878786,0,11.107764,0,191,0
sum_of_elements,0,fragments,218.74986700000227,1903.9052240000024,0,1048576,808,61817,57.016152,int-list-views-typed-sorted-direct-root-window-unboxed-bound-add,0,23,67.501665,1011464,48.136137,1740,-210474.8408203125,41.791015625,8.123994,0,9.819129,0,215,0
sum_of_elements,0,fragments,218.74986700000227,1970.3107530000025,0,1048576,814,72421,56.564251,int-list-views-typed-sorted-direct-root-window-unboxed-bound-add,0,24,66.405529,1011464,48.433503,1743,-207536.20703125,39.1357421875,7.378222000000001,0,9.144135,0,209,0
sum_of_elements,0,fragments,218.74986700000227,2035.5030440000025,0,1048576,793,86091,55.991132,int-list-views-typed-sorted-direct-root-window-unboxed-bound-add,0,25,65.192291,1011464,47.758534,1727,-216759.876953125,36.7734375,7.484153,0,8.58317,0,230,0
sum_of_elements,0,fragments,218.74986700000227,2099.1679500000027,0,1048576,817,81626,54.926487,int-list-views-typed-sorted-direct-root-window-unboxed-bound-add,0,26,63.664906,1011464,47.092048,1751,-221923.861328125,34.8505859375,7.090766,0,8.088364,0,206,0
sum_of_elements,0,fragments,218.74986700000227,2161.776980000003,0,1048576,801,78060,54.242727,int-list-views-typed-sorted-direct-root-window-unboxed-bound-add,0,27,62.60903,1011468,46.430856,1751,-239413.720703125,33.556640625,7.047264000000004,0,7.764621,0,222,0
sum_of_elements,0,fragments,218.74986700000227,2224.854929000003,0,1048576,789,70698,54.354467,int-list-views-typed-sorted-direct-root-window-unboxed-bound-add,0,28,63.077949,1011472,46.817674,1705,-260025.0048828125,32.7578125,6.779712999999997,0,8.097226,0,234,0
sum_of_elements,0,fragments,218.74986700000227,2287.5359970000027,0,1048576,801,71841,54.368271,int-list-views-typed-sorted-direct-root-window-unboxed-bound-add,0,29,62.681068,1011472,46.505515,1717,-231894.828125,31.4765625,7.098567000000001,0,7.725135,0,222,0
sum_of_elements,0,fragments,218.74986700000227,2350.463415000003,0,1048576,760,72945,55.084881,int-list-views-typed-sorted-direct-root-window-unboxed-bound-add,0,30,62.927418,1011472,47.435553,1689,-243388.0888671875,30.626953125,6.855195000000002,0,7.268665,0,263,0
sum_of_elements,0,fragments,218.74986700000227,2413.104255000003,0,1048576,809,59750,55.272294,int-list-views-typed-sorted-direct-root-window-unboxed-bound-add,0,31,62.64084,1011472,47.851995,1713,-247076.8701171875,30,6.62453,0,6.846382,0,214,0
sum_of_elements,0,fragments,218.74986700000227,2475.317092000003,0,1048576,806,54651,54.906372,int-list-views-typed-sorted-direct-root-window-unboxed-bound-add,0,32,62.212837,1011472,47.668773,1742,-237782.0341796875,29.259765625,6.484244000000001,0,6.725611,0,217,0
sum_of_elements,0,fragments,218.74986700000227,2536.436308000003,0,1048576,754,64898,53.924155,int-list-views-typed-sorted-direct-root-window-unboxed-bound-add,0,33,61.119216,1011472,46.895667,1711,-242282.69921875,28.373046875,6.277284999999997,0,6.660588,0,269,0
sum_of_elements,0,fragments,218.74986700000227,2596.669454000003,0,1048576,804,81453,53.026107,int-list-views-typed-sorted-direct-root-window-unboxed-bound-add,0,34,60.233146,1011472,45.864096,1742,-260141.56640625,28.0498046875,6.378211000000006,0,6.679861,0,219,0
sum_of_elements,0,fragments,218.74986700000227,2656.694489000003,0,1048576,759,73071,53.075554,int-list-views-typed-sorted-direct-root-window-unboxed-bound-add,0,35,60.025035,1011472,45.986404,1709,-246102.1357421875,26.7841796875,6.323673999999995,0,6.399324,0,264,0
sum_of_elements,0,fragments,218.74986700000227,2716.837842000003,0,1048576,735,56133,53.307365,int-list-views-typed-sorted-direct-root-window-unboxed-bound-add,0,36,60.143353,1011472,46.47711,1645,-240363.08984375,26.2978515625,6.053502999999997,0,6.27667,0,288,0
sum_of_elements,0,fragments,218.74986700000227,2776.089559000003,0,1048576,768,67579,52.393521,int-list-views-typed-sorted-direct-root-window-unboxed-bound-add,0,37,59.251717,1011472,45.642534,1671,-258174.755859375,26.40625,5.883427000000001,0,6.270016,0,255,0
sum_of_elements,0,fragments,218.74986700000227,2835.5516980000034,0,1048576,724,61414,52.957242,int-list-views-typed-sorted-direct-root-window-unboxed-bound-add,0,38,59.462139,1011472,45.874652,1616,-259781.29296875,26.064453125,6.295181999999999,0,5.977171,0,299,0
sum_of_elements,0,fragments,218.74986700000227,2894.1871060000035,0,1048576,752,57327,52.045619,int-list-views-typed-sorted-direct-root-window-unboxed-bound-add,0,39,58.635408,1011472,45.391371,1638,-245282.623046875,25.79296875,5.895663000000001,0,6.041015,0,271,0
sum_of_elements,0,fragments,218.74986700000227,2952.3498200000035,0,1048576,716,55637,51.825651,int-list-views-typed-sorted-direct-root-window-unboxed-bound-add,0,40,58.162714,1011472,44.997832,1571,-271635.9453125,25.7431640625,6.080728999999997,0,5.829432,0,307,0
sum_of_elements,0,fragments,218.74986700000227,3010.7103940000034,0,1048576,758,57665,51.861201,int-list-views-typed-sorted-direct-root-window-unboxed-bound-add,0,41,58.360574,1011472,45.248363,1588,-248732.015625,25.271484375,5.843846,0,5.953671,0,265,0
sum_of_elements,0,fragments,218.74986700000227,3069.719998000003,0,1048576,743,55493,52.702433,int-list-views-typed-sorted-direct-root-window-unboxed-bound-add,0,42,59.009604,1011472,45.761673,1618,-259089.3359375,24.6298828125,6.173042999999998,0,5.808596,0,280,0
sum_of_elements,0,fragments,218.74986700000227,3127.575488000003,0,1048576,730,65512,51.526937,int-list-views-typed-sorted-direct-root-window-unboxed-bound-add,0,43,57.85549,1011472,44.722681,1578,-270206.1328125,24.728515625,5.940312999999994,0,5.820585,0,293,0
sum_of_elements,0,fragments,218.74986700000227,3185.7293850000033,0,1048576,726,57548,51.846551,int-list-views-typed-sorted-direct-root-window-unboxed-bound-add,0,44,58.153897,1011472,45.316406,1570,-256542.0009765625,24.28125,5.730915999999997,0,5.815446,0,297,0
sum_of_elements,0,fragments,218.74986700000227,3244.5027230000032,0,1048576,731,64496,52.221838,int-list-views-typed-sorted-direct-root-window-unboxed-bound-add,0,45,58.773338,1011472,45.536317,1542,-243335.89453125,24.0654296875,5.850465,0,6.04926,0,292,0
sum_of_elements,0,fragments,218.74986700000227,3302.0824550000034,0,1048576,738,77686,51.582027,int-list-views-typed-sorted-direct-root-window-unboxed-bound-add,0,46,57.579732,1011472,44.896192,1567,-253558.080078125,23.546875,5.898338999999994,0,5.436364,0,285,0
sum_of_elements,0,fragments,218.74986700000227,3359.8756700000035,0,1048576,708,56310,52.072326,int-list-views-typed-sorted-direct-root-window-unboxed-bound-add,0,47,57.793215,1011472,45.358492,1557,-270342.0556640625,23.4560546875,5.880857999999996,0,5.179681,0,315,0
sum_of_elements,0,fragments,218.74986700000227,3417.5112920000033,0,1048576,723,48484,51.52589,int-list-views-typed-sorted-direct-root-window-unboxed-bound-add,0,48,57.635622,1011472,45.045888,1553,-263790.0234375,23.439453125,5.7418689999999994,0,5.464401,0,300,0
sum_of_elements,0,fragments,218.74986700000227,3474.8938820000035,0,1048576,704,63156,51.455829,int-list-views-typed-sorted-direct-root-window-unboxed-bound-add,0,49,57.38259,1011472,45.010399,1511,-260221.650390625,23.376953125,5.635832999999999,0,5.445093,0,319,0
sum_of_elements,0,fragments,218.74986700000227,3531.7390730000034,0,1048576,696,52285,51.002541,int-list-views-typed-sorted-direct-root-window-unboxed-bound-add,0,50,56.845191,1011472,44.713185,1513,-239451.267578125,23.251953125,5.5448080000000015,0,5.364936,0,327,0
sum_of_elements,0,fragments,218.74986700000227,3589.5536080000034,0,1048576,727,46790,51.689122,int-list-views-typed-sorted-direct-root-window-unboxed-bound-add,0,51,57.814535,1011472,45.290976,1539,-256095.7822265625,23.546875,5.655465999999996,0,5.637662,0,296,0
sum_of_elements,0,fragments,218.74986700000227,3646.9254390000033,0,1048576,707,53598,51.05461,int-list-views-typed-sorted-direct-root-window-unboxed-bound-add,0,52,57.371831,1011472,44.577355,1511,-266036.2197265625,23.2265625,5.730981999999994,0,5.747142,0,316,0
sum_of_elements,0,fragments,218.74986700000227,3705.0894240000034,0,1048576,711,35089,52.440361,int-list-views-typed-sorted-direct-root-window-unboxed-bound-add,0,53,58.163985,1011472,45.783356,1562,-254226.865234375,22.8603515625,5.879056000000002,0,5.23278,0,312,0
sum_of_elements,0,fragments,218.74986700000227,3762.7569890000036,0,1048576,707,39629,51.982172,int-list-views-typed-sorted-direct-root-window-unboxed-bound-add,0,54,57.667565,1011472,45.757748,1565,-262734.818359375,22.8955078125,5.480818999999996,0,5.198677,0,316,0
sum_of_elements,0,fragments,218.74986700000227,3819.9570100000037,0,1048576,700,38882,51.322688,int-list-views-typed-sorted-direct-root-window-unboxed-bound-add,0,55,57.200021,1011472,44.900562,1537,-265671.2373046875,23.275390625,5.654073999999999,0,5.38323,0,323,0
sum_of_elements,0,fragments,218.74986700000227,3877.1465880000037,0,1048576,678,41966,51.633513,int-list-views-typed-sorted-direct-root-window-unboxed-bound-add,0,56,57.189578,1011472,45.239271,1529,-260401.798828125,23.109375,5.61994,0,5.063207,0,345,0
sum_of_elements,0,fragments,218.74986700000227,3935.026450000004,0,1048576,704,34551,52.040544,int-list-views-typed-sorted-direct-root-window-unboxed-bound-add,0,57,57.879862,1011472,45.842464,1506,-255916.41796875,23.1591796875,5.451586999999999,0,5.350034,0,319,0
sum_of_elements,0,fragments,218.74986700000227,3992.764993000004,0,1048576,695,36860,51.909408,int-list-views-typed-sorted-direct-root-window-unboxed-bound-add,0,58,57.738543,1011472,45.660341,1508,-257094.4013671875,22.93359375,5.500015000000001,0,5.311922,0,328,0
sum_of_elements,0,fragments,218.74986700000227,4049.5865880000038,0,1048576,669,49132,50.912575,int-list-views-typed-sorted-direct-root-window-unboxed-bound-add,0,59,56.821595,1011472,44.383472,1479,-260027.083984375,22.5126953125,5.791684999999994,0,5.43188,0,354,0
sum_of_elements,0,fragments,218.74986700000227,4107.313258000004,0,1048576,676,35014,51.772571,int-list-views-typed-sorted-direct-root-window-unboxed-bound-add,0,60,57.72667,1011472,45.212564,1500,-254968.95703125,22.3388671875,5.713363000000001,0,5.459189,0,347,0
sum_of_elements,0,fragments,218.74986700000227,4164.4928400000035,0,1048576,650,30701,51.497921,int-list-views-typed-sorted-direct-root-window-unboxed-bound-add,0,61,57.179582,1011472,45.49746,1448,-247973.078125,22.4248046875,5.265765999999995,0,5.124188,0,373,0
sum_of_elements,0,fragments,218.74986700000227,4223.606799000004,0,1048576,639,28658,52.389137,int-list-views-typed-sorted-direct-root-window-unboxed-bound-add,0,62,59.113959,1011472,45.37079,1443,-229314.361328125,22.3310546875,6.170337,0,6.138516,0,384,0
sum_of_elements,0,fragments,218.74986700000227,4281.373294000004,0,1048576,668,26396,52.316611,int-list-views-typed-sorted-direct-root-window-unboxed-bound-add,0,63,57.766495,1011472,45.915979,1468,-228397.7646484375,21.9609375,5.539993,0,4.955304,0,355,0
sum_of_elements,0,fragments,218.74986700000227,4340.505702000004,0,1048576,660,27631,52.569581,int-list-views-typed-sorted-direct-root-window-unboxed-bound-add,0,64,59.132408,1011472,46.505709,1447,-257256.2490234375,21.6484375,5.299492999999998,0,5.966287,0,363,0
sum_of_elements,0,fragments,218.74986700000227,4398.640164000004,0,1048576,644,30854,52.666215,int-list-views-typed-sorted-direct-root-window-unboxed-bound-add,0,65,58.134462,1011472,46.34295,1422,-249319.3828125,21.3955078125,5.551748,0,4.955642,0,379,0
sum_of_elements,0,fragments,218.74986700000227,4455.199590000004,0,1048576,642,25592,51.399464,int-list-views-typed-sorted-direct-root-window-unboxed-bound-add,0,66,56.559426,1011472,45.560716,1418,-231908.767578125,21.27734375,5.109182000000002,0,4.680462,0,381,0
sum_of_elements,0,fragments,218.74986700000227,4511.309808000004,0,1048576,652,46045,50.642059,int-list-views-typed-sorted-direct-root-window-unboxed-bound-add,0,67,56.110218,1011472,44.683923,1443,-252434.6982421875,21.38671875,5.228638000000005,0,5.003722,0,371,0
sum_of_elements,0,fragments,218.74986700000227,4568.781439000004,0,1048576,665,35679,52.122272,int-list-views-typed-sorted-direct-root-window-unboxed-bound-add,0,68,57.471631,1011472,45.857765,1420,-256035.419921875,21.59375,5.542468,0,4.857995,0,358,0
sum_of_elements,0,fragments,218.74986700000227,4625.5040940000035,0,1048576,633,26618,51.280069,int-list-views-typed-sorted-direct-root-window-unboxed-bound-add,0,69,56.722655,1011472,45.047739,1405,-251441.6201171875,21.744140625,5.491167,0,4.94247,0,390,0
sum_of_elements,0,fragments,218.74986700000227,4681.642410000003,0,1048576,646,32749,50.903255,int-list-views-typed-sorted-direct-root-window-unboxed-bound-add,0,70,56.138316,1011472,44.921312,1401,-239271.568359375,21.6328125,5.185908,0,4.764349,0,377,0
sum_of_elements,0,fragments,218.74986700000227,4737.640469000003,0,1048576,652,27642,50.548972,int-list-views-typed-sorted-direct-root-window-unboxed-bound-add,0,71,55.998059,1011472,44.558656,1407,-241920.615234375,21.6962890625,5.2242750000000004,0,4.978852,0,371,0
sum_of_elements,0,fragments,218.74986700000227,4794.251623000003,0,1048576,640,26569,51.493526,int-list-views-typed-sorted-direct-root-window-unboxed-bound-add,0,72,56.611154,1011472,45.351865,1403,-249771.92578125,21.62109375,5.406052000000001,0,4.657589,0,383,0
sum_of_elements,0,fragments,218.74986700000227,4850.398244000003,0,1048576,623,20368,50.553529,int-list-views-typed-sorted-direct-root-window-unboxed-bound-add,0,73,56.146621,1011472,44.638727,1352,-255782.94140625,21.4765625,5.135918999999995,0,5.055391,0,400,0
sum_of_elements,0,fragments,218.74986700000227,4907.536830000003,0,1048576,627,18419,51.925058,int-list-views-typed-sorted-direct-root-window-unboxed-bound-add,0,74,57.138586,1011472,45.644076,1345,-230561.015625,20.859375,5.549654000000002,0,4.763512,0,396,0
sum_of_elements,0,fragments,218.74986700000227,4963.651914000003,0,1048576,629,20691,50.902154,int-list-views-typed-sorted-direct-root-window-unboxed-bound-add,0,75,56.115084,1011472,44.830461,1332,-228643.9931640625,21.130859375,5.348270000000006,0,4.763821,0,394,0
sum_of_elements,0,fragments,218.74986700000227,5019.613744000003,0,1048576,578,17408,50.619749,int-list-views-typed-sorted-direct-root-window-unboxed-bound-add,0,76,55.96183,1011472,44.865035,1300,-239252.376953125,21.2734375,5.034601,0,4.764135,0,445,0
sum_of_elements,0,fragments,218.74986700000227,5075.843367000003,0,1048576,613,20476,50.665728,int-list-views-typed-sorted-direct-root-window-unboxed-bound-add,0,77,56.229623,1011472,44.774949,1287,-234425.958984375,21.2294921875,5.164162000000003,0,5.05975,0,410,0
sum_of_elements,0,fragments,218.74986700000227,5132.134447000003,0,1048576,578,31736,50.977785,int-list-views-typed-sorted-direct-root-window-unboxed-bound-add,0,78,56.29108,1011472,44.945079,1272,-240086.3896484375,21.0556640625,5.271061999999995,0,4.859768,0,445,0
sum_of_elements,0,fragments,218.74986700000227,5188.610145000003,0,1048576,596,20476,51.386251,int-list-views-typed-sorted-direct-root-window-unboxed-bound-add,0,79,56.475698,1011472,45.356921,1299,-264933.421875,20.9140625,5.247623000000003,0,4.639722,0,427,0
sum_of_elements,0,fragments,218.74986700000227,5247.1835370000035,0,1048576,592,17399,53.321374,int-list-views-typed-sorted-direct-root-window-unboxed-bound-add,0,80,58.573392,1011472,47.260844,1306,-242648.31640625,21.3583984375,5.312141000000002,0,4.797217,0,431,0
sum_of_elements,0,fragments,218.74986700000227,5303.0227520000035,0,1048576,589,33754,50.626681,int-list-views-typed-sorted-direct-root-window-unboxed-bound-add,0,81,55.839215,1011472,44.698648,1279,-274768.4033203125,21.31640625,5.202468,0,4.673038,0,434,0
sum_of_elements,0,fragments,218.74986700000227,5359.474491000004,0,1048576,561,22416,51.607967,int-list-views-typed-sorted-direct-root-window-unboxed-bound-add,0,82,56.451739,1011472,45.859841,1223,-250127.373046875,20.8173828125,5.019840000000002,0,4.39274,0,462,0
sum_of_elements,0,fragments,218.74986700000227,5416.471099000004,0,1048576,560,22458,51.90104,int-list-views-typed-sorted-direct-root-window-unboxed-bound-add,0,83,56.996608,1011472,46.127973,1205,-237849.796875,20.6279296875,5.048611000000001,0,4.6496,0,463,0
sum_of_elements,0,fragments,218.74986700000227,5473.222667000004,0,1048576,576,17406,51.752222,int-list-views-typed-sorted-direct-root-window-unboxed-bound-add,0,84,56.751568,1011472,45.691705,1200,-234384.5771484375,20.47265625,5.222446000000003,0,4.56259,0,447,0
sum_of_elements,0,fragments,218.74986700000227,5529.901639000003,0,1048576,565,21502,51.550702,int-list-views-typed-sorted-direct-root-window-unboxed-bound-add,0,85,56.678972,1011472,45.57099,1213,-234427.1865234375,20.8212890625,5.158801000000002,0,4.583059,0,458,0
sum_of_elements,0,fragments,218.74986700000227,5587.537301000003,0,1048576,552,17406,52.639581,int-list-views-typed-sorted-direct-root-window-unboxed-bound-add,0,86,57.635662,1011472,46.870514,1215,-237482.8037109375,20.8349609375,5.000178,0,4.554379,0,471,0
sum_of_elements,0,fragments,218.74986700000227,5643.572212000003,0,1048576,535,30647,50.951571,int-list-views-typed-sorted-direct-root-window-unboxed-bound-add,0,87,56.034911,1011472,45.134678,1158,-262006.740234375,20.51953125,5.017965999999999,0,4.544504,0,488,0
sum_of_elements,0,fragments,218.74986700000227,5700.428402000003,0,1048576,540,20476,51.744681,int-list-views-typed-sorted-direct-root-window-unboxed-bound-add,0,88,56.85619,1011472,45.856635,1123,-234478.619140625,20.703125,5.165806999999997,0,4.587212,0,483,0
sum_of_elements,0,fragments,218.74986700000227,5758.514005000004,0,1048576,570,19452,52.585482,int-list-views-typed-sorted-direct-root-window-unboxed-bound-add,0,89,58.085603,1011472,45.93333,1202,-231907.6728515625,20.490234375,5.775900999999999,0,4.720304,0,453,0
sum_of_elements,0,fragments,218.74986700000227,5815.786081000004,0,1048576,600,19454,52.48738,int-list-views-typed-sorted-direct-root-window-unboxed-bound-add,0,90,57.272076,1011472,45.963279,1271,-275183.8857421875,20.453125,5.744907000000005,0,4.310914,0,423,0
sum_of_elements,0,fragments,218.74986700000227,5873.2010130000035,0,1048576,578,24570,52.435552,int-list-views-typed-sorted-direct-root-window-unboxed-bound-add,0,91,57.414932,1011472,46.711081,1226,-274492.7578125,20.400390625,5.000661999999999,0,4.517931,0,445,0
sum_of_elements,0,fragments,218.74986700000227,5930.948128000004,0,1048576,587,18432,52.61565,int-list-views-typed-sorted-direct-root-window-unboxed-bound-add,0,92,57.747115,1011472,46.62674,1241,-247014.1005859375,20.6982421875,5.267070000000005,0,4.67691,0,436,0
sum_of_elements,0,fragments,218.74986700000227,5987.643133000003,0,1048576,561,12288,51.59407,int-list-views-typed-sorted-direct-root-window-unboxed-bound-add,0,93,56.695005,1011472,45.902356,1228,-251325.203125,20.4609375,4.970153000000005,0,4.638136,0,462,0
sum_of_elements,0,fragments,218.74986700000227,6045.1915510000035,0,1048576,581,22519,52.469133,int-list-views-typed-sorted-direct-root-window-unboxed-bound-add,0,94,57.548418,1011472,46.809924,1253,-244847.2060546875,20.189453125,4.934728999999996,0,4.602683,0,442,0
sum_of_elements,0,fragments,218.74986700000227,6101.947826000003,0,1048576,581,18343,51.711112,int-list-views-typed-sorted-direct-root-window-unboxed-bound-add,0,95,56.756275,1011472,45.813382,1258,-249082.7119140625,20.2841796875,5.148932,0,4.529251,0,442,0
sum_of_elements,0,fragments,218.74986700000227,6159.085662000003,0,1048576,575,23544,52.065257,int-list-views-typed-sorted-direct-root-window-unboxed-bound-add,0,96,57.137836,1011472,45.938578,1232,-253798.4716796875,20.068359375,5.393646000000002,0,4.597703,0,448,0
sum_of_elements,0,fragments,218.74986700000227,6215.554766000003,0,1048576,559,14334,51.752797,int-list-views-typed-sorted-direct-root-window-unboxed-bound-add,0,97,56.469104,1011472,45.860558,1221,-245436.1396484375,19.9990234375,5.101156,0,4.229553,0,464,0
sum_of_elements,0,fragments,218.74986700000227,6272.632853000003,0,1048576,567,18423,51.881113,int-list-views-typed-sorted-direct-root-window-unboxed-bound-add,0,98,57.078087,1011472,46.13209,1217,-242675.26171875,20.0615234375,4.959280999999997,0,4.649691,0,456,0
sum_of_elements,0,fragments,218.74986700000227,6328.750392000003,0,1048576,603,19452,51.094292,int-list-views-typed-sorted-direct-root-window-unboxed-bound-add,0,99,56.117539,1011472,45.351563,1257,-242175.5634765625,20.30078125,5.018773000000005,0,4.565886,0,420,0
sum_of_elements,0,fragments,218.74986700000227,6385.0844270000025,0,1048576,610,12282,51.308133,int-list-views-typed-sorted-direct-root-window-unboxed-bound-add,0,100,56.334035,1011472,45.599603,1297,-246505.09375,20.603515625,4.934999999999997,0,4.56091,0,413,0
sum_of_elements,0,fragments,218.74986700000227,6442.385846000003,0,1048576,601,24564,52.079818,int-list-views-typed-sorted-direct-root-window-unboxed-bound-add,0,101,57.301419,1011472,46.120005,1290,-275500.77734375,20.5400390625,5.194420000000003,0,4.683393,0,422,0
sum_of_elements,0,fragments,218.74986700000227,6500.467661000002,0,1048576,617,20476,52.649115,int-list-views-typed-sorted-direct-root-window-unboxed-bound-add,0,102,58.081815,1011472,46.534605,1255,-266816.904296875,20.6513671875,5.292168000000004,0,4.802898,0,406,0
sum_of_elements,0,fragments,218.74986700000227,6557.0125750000025,0,1048576,591,16380,51.670692,int-list-views-typed-sorted-direct-root-window-unboxed-bound-add,0,103,56.544914,1011472,45.773642,1285,-258039.9072265625,20.669921875,5.1556330000000035,0,4.422809,0,432,0
sum_of_elements,0,fragments,218.74986700000227,6613.3981440000025,0,1048576,586,19454,51.43408,int-list-views-typed-sorted-direct-root-window-unboxed-bound-add,0,104,56.385569,1011472,45.672739,1276,-265138.8603515625,20.5009765625,5.034387000000001,0,4.494509,0,437,0
sum_of_elements,0,fragments,218.74986700000227,6669.790791000002,0,1048576,594,14334,51.414998,int-list-views-typed-sorted-direct-root-window-unboxed-bound-add,0,105,56.392647,1011472,45.71649,1273,-251473.4970703125,20.4404296875,4.969745999999997,0,4.518403,0,429,0
sum_of_elements,0,fragments,218.74986700000227,6726.327653000002,0,1048576,599,20476,51.485006,int-list-views-typed-sorted-direct-root-window-unboxed-bound-add,0,106,56.536862,1011472,45.832519,1259,-265456.30859375,20.80859375,4.9325389999999985,0,4.595453,0,424,0
sum_of_elements,0,fragments,218.74986700000227,6782.298194000002,0,1048576,577,17404,50.925544,int-list-views-typed-sorted-direct-root-window-unboxed-bound-add,0,107,55.970541,1011472,45.159014,1279,-260793.60546875,21.251953125,5.029707000000002,0,4.497593,0,446,0
sum_of_elements,0,fragments,218.74986700000227,6838.432176000002,0,1048576,580,20455,50.949985,int-list-views-typed-sorted-direct-root-window-unboxed-bound-add,0,108,56.133982,1011472,44.920941,1273,-253875.400390625,20.8251953125,5.251544999999998,0,4.640585,0,443,0
sum_of_elements,0,fragments,218.74986700000227,6896.085364000002,0,1048576,587,17406,52.399529,int-list-views-typed-sorted-direct-root-window-unboxed-bound-add,0,109,57.653188,1011472,46.165078,1255,-238866.7119140625,21.140625,5.437794000000002,0,4.765299,0,436,0
sum_of_elements,0,fragments,218.74986700000227,6952.577801000002,0,1048576,567,28665,51.326304,int-list-views-typed-sorted-direct-root-window-unboxed-bound-add,0,110,56.492437,1011472,45.133945,1236,-261235.1943359375,21.3427734375,5.458985000000002,0,4.66903,0,456,0
sum_of_elements,0,fragments,218.74986700000227,7010.125793000002,0,1048576,591,20476,52.394931,int-list-views-typed-sorted-direct-root-window-unboxed-bound-add,0,111,57.547992,1011472,46.061239,1248,-241358.75390625,20.908203125,5.590723999999998,0,4.674479,0,432,0
sum_of_elements,0,fragments,218.74986700000227,7066.612824000002,0,1048576,603,17399,51.167092,int-list-views-typed-sorted-direct-root-window-unboxed-bound-add,0,112,56.487031,1011472,45.413659,1265,-259086.0185546875,21.0947265625,5.0211599999999965,0,4.848516,0,420,0
sum_of_elements,0,fragments,218.74986700000227,7122.234123000002,0,1048576,566,25596,50.663928,int-list-views-typed-sorted-direct-root-window-unboxed-bound-add,0,113,55.621299,1011472,44.811399,1244,-269102.64453125,20.759765625,5.105183999999996,0,4.489702,0,457,0
sum_of_elements,0,fragments,218.74986700000227,7178.585374000002,0,1048576,623,21864,50.987298,int-list-views-typed-sorted-direct-root-window-unboxed-bound-add,0,114,56.351251,1011472,45.182285,1254,-257085.4912109375,21.005859375,5.0429290000000035,0,4.896891,0,400,0
sum_of_elements,0,fragments,218.74986700000227,7234.126200000002,0,1048576,589,29688,50.366313,int-list-views-typed-sorted-direct-root-window-unboxed-bound-add,0,115,55.540826,1011472,44.308249,1264,-262083.978515625,21.2373046875,5.285029999999997,0,4.703727,0,434,0
sum_of_elements,0,fragments,218.74986700000227,7291.035424000002,0,1048576,591,19452,51.351627,int-list-views-typed-sorted-direct-root-window-unboxed-bound-add,0,116,56.909224,1011472,45.386741,1217,-278964.9482421875,21.2548828125,5.238319000000001,0,5.083277,0,432,0
sum_of_elements,0,fragments,218.74986700000227,7347.829330000002,0,1048576,587,20431,51.424629,int-list-views-typed-sorted-direct-root-window-unboxed-bound-add,0,117,56.793906,1011472,45.312564,1217,-254932.6494140625,20.9580078125,5.334481000000006,0,4.902791,0,436,0
sum_of_elements,0,fragments,218.74986700000227,7404.685785000002,0,1048576,581,15360,51.528621,int-list-views-typed-sorted-direct-root-window-unboxed-bound-add,0,118,56.856455,1011472,45.632321,1233,-251303.0712890625,21.0498046875,5.1751600000000035,0,4.829397,0,442,0
sum_of_elements,0,fragments,218.74986700000227,7461.882620000002,0,1048576,592,15274,51.908288,int-list-views-typed-sorted-direct-root-window-unboxed-bound-add,0,119,57.196835,1011472,45.542108,1218,-264031.1318359375,20.6298828125,5.631869999999997,0,4.819674,0,431,0
sum_of_elements,0,fragments,218.74986700000227,7518.251750000002,0,1048576,596,21793,51.209703,int-list-views-typed-sorted-direct-root-window-unboxed-bound-add,0,120,56.36913,1011472,45.167412,1253,-249928.55859375,20.255859375,5.265564999999994,0,4.669281,0,427,0
sum_of_elements,0,fragments,218.74986700000227,7574.313307000002,0,1048576,586,18796,51.166492,int-list-views-typed-sorted-direct-root-window-unboxed-bound-add,0,121,56.061557,1011472,45.192731,1249,-258701.3896484375,19.7197265625,5.151414999999997,0,4.418132,0,437,0
sum_of_elements,0,fragments,218.74986700000227,7629.753221000002,0,1048576,592,18424,50.570046,int-list-views-typed-sorted-direct-root-window-unboxed-bound-add,0,122,55.439914,1011472,44.754045,1253,-267235.13671875,19.8330078125,5.088060999999994,0,4.406681,0,431,0
sum_of_elements,0,fragments,218.74986700000227,7685.339478000002,0,1048576,611,25594,50.572882,int-list-views-typed-sorted-direct-root-window-unboxed-bound-add,0,123,55.586257,1011472,44.792332,1264,-262660.0009765625,19.689453125,5.055520000000001,0,4.52118,0,412,0
sum_of_elements,0,fragments,218.74986700000227,7741.545610000002,0,1048576,617,20476,51.240698,int-list-views-typed-sorted-direct-root-window-unboxed-bound-add,0,124,56.206132,1011472,45.455386,1265,-269912.048828125,20.1142578125,5.066229999999999,0,4.510151,0,406,0
sum_of_elements,0,fragments,218.74986700000227,7798.133574000002,0,1048576,620,17402,51.435718,int-list-views-typed-sorted-direct-root-window-unboxed-bound-add,0,125,56.587964,1011472,45.556314,1269,-273442.876953125,20.6923828125,5.10568,0,4.709223,0,403,0
sum_of_elements,0,fragments,218.74986700000227,7855.247557000002,0,1048576,596,19452,52.230291,int-list-views-typed-sorted-direct-root-window-unboxed-bound-add,0,126,57.113983,1011472,46.209325,1276,-262033.8134765625,20.46484375,5.299415000000002,0,4.43606,0,427,0
sum_of_elements,0,fragments,218.74986700000227,7911.999399000002,0,1048576,601,12282,51.62264,int-list-views-typed-sorted-direct-root-window-unboxed-bound-add,0,127,56.751842,1011472,45.616519,1261,-249316.2734375,20.794921875,5.261606999999994,0,4.663288,0,422,0
sum_of_elements,0,fragments,218.74986700000227,7968.375496000002,0,1048576,579,23546,51.140436,int-list-views-typed-sorted-direct-root-window-unboxed-bound-add,0,128,56.376097,1011472,45.189895,1248,-247695.5283203125,20.740234375,5.157042000000001,0,4.734854,0,444,0
sum_of_elements,0,fragments,218.74986700000227,8025.596183000002,0,1048576,575,14308,52.080335,int-list-views-typed-sorted-direct-root-window-unboxed-bound-add,0,129,57.220687,1011472,46.355929,1233,-235234.4990234375,21.09765625,4.990846999999999,0,4.624064,0,448,0
sum_of_elements,0,fragments,218.74986700000227,8082.159514000003,0,1048576,577,20480,51.249084,int-list-views-typed-sorted-direct-root-window-unboxed-bound-add,0,130,56.563331,1011472,45.337418,1227,-231745.5029296875,20.9140625,5.1840560000000036,0,4.843474,0,446,0
sum_of_elements,0,fragments,218.74986700000227,8139.294350000003,0,1048576,589,14332,52.142632,int-list-views-typed-sorted-direct-root-window-unboxed-bound-add,0,131,57.134836,1011472,46.110818,1247,-240082.7216796875,20.423828125,5.307058999999998,0,4.514784,0,434,0
sum_of_elements,0,fragments,218.74986700000227,8196.054659000003,0,1048576,560,14334,51.477994,int-list-views-typed-sorted-direct-root-window-unboxed-bound-add,0,132,56.760309,1011472,45.626073,1225,-214296.1787109375,20.8330078125,5.118281000000002,0,4.825264,0,463,0
sum_of_elements,0,fragments,218.74986700000227,8251.948443000003,0,1048576,573,23912,50.795815,int-list-views-typed-sorted-direct-root-window-unboxed-bound-add,0,133,55.893784,1011472,44.920093,1229,-227164.2109375,20.73046875,5.149322999999995,0,4.585284,0,450,0
sum_of_elements,0,fragments,218.74986700000227,8307.905014000004,0,1048576,569,23904,50.860973,int-list-views-typed-sorted-direct-root-window-unboxed-bound-add,0,134,55.956571,1011472,45.132481,1232,-239883.2255859375,20.921875,4.912658000000004,0,4.622974,0,454,0
sum_of_elements,0,fragments,218.74986700000227,8363.772358000004,0,1048576,591,23540,50.740085,int-list-views-typed-sorted-direct-root-window-unboxed-bound-add,0,135,55.867344,1011472,44.767803,1236,-235312.0322265625,20.357421875,5.248963999999997,0,4.654407,0,432,0
sum_of_elements,0,fragments,218.74986700000227,8419.675616000004,0,1048576,605,26618,50.682291,int-list-views-typed-sorted-direct-root-window-unboxed-bound-add,0,136,55.903258,1011472,44.865412,1235,-254653.1279296875,20.9453125,5.096074,0,4.724793,0,418,0
sum_of_elements,0,fragments,218.74986700000227,8475.589037000003,0,1048576,597,22526,50.652342,int-list-views-typed-sorted-direct-root-window-unboxed-bound-add,0,137,55.913421,1011472,44.550454,1209,-242827.0185546875,20.654296875,5.379993999999998,0,4.694143,0,426,0
sum_of_elements,0,fragments,218.74986700000227,8531.402786000004,0,1048576,577,15358,50.881392,int-list-views-typed-sorted-direct-root-window-unboxed-bound-add,0,138,55.813749,1011472,44.802479,1206,-246527.0595703125,20.54296875,5.3577960000000004,0,4.475276,0,446,0
sum_of_elements,0,fragments,218.74986700000227,8586.519022000004,0,1048576,578,16384,50.298817,int-list-views-typed-sorted-direct-root-window-unboxed-bound-add,0,139,55.116236,1011472,44.521238,1206,-251962.55078125,20.447265625,5.059747999999997,0,4.362225,0,445,0
sum_of_elements,0,fragments,218.74986700000227,8642.398334000003,0,1048576,584,21502,50.632169,int-list-views-typed-sorted-direct-root-window-unboxed-bound-add,0,140,55.879312,1011472,44.816231,1228,-244207.248046875,20.4658203125,5.083381999999995,0,4.686071,0,439,0
sum_of_elements,0,fragments,218.74986700000227,8699.326196000004,0,1048576,584,14334,52.093852,int-list-views-typed-sorted-direct-root-window-unboxed-bound-add,0,141,56.927862,1011472,46.215592,1218,-251919.048828125,20.033203125,5.121677999999998,0,4.372997,0,439,0
sum_of_elements,0,fragments,218.74986700000227,8755.435499000003,0,1048576,585,17406,50.953346,int-list-views-typed-sorted-direct-root-window-unboxed-bound-add,0,142,56.109303,1011472,45.279273,1229,-253939.7109375,20.056640625,4.956406000000002,0,4.696143,0,438,0
sum_of_elements,0,fragments,218.74986700000227,8811.413869000004,0,1048576,578,14328,50.928967,int-list-views-typed-sorted-direct-root-window-unboxed-bound-add,0,143,55.97837,1011472,45.082351,1204,-247491.908203125,20.2822265625,5.128039999999999,0,4.574301,0,445,0
sum_of_elements,0,fragments,218.74986700000227,8867.255446000003,0,1048576,599,15350,50.852547,int-list-views-typed-sorted-direct-root-window-unboxed-bound-add,0,144,55.841577,1011472,45.139074,1230,-241420.546875,20.4658203125,4.993143,0,4.532038,0,424,0
sum_of_elements,0,fragments,218.74986700000227,8923.233933000003,0,1048576,579,21498,50.892437,int-list-views-typed-sorted-direct-root-window-unboxed-bound-add,0,145,55.978487,1011472,45.210003,1244,-248226.916015625,20.6259765625,4.970180000000003,0,4.629322,0,444,0
sum_of_elements,0,fragments,218.74986700000227,8979.027435000004,0,1048576,586,20480,50.595257,int-list-views-typed-sorted-direct-root-window-unboxed-bound-add,0,146,55.793502,1011472,44.884405,1245,-255407.109375,20.46875,4.992952999999996,0,4.744473,0,437,0
sum_of_elements,0,fragments,218.74986700000227,9035.263206000003,0,1048576,587,17404,51.150912,int-list-views-typed-sorted-direct-root-window-unboxed-bound-add,0,147,56.235771,1011472,45.406975,1251,-235664.7265625,20.544921875,5.029112999999997,0,4.627828,0,436,0
sum_of_elements,0,fragments,218.74986700000227,9091.636344000004,0,1048576,583,26612,51.147679,int-list-views-typed-sorted-direct-root-window-unboxed-bound-add,0,148,56.373138,1011472,45.263744,1250,-251819.51953125,20.4150390625,5.167823999999994,0,4.760619,0,440,0
sum_of_elements,0,fragments,218.74986700000227,9148.226151000004,0,1048576,629,14266,51.225475,int-list-views-typed-sorted-direct-root-window-unboxed-bound-add,0,149,56.589807,1011472,45.41852,1272,-255829.4482421875,20.896484375,5.089613000000002,0,4.908344,0,394,0
sum_of_elements,0,fragments,218.74986700000227,9204.820366000004,0,1048576,616,18424,51.450476,int-list-views-typed-sorted-direct-root-window-unboxed-bound-add,0,150,56.594215,1011472,45.443495,1278,-288233.0966796875,20.80078125,5.288187999999998,0,4.657231,0,407,0
sum_of_elements,0,fragments,218.74986700000227,9261.200889000003,0,1048576,576,17404,51.56106,int-list-views-typed-sorted-direct-root-window-unboxed-bound-add,0,151,56.380523,1011472,45.627579,1266,-277830.0556640625,20.275390625,5.165129000000001,0,4.359224,0,447,0
sum_of_elements,0,fragments,218.74986700000227,9317.829858000003,0,1048576,566,17408,51.723723,int-list-views-typed-sorted-direct-root-window-unboxed-bound-add,0,152,56.628969,1011472,45.818078,1270,-260129.84765625,20.75390625,5.193671000000002,0,4.409403,0,457,0
sum_of_elements,0,fragments,218.74986700000227,9374.014288000002,0,1048576,602,11258,50.90955,int-list-views-typed-sorted-direct-root-window-unboxed-bound-add,0,153,56.18443,1011472,45.111625,1274,-259377.7236328125,20.83984375,5.038109,0,4.816672,0,421,0
sum_of_elements,0,fragments,218.74986700000227,9430.566648000002,0,1048576,601,12286,51.409168,int-list-views-typed-sorted-direct-root-window-unboxed-bound-add,0,154,56.55236,1011472,45.631385,1285,-262009.953125,20.8427734375,5.052031999999999,0,4.678254,0,422,0
sum_of_elements,0,fragments,218.74986700000227,9487.550722000002,0,1048576,618,10238,51.498895,int-list-views-typed-sorted-direct-root-window-unboxed-bound-add,0,155,56.984074,1011472,45.608683,1287,-266906.55078125,21.4501953125,5.083993,0,5.027705,0,405,0
sum_of_elements,0,fragments,218.74986700000227,9543.677319000002,0,1048576,569,18422,51.172395,int-list-views-typed-sorted-direct-root-window-unboxed-bound-add,0,156,56.126597,1011472,45.100555,1235,-261874.26953125,21.3427734375,5.355506000000005,0,4.510194,0,454,0
sum_of_elements,0,fragments,218.74986700000227,9601.704994000002,0,1048576,535,15358,52.453317,int-list-views-typed-sorted-direct-root-window-unboxed-bound-add,0,157,58.027675,1011472,45.685736,1202,-245900.6220703125,20.953125,5.986728999999999,0,4.76399,0,488,0
sum_of_elements,0,fragments,218.74986700000227,9660.993291,0,1048576,597,16594,53.094156,int-list-views-typed-sorted-direct-root-window-unboxed-bound-add,0,158,59.288297,1011472,45.180402,1230,-235491.2236328125,20.8076171875,7.108345999999998,0,5.355523,0,426,0
sum_of_elements,0,fragments,218.74986700000227,9720.533157,0,1048576,562,16742,54.129457,int-list-views-typed-sorted-direct-root-window-unboxed-bound-add,0,159,59.539866,1011472,45.513483,1200,-244205.77734375,20.7421875,7.703346000000001,0,4.614748,0,461,0
sum_of_elements,0,fragments,218.74986700000227,9777.034707,0,1048576,578,18790,51.571833,int-list-views-typed-sorted-direct-root-window-unboxed-bound-add,0,160,56.50155,1011472,45.361945,1215,-253647.8662109375,20.3916015625,5.473501999999996,0,4.458446,0,445,0
sum_of_elements,0,fragments,218.74986700000227,9833.638393000001,0,1048576,592,14316,51.453953,int-list-views-typed-sorted-direct-root-window-unboxed-bound-add,0,161,56.603686,1011472,45.716648,1223,-270567.0625,20.9501953125,5.024260999999997,0,4.700331,0,431,0
sum_of_elements,0,fragments,218.74986700000227,9890.919843000001,0,1048576,572,16380,51.604133,int-list-views-typed-sorted-direct-root-window-unboxed-bound-add,0,162,57.28145,1011472,45.383768,1212,-261745.322265625,20.5419921875,5.496302,0,5.125706,0,451,0
sum_of_elements,0,fragments,218.74986700000227,9948.351616000002,0,1048576,575,9216,52.433771,int-list-views-typed-sorted-direct-root-window-unboxed-bound-add,0,163,57.431773,1011472,46.097826,1197,-251670.4052734375,20.4755859375,5.604891000000002,0,4.484004,0,448,0
sum_of_elements,0,fragments,218.74986700000227,10005.571589000001,0,1048576,566,10236,52.095444,int-list-views-typed-sorted-direct-root-window-unboxed-bound-add,0,164,57.219973,1011472,46.13855,1189,-240111.6240234375,20.41015625,5.238541999999997,0,4.669206,0,457,0
sum_of_elements,0,fragments,218.74986700000227,10062.625112000002,0,1048576,564,15354,51.790533,int-list-views-typed-sorted-direct-root-window-unboxed-bound-add,0,165,57.053523,1011472,45.866915,1206,-243979.6220703125,20.4091796875,5.1874290000000025,0,4.732241,0,459,0
sum_of_elements,0,fragments,218.74986700000227,10120.650535,0,1048576,588,15358,52.943722,int-list-views-typed-sorted-direct-root-window-unboxed-bound-add,0,166,58.025423,1011472,46.782017,1207,-245897.08203125,20.51953125,5.440227999999999,0,4.599551,0,435,0
sum_of_elements,0,fragments,218.74986700000227,10177.028833,0,1048576,575,19454,51.199529,int-list-views-typed-sorted-direct-root-window-unboxed-bound-add,0,167,56.378298,1011472,45.213773,1196,-245606.4560546875,20.0478515625,5.264080999999999,0,4.680747,0,448,0
sum_of_elements,0,fragments,218.74986700000227,10233.239445000001,0,1048576,582,15347,51.217844,int-list-views-typed-sorted-direct-root-window-unboxed-bound-add,0,168,56.210612,1011472,45.155208,1220,-239524.4462890625,20.255859375,5.325606000000002,0,4.528643,0,441,0
sum_of_elements,0,fragments,218.74986700000227,10290.610380000002,0,1048576,548,13312,52.097155,int-list-views-typed-sorted-direct-root-window-unboxed-bound-add,0,169,57.370935,1011472,46.296532,1192,-236505.1005859375,21.408203125,5.085166000000001,0,4.777448,0,475,0
sum_of_elements,0,fragments,218.74986700000227,10346.907730000003,0,1048576,565,17404,51.035712,int-list-views-typed-sorted-direct-root-window-unboxed-bound-add,0,170,56.29735,1011472,45.090415,1190,-240090.3564453125,21.2607421875,5.215899999999998,0,4.778857,0,458,0
sum_of_elements,0,fragments,218.74986700000227,10405.788498000004,0,1048576,556,17398,53.711335,int-list-views-typed-sorted-direct-root-window-unboxed-bound-add,0,171,58.880768,1011472,47.726695,1166,-245992.33984375,20.67578125,5.156189999999997,0,4.665014,0,467,0
sum_of_elements,0,fragments,218.74986700000227,10462.910856000004,0,1048576,579,18642,52.187149,int-list-views-typed-sorted-direct-root-window-unboxed-bound-add,0,172,57.122358,1011472,46.230034,1199,-257038.1748046875,20.61328125,5.239654999999999,0,4.482163,0,444,0
sum_of_elements,0,fragments,218.74986700000227,10522.002608000004,0,1048576,596,8402,53.921139,int-list-views-typed-sorted-direct-root-window-unboxed-bound-add,0,173,59.091752,1011472,48.25583,1214,-265677.953125,20.7802734375,4.878400999999998,0,4.709115,0,427,0
sum_of_elements,0,fragments,218.74986700000227,10579.546539000004,0,1048576,589,14540,52.316101,int-list-views-typed-sorted-direct-root-window-unboxed-bound-add,0,174,57.543931,1011472,46.400416,1222,-263187.3935546875,20.9345703125,5.189268000000005,0,4.687225,0,434,0
sum_of_elements,0,fragments,218.74986700000227,10635.945450000005,0,1048576,591,20478,51.006806,int-list-views-typed-sorted-direct-root-window-unboxed-bound-add,0,175,56.398911,1011472,45.305569,1234,-269582.166015625,21.2255859375,4.984635999999999,0,4.856076,0,432,0
sum_of_elements,0,fragments,218.74986700000227,10692.003950000004,0,1048576,587,22499,50.914905,int-list-views-typed-sorted-direct-root-window-unboxed-bound-add,0,176,56.0585,1011472,44.973735,1232,-269941.8623046875,21.212890625,5.180601999999998,0,4.671702,0,436,0
sum_of_elements,0,fragments,218.74986700000227,10748.427834000004,0,1048576,581,24460,51.23749,int-list-views-typed-sorted-direct-root-window-unboxed-bound-add,0,177,56.423884,1011472,45.388546,1243,-256886.4375,21.0087890625,5.130585999999999,0,4.707118,0,442,0
sum_of_elements,0,fragments,218.74986700000227,10804.847085000003,0,1048576,539,22625,51.090609,int-list-views-typed-sorted-direct-root-window-unboxed-bound-add,0,178,56.419251,1011472,45.228464,1188,-248308.779296875,20.978515625,5.142813000000002,0,4.84694,0,484,0
sum_of_elements,0,fragments,218.74986700000227,10861.072500000004,0,1048576,550,15769,51.180998,int-list-views-typed-sorted-direct-root-window-unboxed-bound-add,0,179,56.225415,1011472,45.475762,1174,-247149.390625,20.3701171875,5.002082000000002,0,4.604986,0,473,0
sum_of_elements,0,fragments,218.74986700000227,10917.806041000003,0,1048576,568,16793,51.648303,int-list-views-typed-sorted-direct-root-window-unboxed-bound-add,0,180,56.733541,1011472,45.979152,1188,-240291.23046875,20.537109375,4.9506689999999995,0,4.631058,0,455,0
sum_of_elements,0,fragments,218.74986700000227,10973.889538000003,0,1048576,593,23968,51.117692,int-list-views-typed-sorted-direct-root-window-unboxed-bound-add,0,181,56.083497,1011472,45.292872,1197,-249842.380859375,20.3037109375,5.099625999999999,0,4.512777,0,430,0
sum_of_elements,0,fragments,218.74986700000227,11030.356504000003,0,1048576,590,14546,51.29046,int-list-views-typed-sorted-direct-root-window-unboxed-bound-add,0,182,56.466966,1011472,45.604307,1216,-246719.6689453125,20.349609375,4.916102,0,4.706036,0,433,0
sum_of_elements,0,fragments,218.74986700000227,11086.506240000002,0,1048576,582,14542,51.021703,int-list-views-typed-sorted-direct-root-window-unboxed-bound-add,0,183,56.149736,1011472,45.265751,1231,-252485.556640625,20.427734375,5.044500000000001,0,4.678096,0,441,0
sum_of_elements,0,fragments,218.74986700000227,11142.931234000003,0,1048576,599,17820,51.678884,int-list-views-typed-sorted-direct-root-window-unboxed-bound-add,0,184,56.424994,1011472,45.645384,1223,-248242.4482421875,20.248046875,5.235836999999998,0,4.285228,0,424,0
sum_of_elements,0,fragments,218.74986700000227,11198.972031000003,0,1048576,599,16586,51.078526,int-list-views-typed-sorted-direct-root-window-unboxed-bound-add,0,185,56.040797,1011472,45.390571,1245,-237805.2041015625,20.146484375,4.908454999999993,0,4.466033,0,424,0
sum_of_elements,0,fragments,218.74986700000227,11255.142720000003,0,1048576,561,17610,51.18422,int-list-views-typed-sorted-direct-root-window-unboxed-bound-add,0,186,56.170689,1011476,45.511169,1192,-259389.693359375,19.9208984375,4.938112000000001,0,4.475742,0,462,0
sum_of_elements,0,fragments,218.74986700000227,11311.306633000004,0,1048576,580,15356,51.019989,int-list-views-typed-sorted-direct-root-window-unboxed-bound-add,0,187,56.163913,1011476,45.15279,1208,-241527.390625,19.849609375,5.151984000000003,0,4.666284,0,443,0
sum_of_elements,0,fragments,218.74986700000227,11367.387535000003,0,1048576,613,15360,51.26081,int-list-views-typed-sorted-direct-root-window-unboxed-bound-add,0,188,56.080902,1011476,45.472172,1239,-242313.5615234375,20.197265625,5.0436359999999985,0,4.33719,0,410,0
sum_of_elements,0,fragments,218.74986700000227,11423.106845000004,0,1048576,571,15359,50.676721,int-list-views-typed-sorted-direct-root-window-unboxed-bound-add,0,189,55.71931,1011484,45.203154,1222,-257042.666015625,20.4072265625,4.763152999999998,0,4.498792,0,452,0
sum_of_elements,0,fragments,218.74986700000227,11479.356335000004,0,1048576,571,20476,51.268525,int-list-views-typed-sorted-direct-root-window-unboxed-bound-add,0,190,56.24949,1011484,45.641308,1226,-272426.0732421875,20.2685546875,4.886816999999999,0,4.486467,0,452,0
sum_of_elements,0,fragments,218.74986700000227,11535.784694000004,0,1048576,573,21500,51.559203,int-list-views-typed-sorted-direct-root-window-unboxed-bound-add,0,191,56.428359,1011484,45.903779,1217,-264423.31640625,20.8076171875,4.942982999999999,0,4.400377,0,450,0
sum_of_elements,0,fragments,218.74986700000227,11592.612618000003,0,1048576,596,13312,51.589115,int-list-views-typed-sorted-direct-root-window-unboxed-bound-add,0,192,56.827924,1011484,45.831828,1225,-245706.265625,20.6220703125,5.000891000000003,0,4.78235,0,427,0
sum_of_elements,0,fragments,218.74986700000227,11648.866945000003,0,1048576,575,23550,51.142779,int-list-views-typed-sorted-direct-root-window-unboxed-bound-add,0,193,56.254327,1011484,45.34611,1247,-264140.7060546875,20.7099609375,5.075722999999999,0,4.592801,0,448,0
sum_of_elements,0,fragments,218.74986700000227,11705.053265000004,0,1048576,603,21502,51.045459,int-list-views-typed-sorted-direct-root-window-unboxed-bound-add,0,194,56.18632,1011484,45.29471,1256,-262760.552734375,21.072265625,5.013244,0,4.672942,0,420,0
sum_of_elements,0,fragments,218.74986700000227,11761.570960000005,0,1048576,585,15360,51.216155,int-list-views-typed-sorted-direct-root-window-unboxed-bound-add,0,195,56.517695,1011484,45.500716,1246,-242307.78515625,20.9541015625,4.9503670000000035,0,4.823816,0,438,0
sum_of_elements,0,fragments,218.74986700000227,11817.586668000005,0,1048576,606,20474,50.664721,int-list-views-typed-sorted-direct-root-window-unboxed-bound-add,0,196,56.015708,1011484,44.832764,1277,-253749.0009765625,21.34765625,5.114115000000002,0,4.887305,0,417,0
sum_of_elements,0,fragments,218.74986700000227,11874.285863000005,0,1048576,606,23552,51.541848,int-list-views-typed-sorted-direct-root-window-unboxed-bound-add,0,197,56.699195,1011484,45.655003,1288,-279332.3759765625,21.2958984375,5.164919,0,4.656272,0,417,0
sum_of_elements,0,fragments,218.74986700000227,11932.400007000004,0,1048576,578,18424,52.896314,int-list-views-typed-sorted-direct-root-window-unboxed-bound-add,0,198,58.114144,1011484,46.879363,1242,-261749.0703125,20.7734375,5.272547999999999,0,4.742134,0,445,0
sum_of_elements,0,fragments,218.74986700000227,11989.435986000004,0,1048576,595,12288,51.927825,int-list-views-typed-sorted-direct-root-window-unboxed-bound-add,0,199,57.035979,1011484,46.005692,1253,-258862.8916015625,20.8232421875,5.2011799999999955,0,4.641047,0,428,0
sum_of_elements,0,fragments,218.74986700000227,12048.325143000004,0,1048576,603,11260,53.639265,int-list-views-typed-sorted-direct-root-window-unboxed-bound-add,0,200,58.889157,1011484,47.957495,1258,-271820.9189453125,20.7666015625,4.957759000000003,0,4.74283,0,420,0
sum_of_elements,0,fragments,218.74986700000227,12106.488765000004,0,1048576,598,16380,52.718896,int-list-views-typed-sorted-direct-root-window-unboxed-bound-add,0,201,58.163622,1011484,46.784912,1238,-266490.755859375,20.9248046875,5.202679999999999,0,4.880856,0,425,0
sum_of_elements,0,fragments,218.74986700000227,12163.394640000004,0,1048576,615,25588,52.024847,int-list-views-typed-sorted-direct-root-window-unboxed-bound-add,0,202,56.905875,1011484,45.971188,1254,-262905.2861328125,20.9921875,5.342219999999999,0,4.418473,0,408,0
sum_of_elements,0,fragments,218.74986700000227,12219.560144000005,0,1048576,590,16872,50.974098,int-list-views-typed-sorted-direct-root-window-unboxed-bound-add,0,203,56.165504,1011484,45.360555,1238,-252529.6513671875,20.7763671875,4.889114999999997,0,4.711321,0,433,0
sum_of_elements,0,fragments,218.74986700000227,12275.514115000005,0,1048576,619,17612,51.058047,int-list-views-typed-sorted-direct-root-window-unboxed-bound-add,0,204,55.953971,1011484,45.172279,1272,-248069.943359375,20.421875,5.164673000000002,0,4.427537,0,404,0
sum_of_elements,0,fragments,218.74986700000227,12331.646395000005,0,1048576,607,9422,51.149553,int-list-views-typed-sorted-direct-root-window-unboxed-bound-add,0,205,56.13228,1011484,45.544323,1274,-255789.83203125,20.4462890625,4.8866839999999945,0,4.512546,0,416,0
sum_of_elements,0,fragments,218.74986700000227,12387.812493000005,0,1048576,588,12284,50.982971,int-list-views-typed-sorted-direct-root-window-unboxed-bound-add,0,206,56.166098,1011484,45.291081,1251,-261118.591796875,20.5966796875,4.923582999999997,0,4.654441,0,435,0
sum_of_elements,0,fragments,218.74986700000227,12444.276708000005,0,1048576,566,21504,51.242859,int-list-views-typed-sorted-direct-root-window-unboxed-bound-add,0,207,56.464215,1011484,45.074973,1217,-251965.587890625,20.404296875,5.392744000000003,0,4.614077,0,457,0
sum_of_elements,0,fragments,218.74986700000227,12500.349437000004,0,1048576,609,16592,50.970885,int-list-views-typed-sorted-direct-root-window-unboxed-bound-add,0,208,56.072729,1011484,45.105672,1249,-239036.1650390625,20.8076171875,5.050445,0,4.578615,0,414,0
sum_of_elements,0,fragments,218.74986700000227,12556.694386000005,0,1048576,596,15564,50.924034,int-list-views-typed-sorted-direct-root-window-unboxed-bound-add,0,209,56.344949,1011484,45.181725,1239,-254547.009765625,20.59375,5.02281,0,4.887812,0,427,0
sum_of_elements,0,fragments,218.74986700000227,12613.017426000004,0,1048576,566,23530,50.996208,int-list-views-typed-sorted-direct-root-window-unboxed-bound-add,0,210,56.32304,1011484,45.142113,1179,-262953.0439453125,20.9560546875,5.102513000000001,0,4.86655,0,457,0
sum_of_elements,0,fragments,218.74986700000227,12670.895237000004,0,1048576,588,14334,52.74845,int-list-views-typed-sorted-direct-root-window-unboxed-bound-add,0,211,57.877811,1011484,46.895758,1218,-241614.232421875,21.26171875,5.113180999999996,0,4.654506,0,435,0
sum_of_elements,0,fragments,218.74986700000227,12727.635383000004,0,1048576,579,12284,51.785517,int-list-views-typed-sorted-direct-root-window-unboxed-bound-add,0,212,56.740146,1011484,45.976843,1231,-240970.1328125,20.4208984375,5.085855999999997,0,4.491072,0,444,0
sum_of_elements,0,fragments,218.74986700000227,12783.462900000004,0,1048576,568,11259,50.965811,int-list-views-typed-sorted-direct-root-window-unboxed-bound-add,0,213,55.827517,1011484,45.233502,1237,-229093.4443359375,20.2412109375,5.0147910000000016,0,4.387121,0,455,0
sum_of_elements,0,fragments,218.74986700000227,12839.049422000004,0,1048576,586,19449,50.554605,int-list-views-typed-sorted-direct-root-window-unboxed-bound-add,0,214,55.586522,1011484,45.044779,1233,-243224.435546875,20.1474609375,4.793736000000003,0,4.568226,0,437,0
sum_of_elements,0,fragments,218.74986700000227,12895.637704000004,0,1048576,598,11260,51.7356,int-list-views-typed-sorted-direct-root-window-unboxed-bound-add,0,215,56.588282,1011484,45.902373,1218,-254288.2451171875,20.1943359375,5.122873999999998,0,4.382188,0,425,0
sum_of_elements,0,fragments,218.74986700000227,12952.264858000004,0,1048576,616,17400,51.619644,int-list-views-typed-sorted-direct-root-window-unboxed-bound-add,0,216,56.627154,1011484,45.513276,1251,-243523.388671875,20.63671875,5.244984000000004,0,4.542064,0,407,0
sum_of_elements,0,fragments,218.74986700000227,13010.091365000004,0,1048576,573,18428,52.553228,int-list-views-typed-sorted-direct-root-window-unboxed-bound-add,0,217,57.826507,1011484,46.560263,1255,-265730.822265625,20.8212890625,5.251664,0,4.739252,0,450,0
sum_of_elements,0,fragments,218.74986700000227,13067.154701000003,0,1048576,597,15354,51.870934,int-list-views-typed-sorted-direct-root-window-unboxed-bound-add,0,218,57.063336,1011484,46.091535,1264,-262476.3017578125,20.533203125,5.065533999999998,0,4.744409,0,426,0
sum_of_elements,0,fragments,218.74986700000227,13124.100573000003,0,1048576,573,23546,51.940252,int-list-views-typed-sorted-direct-root-window-unboxed-bound-add,0,219,56.945872,1011484,46.035221,1260,-268597.1494140625,20.51171875,5.1892229999999975,0,4.546539,0,450,0
sum_of_elements,0,fragments,218.74986700000227,13181.072126000003,0,1048576,569,13310,51.914341,int-list-views-typed-sorted-direct-root-window-unboxed-bound-add,0,220,56.971553,1011484,46.169082,1258,-259867.7724609375,20.6708984375,5.031425999999998,0,4.593012,0,454,0
sum_of_elements,0,fragments,218.74986700000227,13238.429229000003,0,1048576,581,11262,52.387058,int-list-views-typed-sorted-direct-root-window-unboxed-bound-add,0,221,57.357103,1011484,46.805096,1268,-244828.634765625,21.1162109375,4.854442000000006,0,4.502305,0,442,0
sum_of_elements,0,fragments,218.74986700000227,13295.433455000002,0,1048576,570,21500,52.093872,int-list-views-typed-sorted-direct-root-window-unboxed-bound-add,0,222,57.004226,1011484,46.127197,1242,-254906.2880859375,21.0009765625,5.243972999999995,0,4.407057,0,453,0
sum_of_elements,0,fragments,218.74986700000227,13351.842332000002,0,1048576,575,20221,51.354058,int-list-views-typed-sorted-direct-root-window-unboxed-bound-add,0,223,56.408877,1011484,45.639003,1238,-246397.4345703125,20.58203125,4.985712000000003,0,4.576217,0,448,0
sum_of_elements,0,fragments,218.74986700000227,13408.582827000002,0,1048576,567,22012,51.871469,int-list-views-typed-sorted-direct-root-window-unboxed-bound-add,0,224,56.740495,1011484,45.943815,1235,-251194.166015625,20.419921875,5.144206999999994,0,4.382103,0,456,0
sum_of_elements,0,fragments,218.74986700000227,13464.701369000002,0,1048576,589,16120,51.219437,int-list-views-typed-sorted-direct-root-window-unboxed-bound-add,0,225,56.118542,1011484,45.622707,1253,-243363.9658203125,20.8984375,4.877325000000002,0,4.412901,0,434,0
sum_of_elements,0,fragments,218.74986700000227,13521.149319000002,0,1048576,601,17151,51.316731,int-list-views-typed-sorted-direct-root-window-unboxed-bound-add,0,226,56.44795,1011484,45.505468,1254,-250098.4365234375,20.5810546875,5.043191999999996,0,4.620313,0,422,0
sum_of_elements,0,fragments,218.74986700000227,13578.901012000002,0,1048576,586,10236,52.603865,int-list-views-typed-sorted-direct-root-window-unboxed-bound-add,0,227,57.751693,1011484,46.444576,1243,-249855.408203125,20.44921875,5.327192000000001,0,4.626953,0,437,0
sum_of_elements,0,fragments,218.74986700000227,13636.199767000002,0,1048576,571,16369,52.20739,int-list-views-typed-sorted-direct-root-window-unboxed-bound-add,0,228,57.298755,1011484,45.972041,1235,-255115.24609375,20.4423828125,5.437739,0,4.510008,0,452,0
sum_of_elements,0,fragments,218.74986700000227,13693.549844000001,0,1048576,580,18430,52.232123,int-list-views-typed-sorted-direct-root-window-unboxed-bound-add,0,229,57.350077,1011484,46.228614,1225,-257878.1533203125,20.017578125,5.267651000000003,0,4.65121,0,443,0
sum_of_elements,0,fragments,218.74986700000227,13750.649368,0,1048576,585,17404,51.954377,int-list-views-typed-sorted-direct-root-window-unboxed-bound-add,0,230,57.099524,1011484,46.226709,1210,-251581.037109375,20.4912109375,5.001097000000003,0,4.573131,0,438,0
sum_of_elements,0,fragments,218.74986700000227,13807.662334,0,1048576,582,10467,52.126053,int-list-views-typed-sorted-direct-root-window-unboxed-bound-add,0,231,57.012966,1011484,46.316966,1229,-234407.5859375,19.7822265625,5.096124999999997,0,4.426886,0,441,0
sum_of_elements,0,fragments,218.74986700000227,13865.250871,0,1048576,600,9210,52.338795,int-list-views-typed-sorted-direct-root-window-unboxed-bound-add,0,232,57.588537,1011484,46.520338,1244,-241790.5126953125,19.98046875,5.103229999999996,0,4.767561,0,423,0
sum_of_elements,0,fragments,218.74986700000227,13922.1463,0,1048576,570,17399,52.094028,int-list-views-typed-sorted-direct-root-window-unboxed-bound-add,0,233,56.895429,1011484,46.081006,1217,-262755.1982421875,19.357421875,5.292246000000004,0,4.282069,0,453,0
sum_of_elements,0,fragments,218.74986700000227,13978.78122,0,1048576,580,12286,51.738984,int-list-views-typed-sorted-direct-root-window-unboxed-bound-add,0,234,56.63492,1011484,45.92304,1229,-258386.8583984375,19.4892578125,5.044773000000004,0,4.365755,0,443,0
sum_of_elements,0,fragments,218.74986700000227,14035.472014,0,1048576,593,10240,51.759004,int-list-views-typed-sorted-direct-root-window-unboxed-bound-add,0,235,56.690794,1011484,46.049031,1266,-260973.328125,19.7470703125,4.9298470000000005,0,4.456559,0,430,0
sum_of_elements,0,fragments,218.74986700000227,14093.689266000001,0,1048576,588,16590,53.324357,int-list-views-typed-sorted-direct-root-window-unboxed-bound-add,0,236,58.217252,1011484,47.289718,1271,-278220.875,19.94921875,5.324845,0,4.38383,0,435,0
sum_of_elements,0,fragments,218.74986700000227,14151.495342000002,0,1048576,595,11262,52.779826,int-list-views-typed-sorted-direct-root-window-unboxed-bound-add,0,237,57.806076,1011484,46.85795,1282,-273883.3857421875,20.041015625,5.128638000000003,0,4.524341,0,428,0
sum_of_elements,0,fragments,218.74986700000227,14207.823342000002,0,1048576,582,20688,51.114472,int-list-views-typed-sorted-direct-root-window-unboxed-bound-add,0,238,56.328,1011484,45.030127,1241,-269428.7529296875,20.3505859375,5.3664830000000014,0,4.74736,0,441,0
sum_of_elements,0,fragments,218.74986700000227,14265.821852000001,0,1048576,581,17406,52.957881,int-list-views-typed-sorted-direct-root-window-unboxed-bound-add,0,239,57.99851,1011484,47.121751,1250,-272416.0029296875,20.6630859375,5.106417,0,4.58606,0,442,0
sum_of_elements,0,fragments,218.74986700000227,14321.870146000001,0,1048576,621,21496,51.025989,int-list-views-typed-sorted-direct-root-window-unboxed-bound-add,0,240,56.048294,1011484,45.553582,1307,-282514.2529296875,20.75390625,4.75436,0,4.567049,0,402,0
sum_of_elements,0,fragments,218.74986700000227,14378.211518000002,0,1048576,604,18422,51.27177,int-list-views-typed-sorted-direct-root-window-unboxed-bound-add,0,241,56.341372,1011484,45.370445,1321,-276779.1064453125,20.64453125,5.181965999999999,0,4.6041,0,419,0
sum_of_elements,0,fragments,218.74986700000227,14434.608161000002,0,1048576,560,23548,50.930127,int-list-views-typed-sorted-direct-root-window-unboxed-bound-add,0,242,56.396643,1011484,45.104249,1254,-271767.4912109375,20.974609375,5.108574000000001,0,4.955363,0,463,0
sum_of_elements,0,fragments,218.74986700000227,14490.346357000002,0,1048576,614,18428,50.566939,int-list-views-typed-sorted-direct-root-window-unboxed-bound-add,0,243,55.738196,1011484,44.618403,1262,-230852.4609375,20.64453125,5.178505,0,4.671905,0,409,0
sum_of_elements,0,fragments,218.74986700000227,14546.676558000003,0,1048576,582,20476,51.33115,int-list-views-typed-sorted-direct-root-window-unboxed-bound-add,0,244,56.330201,1011484,45.608015,1259,-245641.5390625,20.771484375,5.013338000000001,0,4.474372,0,441,0
sum_of_elements,0,fragments,218.74986700000227,14603.775731000003,0,1048576,586,16377,51.615494,int-list-views-typed-sorted-direct-root-window-unboxed-bound-add,0,245,57.099173,1011484,45.619228,1280,-250600.8525390625,20.828125,5.227253,0,4.998603,0,437,0
sum_of_elements,0,fragments,218.74986700000227,14661.933327000002,0,1048576,584,17404,52.977473,int-list-views-typed-sorted-direct-root-window-unboxed-bound-add,0,246,58.157596,1011484,46.824952,1257,-268842.4873046875,21.4013671875,5.417187,0,4.701639,0,439,0
sum_of_elements,0,fragments,218.74986700000227,14718.564873000003,0,1048576,588,23964,51.368968,int-list-views-typed-sorted-direct-root-window-unboxed-bound-add,0,247,56.631546,1011484,45.33963,1263,-257737.4638671875,21.3154296875,5.308496000000002,0,4.758882,0,435,0
sum_of_elements,0,fragments,218.74986700000227,14775.338701000002,0,1048576,573,12498,51.451084,int-list-views-typed-sorted-direct-root-window-unboxed-bound-add,0,248,56.773828,1011484,45.481148,1225,-245742.57421875,21.2314453125,5.155736000000003,0,4.865173,0,450,0
sum_of_elements,0,fragments,218.74986700000227,14831.787816000002,0,1048576,595,17618,51.028135,int-list-views-typed-sorted-direct-root-window-unboxed-bound-add,0,249,56.449115,1011484,45.130598,1246,-242314.490234375,21.41796875,5.182882000000003,0,4.960419,0,428,0
sum_of_elements,0,fragments,218.74986700000227,14888.496333000001,0,1048576,559,17818,51.497975,int-list-views-typed-sorted-direct-root-window-unboxed-bound-add,0,250,56.708517,1011484,45.534455,1229,-268458.4326171875,21.1005859375,5.151788999999997,0,4.719533,0,464,0
sum_of_elements,0,fragments,218.74986700000227,14945.000741000002,0,1048576,599,19270,51.538914,int-list-views-typed-sorted-direct-root-window-unboxed-bound-add,0,251,56.504408,1011484,45.379041,1233,-253054.3798828125,20.60546875,5.448605999999996,0,4.5008,0,424,0
sum_of_elements,0,fragments,218.74986700000227,15001.995390000002,0,1048576,580,12706,51.682605,int-list-views-typed-sorted-direct-root-window-unboxed-bound-add,0,252,56.994649,1011484,45.616752,1226,-253057.6650390625,20.6943359375,5.3134020000000035,0,4.796891,0,443,0
sum_of_elements,0,fragments,218.74986700000227,15058.578554000002,0,1048576,596,15358,51.443663,int-list-views-typed-sorted-direct-root-window-unboxed-bound-add,0,253,56.583164,1011484,45.338133,1237,-262457.9658203125,20.958984375,5.327356000000002,0,4.649573,0,427,0
sum_of_elements,0,fragments,218.74986700000227,15115.633852,0,1048576,597,16592,52.023419,int-list-views-typed-sorted-direct-root-window-unboxed-bound-add,0,254,57.055298,1011484,45.879306,1230,-244836.5087890625,20.796875,5.356885999999997,0,4.487201,0,426,0
sum_of_elements,0,fragments,218.74986700000227,15172.016337000001,0,1048576,580,14332,51.201877,int-list-views-typed-sorted-direct-root-window-unboxed-bound-add,0,255,56.382485,1011484,45.205314,1251,-259111.7216796875,20.818359375,5.227534000000004,0,4.644476,0,443,0
sum_of_elements,1,fragments,191.89426499999718,266.4811189999972,0,1048576,878,318332,55.188093,int-list-views-typed-sorted-direct-root-window-unboxed-bound-add,0,0,74.586854,1008724,43.89915,2330,-873309.2548828125,46.4638671875,10.274732,0,18.381422,0,145,0
sum_of_elements,1,fragments,191.89426499999718,337.1034439999972,0,1048576,817,111143,59.435979,int-list-views-typed-sorted-direct-root-window-unboxed-bound-add,0,1,70.622325,1009204,51.008259,2057,-825407.103515625,43.1865234375,7.625344,0,10.436951,0,206,0
sum_of_elements,1,fragments,191.89426499999718,410.6987019999972,0,1048576,784,28960,63.00778,int-list-views-typed-sorted-direct-root-window-unboxed-bound-add,0,2,73.595258,1009548,54.843492,1890,-797335.677734375,41.9912109375,7.375822999999999,0,9.934021,0,239,0
sum_of_elements,1,fragments,191.89426499999718,487.0483459999972,0,1048576,794,13203,67.072199,int-list-views-typed-sorted-direct-root-window-unboxed-bound-add,0,3,76.349644,1009696,58.851762,1860,-780933.658203125,40.66796875,7.475535999999998,0,8.647823,0,229,0
sum_of_elements,1,fragments,191.89426499999718,555.9300559999972,0,1048576,781,25584,59.170821,int-list-views-typed-sorted-direct-root-window-unboxed-bound-add,0,4,68.88171,1009780,51.202954,1808,-763712.3369140625,38.0859375,7.175390999999999,0,9.068846,0,242,0
sum_of_elements,1,fragments,191.89426499999718,622.8760369999972,0,1048576,804,17375,57.678047,int-list-views-typed-sorted-direct-root-window-unboxed-bound-add,0,5,66.945981,1009796,49.489021,1824,-745122.7900390625,40.1181640625,7.426890999999996,0,8.66517,0,219,0
sum_of_elements,1,fragments,191.89426499999718,689.9995689999971,0,1048576,821,21428,57.787271,int-list-views-typed-sorted-direct-root-window-unboxed-bound-add,0,6,67.123532,1009808,49.420753,1807,-715314.232421875,43.08203125,7.584459999999996,0,8.74204,0,202,0
sum_of_elements,1,fragments,191.89426499999718,757.1998249999971,0,1048576,829,22522,56.681485,int-list-views-typed-sorted-direct-root-window-unboxed-bound-add,0,7,67.200256,1009824,48.351814,1800,-670938.3154296875,46.59765625,7.519477000000002,0,9.898861,0,194,0
sum_of_elements,1,fragments,191.89426499999718,826.361319999997,0,1048576,851,24561,58.057185,int-list-views-typed-sorted-direct-root-window-unboxed-bound-add,0,8,69.161495,1009912,49.438494,1835,-637086.9873046875,50.859375,7.739702999999996,0,10.466493,0,172,0
sum_of_elements,1,fragments,191.89426499999718,897.620252999997,0,1048576,871,29671,58.663414,int-list-views-typed-sorted-direct-root-window-unboxed-bound-add,0,9,71.258933,1010056,49.552674,1838,-576799.380859375,55.1171875,8.305709,0,11.968705,0,152,0
sum_of_elements,1,fragments,191.89426499999718,969.215340999997,0,1048576,853,31723,58.896438,int-list-views-typed-sorted-direct-root-window-unboxed-bound-add,0,10,71.595088,1010200,49.446853,1836,-504134.765625,61.619140625,8.638395000000006,0,12.020163,0,170,0
sum_of_elements,1,fragments,191.89426499999718,1044.546605999997,0,1048576,865,33964,60.686256,int-list-views-typed-sorted-direct-root-window-unboxed-bound-add,0,11,75.331265,1010468,50.925254,1810,-409767.328125,67.806640625,8.933816,0,13.965307,0,158,0
sum_of_elements,1,fragments,191.89426499999718,1119.3252329999968,0,1048576,855,48296,59.638185,int-list-views-typed-sorted-direct-root-window-unboxed-bound-add,0,12,74.778627,1010944,49.448697,1793,-335967.4287109375,70.48046875,9.292812000000001,0,14.429971,0,168,0
sum_of_elements,1,fragments,191.89426499999718,1195.7118769999968,0,1048576,849,41961,60.211948,int-list-views-typed-sorted-direct-root-window-unboxed-bound-add,0,13,76.386644,1011356,49.787413,1780,-253354.7587890625,71.53515625,9.541409999999999,0,15.408202,0,174,0
sum_of_elements,1,fragments,191.89426499999718,1271.6768229999968,0,1048576,841,53226,60.320103,int-list-views-typed-sorted-direct-root-window-unboxed-bound-add,0,14,75.964946,1011544,49.832478,1789,-210947.3935546875,68.1875,9.566110000000004,0,14.890818,0,182,0
sum_of_elements,1,fragments,191.89426499999718,1346.679482999997,0,1048576,828,55404,59.706271,int-list-views-typed-sorted-direct-root-window-unboxed-bound-add,0,15,75.00266,1011668,49.110377,1758,-191137.318359375,64.53515625,9.733635000000003,0,14.565375,0,195,0
sum_of_elements,1,fragments,191.89426499999718,1420.040661999997,0,1048576,841,53214,58.676015,int-list-views-typed-sorted-direct-root-window-unboxed-bound-add,0,16,73.361179,1011676,48.936003,1763,-189372.5009765625,58.69921875,8.900502,0,13.923901,0,182,0
sum_of_elements,1,fragments,191.89426499999718,1492.4087519999969,0,1048576,840,46008,59.032836,int-list-views-typed-sorted-direct-root-window-unboxed-bound-add,0,17,72.36809,1011684,49.256325,1783,-184305.802734375,53.9365234375,8.87951,0,12.657852,0,183,0
sum_of_elements,1,fragments,191.89426499999718,1562.704009999997,0,1048576,831,51004,57.322059,int-list-views-typed-sorted-direct-root-window-unboxed-bound-add,0,18,70.295258,1011692,48.34174,1754,-180705.1396484375,49.8642578125,8.139349000000003,0,12.291438,0,192,0
sum_of_elements,1,fragments,191.89426499999718,1632.369540999997,0,1048576,834,58253,57.827808,int-list-views-typed-sorted-direct-root-window-unboxed-bound-add,0,19,69.665531,1011692,48.89709,1752,-208896.9990234375,46.30859375,8.123017999999995,0,11.152585,0,189,0
sum_of_elements,1,fragments,191.89426499999718,1701.639055999997,0,1048576,818,57324,57.675896,int-list-views-typed-sorted-direct-root-window-unboxed-bound-add,0,20,69.269515,1011700,48.686204,1772,-213190.01953125,43.298828125,8.232098000000002,0,10.770487,0,205,0
sum_of_elements,1,fragments,191.89426499999718,1769.797198999997,0,1048576,818,71622,56.634227,int-list-views-typed-sorted-direct-root-window-unboxed-bound-add,0,21,68.158143,1011700,47.645433,1731,-243596.013671875,41.7373046875,8.224665000000002,0,10.863232,0,205,0
sum_of_elements,1,fragments,191.89426499999718,1837.0252139999968,0,1048576,854,53226,56.160663,int-list-views-typed-sorted-direct-root-window-unboxed-bound-add,0,22,67.228015,1011704,47.400242,1762,-225914.2626953125,39.228515625,8.008049000000003,0,10.407594,0,169,0
sum_of_elements,1,fragments,191.89426499999718,1903.0161379999968,0,1048576,811,63678,55.991227,int-list-views-typed-sorted-direct-root-window-unboxed-bound-add,0,23,65.990924,1011704,47.408681,1761,-245562.7939453125,36.8662109375,7.822337000000004,0,9.365034,0,212,0
sum_of_elements,1,fragments,191.89426499999718,1967.6645609999969,0,1048576,804,71024,54.859875,int-list-views-typed-sorted-direct-root-window-unboxed-bound-add,0,24,64.648423,1011704,46.419561,1732,-257037.96484375,35.2724609375,7.673753000000002,0,9.165691,0,219,0
sum_of_elements,1,fragments,191.89426499999718,2033.0544119999968,0,1048576,800,71438,56.112092,int-list-views-typed-sorted-direct-root-window-unboxed-bound-add,0,25,65.389851,1011704,47.799149,1728,-240955.6669921875,33.830078125,7.541721999999998,0,8.671951,0,223,0
sum_of_elements,1,fragments,191.89426499999718,2095.812597999997,0,1048576,774,62810,54.3345,int-list-views-typed-sorted-direct-root-window-unboxed-bound-add,0,26,62.758186,1011704,46.205287,1723,-266024.3173828125,32.7314453125,7.349299000000002,0,7.81971,0,249,0
sum_of_elements,1,fragments,191.89426499999718,2158.317073999997,0,1048576,781,64684,54.279198,int-list-views-typed-sorted-direct-root-window-unboxed-bound-add,0,27,62.504476,1011704,46.411274,1686,-271463.1953125,31.96484375,7.113897,0,7.587034,0,242,0
sum_of_elements,1,fragments,191.89426499999718,2220.6184659999967,0,1048576,758,65701,54.22167,int-list-views-typed-sorted-direct-root-window-unboxed-bound-add,0,28,62.301392,1011704,46.475174,1706,-258422.1064453125,31.134765625,6.993542000000003,0,7.517164,0,265,0
sum_of_elements,1,fragments,191.89426499999718,2283.3778159999965,0,1048576,768,54236,54.939022,int-list-views-typed-sorted-direct-root-window-unboxed-bound-add,0,29,62.75935,1011704,47.180024,1671,-258764.1435546875,29.7666015625,6.993032,0,7.271849,0,255,0
sum_of_elements,1,fragments,191.89426499999718,2343.7658219999967,0,1048576,751,71853,53.118846,int-list-views-typed-sorted-direct-root-window-unboxed-bound-add,0,30,60.388006,1011704,45.297747,1648,-263537.525390625,28.7451171875,7.051019999999998,0,6.691137,0,272,0
sum_of_elements,1,fragments,191.89426499999718,2405.048455999997,0,1048576,776,60365,54.017865,int-list-views-typed-sorted-direct-root-window-unboxed-bound-add,0,31,61.282634,1011708,46.646157,1648,-265834.3701171875,28.490234375,6.567642999999999,0,6.651658,0,247,0
sum_of_elements,1,fragments,191.89426499999718,2467.085675999997,0,1048576,771,58712,54.238823,int-list-views-typed-sorted-direct-root-window-unboxed-bound-add,0,32,62.03722,1011712,46.636417,1648,-267582.4052734375,28.333984375,6.790010999999994,0,7.06759,0,252,0
sum_of_elements,1,fragments,191.89426499999718,2529.257511999997,0,1048576,785,40492,54.573796,int-list-views-typed-sorted-direct-root-window-unboxed-bound-add,0,33,62.171836,1011712,47.09998,1657,-254047.7646484375,27.939453125,6.665437000000001,0,7.037405,0,238,0
sum_of_elements,1,fragments,191.89426499999718,2589.115520999997,0,1048576,766,55257,52.629023,int-list-views-typed-sorted-direct-root-window-unboxed-bound-add,0,34,59.858009,1011712,45.272333,1647,-270961.69921875,27.1787109375,6.601608999999995,0,6.687635,0,257,0
sum_of_elements,1,fragments,191.89426499999718,2648.954049999997,0,1048576,749,64490,52.857698,int-list-views-typed-sorted-direct-root-window-unboxed-bound-add,0,35,59.838529,1011712,45.428025,1647,-278483.0966796875,26.3447265625,6.671067999999999,0,6.46541,0,274,0
sum_of_elements,1,fragments,191.89426499999718,2708.5737699999972,0,1048576,736,53184,52.52689,int-list-views-typed-sorted-direct-root-window-unboxed-bound-add,0,36,59.61972,1011716,45.480994,1632,-268996.326171875,25.955078125,6.3006459999999995,0,6.577355,0,287,0
sum_of_elements,1,fragments,191.89426499999718,2768.4201799999973,0,1048576,748,53428,53.007949,int-list-views-typed-sorted-direct-root-window-unboxed-bound-add,0,37,59.84641,1011716,45.784906,1655,-268106.5947265625,25.4365234375,6.458520000000005,0,6.333523,0,275,0
sum_of_elements,1,fragments,191.89426499999718,2827.0415629999975,0,1048576,741,47292,52.223557,int-list-views-typed-sorted-direct-root-window-unboxed-bound-add,0,38,58.621383,1011716,45.185367,1634,-269717.4990234375,25.328125,6.288911999999996,0,5.888333,0,282,0
sum_of_elements,1,fragments,191.89426499999718,2885.7556509999977,0,1048576,731,55704,52.31459,int-list-views-typed-sorted-direct-root-window-unboxed-bound-add,0,39,58.714088,1011716,45.293229,1593,-283577.048828125,24.8125,6.1989719999999995,0,5.814798,0,292,0
sum_of_elements,1,fragments,191.89426499999718,2942.8309699999977,0,1048576,736,60316,50.925149,int-list-views-typed-sorted-direct-root-window-unboxed-bound-add,0,40,57.075319,1011716,44.170598,1596,-270568.2724609375,24.8408203125,5.969999999999997,0,5.595227,0,287,0
sum_of_elements,1,fragments,191.89426499999718,3000.801212999998,0,1048576,743,53566,51.479939,int-list-views-typed-sorted-direct-root-window-unboxed-bound-add,0,41,57.970243,1011720,44.931274,1600,-287093.916015625,24.787109375,5.756154000000004,0,5.975868,0,280,0
sum_of_elements,1,fragments,191.89426499999718,3059.071450999998,0,1048576,725,48272,51.846576,int-list-views-typed-sorted-direct-root-window-unboxed-bound-add,0,42,58.270238,1011720,45.060585,1578,-269601.53125,24.2587890625,5.992635999999997,0,5.846402,0,298,0
sum_of_elements,1,fragments,191.89426499999718,3117.741250999998,0,1048576,735,56169,52.322334,int-list-views-typed-sorted-direct-root-window-unboxed-bound-add,0,43,58.6698,1011720,45.41776,1595,-285507.6806640625,24.1005859375,6.105409999999999,0,5.709576,0,288,0
sum_of_elements,1,fragments,191.89426499999718,3176.311208999998,0,1048576,721,48122,52.179809,int-list-views-typed-sorted-direct-root-window-unboxed-bound-add,0,44,58.569958,1011720,45.133403,1591,-272370.2041015625,24.4833984375,6.227175999999998,0,5.864635,0,302,0
sum_of_elements,1,fragments,191.89426499999718,3233.908923999998,0,1048576,734,48110,51.168875,int-list-views-typed-sorted-direct-root-window-unboxed-bound-add,0,45,57.597715,1011720,44.394695,1575,-279652.7080078125,24.482421875,6.030296000000002,0,5.935476,0,289,0
sum_of_elements,1,fragments,191.89426499999718,3291.730056999998,0,1048576,721,41272,51.503916,int-list-views-typed-sorted-direct-root-window-unboxed-bound-add,0,46,57.821133,1011720,44.755066,1577,-271659.1142578125,24.4130859375,6.007563999999997,0,5.808489,0,302,0
sum_of_elements,1,fragments,191.89426499999718,3349.463987999998,0,1048576,721,45044,51.429234,int-list-views-typed-sorted-direct-root-window-unboxed-bound-add,0,47,57.733931,1011720,44.544722,1590,-252991.41796875,24.603515625,6.134438000000001,0,5.802907,0,302,0
sum_of_elements,1,fragments,191.89426499999718,3407.481682999998,0,1048576,723,39928,51.719933,int-list-views-typed-sorted-direct-root-window-unboxed-bound-add,0,48,58.017695,1011720,44.964218,1572,-275983.0361328125,24.2509765625,6.006491999999995,0,5.789807,0,300,0
sum_of_elements,1,fragments,191.89426499999718,3464.615847999998,0,1048576,699,34806,51.027284,int-list-views-typed-sorted-direct-root-window-unboxed-bound-add,0,49,57.134165,1011720,44.347536,1553,-256646.8798828125,24.123046875,5.931429000000002,0,5.610292,0,324,0
sum_of_elements,1,fragments,191.89426499999718,3523.0716949999983,0,1048576,674,40946,51.77934,int-list-views-typed-sorted-direct-root-window-unboxed-bound-add,0,50,58.455847,1011720,45.072189,1512,-250126.1904296875,24.2255859375,5.957705,0,6.109407,0,349,0
sum_of_elements,1,fragments,191.89426499999718,3580.6983369999984,0,1048576,665,43204,51.337757,int-list-views-typed-sorted-direct-root-window-unboxed-bound-add,0,51,57.626642,1011720,44.56795,1478,-262710.6533203125,23.763671875,5.9986950000000006,0,5.731089,0,358,0
sum_of_elements,1,fragments,191.89426499999718,3638.4349049999983,0,1048576,666,40545,51.782263,int-list-views-typed-sorted-direct-root-window-unboxed-bound-add,0,52,57.736568,1011720,44.830467,1471,-245481.876953125,22.96875,6.183491,0,5.41164,0,357,0
sum_of_elements,1,fragments,191.89426499999718,3696.017999999998,0,1048576,680,32760,51.702098,int-list-views-typed-sorted-direct-root-window-unboxed-bound-add,0,53,57.583095,1011720,45.212065,1467,-241871.5947265625,22.560546875,5.748213000000002,0,5.399447,0,343,0
sum_of_elements,1,fragments,191.89426499999718,3752.501654999998,0,1048576,679,28585,50.844699,int-list-views-typed-sorted-direct-root-window-unboxed-bound-add,0,54,56.483655,1011720,44.481936,1453,-251197.2080078125,22.53125,5.548104999999996,0,5.172754,0,344,0
sum_of_elements,1,fragments,191.89426499999718,3808.9761569999982,0,1048576,660,28598,50.832229,int-list-views-typed-sorted-direct-root-window-unboxed-bound-add,0,55,56.474502,1011720,44.716664,1452,-258007.0322265625,22.876953125,5.362591999999998,0,5.10208,0,363,0
sum_of_elements,1,fragments,191.89426499999718,3866.1383109999983,0,1048576,665,28664,51.228613,int-list-views-typed-sorted-direct-root-window-unboxed-bound-add,0,56,57.162154,1011720,45.036658,1470,-258542.0029296875,22.99609375,5.421988000000001,0,5.437442,0,358,0
sum_of_elements,1,fragments,191.89426499999718,3922.860176999998,0,1048576,674,31732,50.912757,int-list-views-typed-sorted-direct-root-window-unboxed-bound-add,0,57,56.721866,1011720,44.390694,1443,-276704.640625,22.7578125,5.786202999999999,0,5.343663,0,349,0
sum_of_elements,1,fragments,191.89426499999718,3979.866427999998,0,1048576,658,20413,51.477519,int-list-views-typed-sorted-direct-root-window-unboxed-bound-add,0,58,57.006251,1011720,45.116512,1457,-261265.8837890625,22.80859375,5.608823000000003,0,5.060558,0,365,0
sum_of_elements,1,fragments,191.89426499999718,4036.613357999998,0,1048576,672,28668,51.176142,int-list-views-typed-sorted-direct-root-window-unboxed-bound-add,0,59,56.74693,1011720,44.942911,1416,-265038.2236328125,22.5,5.4984470000000005,0,5.069871,0,351,0
sum_of_elements,1,fragments,191.89426499999718,4093.5091029999976,0,1048576,645,26616,50.885698,int-list-views-typed-sorted-direct-root-window-unboxed-bound-add,0,60,56.895745,1011728,44.624772,1394,-239715.64453125,22.416015625,5.520961,0,5.525467,0,378,0
sum_of_elements,1,fragments,191.89426499999718,4150.732984999998,0,1048576,647,26622,51.848395,int-list-views-typed-sorted-direct-root-window-unboxed-bound-add,0,61,57.223882,1011728,45.256373,1412,-239541.1611328125,22.44921875,5.836477999999994,0,4.912793,0,376,0
sum_of_elements,1,fragments,191.89426499999718,4207.628660999998,0,1048576,612,17391,51.375414,int-list-views-typed-sorted-direct-root-window-unboxed-bound-add,0,62,56.895676,1011728,45.2225,1384,-262320.533203125,22.12109375,5.381023000000002,0,5.020414,0,411,0
sum_of_elements,1,fragments,191.89426499999718,4264.2326079999975,0,1048576,614,23529,51.163299,int-list-views-typed-sorted-direct-root-window-unboxed-bound-add,0,63,56.603947,1011728,44.913837,1348,-251686.30859375,21.9482421875,5.521927000000002,0,4.974894,0,409,0
sum_of_elements,1,fragments,191.89426499999718,4321.157521999998,0,1048576,602,26572,51.620446,int-list-views-typed-sorted-direct-root-window-unboxed-bound-add,0,64,56.924914,1011728,45.456482,1307,-265359.7578125,21.76171875,5.3892489999999995,0,4.836327,0,421,0
sum_of_elements,1,fragments,191.89426499999718,4377.978615999998,0,1048576,631,22520,51.497998,int-list-views-typed-sorted-direct-root-window-unboxed-bound-add,0,65,56.821094,1011728,45.435869,1319,-259659.1376953125,21.2783203125,5.292501000000001,0,4.857148,0,392,0
sum_of_elements,1,fragments,191.89426499999718,4434.369886999998,0,1048576,635,17404,50.969674,int-list-views-typed-sorted-direct-root-window-unboxed-bound-add,0,66,56.391271,1011728,44.81423,1318,-250396.65234375,21.515625,5.281334999999999,0,4.957874,0,388,0
sum_of_elements,1,fragments,191.89426499999718,4490.309917999998,0,1048576,609,26331,50.626824,int-list-views-typed-sorted-direct-root-window-unboxed-bound-add,0,67,55.940031,1011728,44.707459,1312,-244292.6513671875,21.3251953125,5.178037999999998,0,4.772372,0,414,0
sum_of_elements,1,fragments,191.89426499999718,4546.399878999998,0,1048576,616,19448,50.487525,int-list-views-typed-sorted-direct-root-window-unboxed-bound-add,0,68,56.089961,1011728,44.576577,1308,-251690.7548828125,21.26953125,5.180009,0,5.139881,0,407,0
sum_of_elements,1,fragments,191.89426499999718,4603.606892999997,0,1048576,626,16378,51.415088,int-list-views-typed-sorted-direct-root-window-unboxed-bound-add,0,69,57.207014,1011728,44.979271,1319,-230144.8857421875,21.1484375,5.665970999999995,0,5.268321,0,397,0
sum_of_elements,1,fragments,191.89426499999718,4661.916443999998,0,1048576,602,12284,53.123905,int-list-views-typed-sorted-direct-root-window-unboxed-bound-add,0,70,58.309551,1011728,46.413821,1304,-258794.25390625,20.75390625,5.9777289999999965,0,4.702202,0,421,0
sum_of_elements,1,fragments,191.89426499999718,4718.209095999998,0,1048576,617,20478,50.863516,int-list-views-typed-sorted-direct-root-window-unboxed-bound-add,0,71,56.292652,1011728,45.006383,1320,-247857.529296875,20.8828125,5.123141999999994,0,4.912743,0,406,0
sum_of_elements,1,fragments,191.89426499999718,4774.819444999997,0,1048576,641,17404,51.526652,int-list-views-typed-sorted-direct-root-window-unboxed-bound-add,0,72,56.610349,1011728,45.632385,1321,-251422.7978515625,20.859375,5.139510999999997,0,4.62335,0,382,0
sum_of_elements,1,fragments,191.89426499999718,4831.977500999998,0,1048576,606,20476,51.659015,int-list-views-typed-sorted-direct-root-window-unboxed-bound-add,0,73,57.158056,1011728,45.487466,1316,-253269.0087890625,21.08203125,5.403828999999998,0,4.903694,0,417,0
sum_of_elements,1,fragments,191.89426499999718,4890.672021999998,0,1048576,609,21491,53.276408,int-list-views-typed-sorted-direct-root-window-unboxed-bound-add,0,74,58.694521,1011728,46.873696,1279,-255696.36328125,21.0810546875,5.5837220000000025,0,4.924007,0,414,0
sum_of_elements,1,fragments,191.89426499999718,4947.588564999998,0,1048576,587,17406,51.954956,int-list-views-typed-sorted-direct-root-window-unboxed-bound-add,0,75,56.916543,1011728,45.777982,1273,-239522.5732421875,21.0087890625,5.455865000000001,0,4.492861,0,436,0
sum_of_elements,1,fragments,191.89426499999718,5005.122561999999,0,1048576,616,30694,52.26997,int-list-views-typed-sorted-direct-root-window-unboxed-bound-add,0,76,57.533997,1011732,46.472672,1308,-268587.595703125,21.2314453125,5.0745510000000005,0,4.812988,0,407,0
sum_of_elements,1,fragments,191.89426499999718,5061.990290999998,0,1048576,646,27642,51.614035,int-list-views-typed-sorted-direct-root-window-unboxed-bound-add,0,77,56.867729,1011732,45.534539,1347,-265906.9345703125,21.349609375,5.340326000000003,0,4.769145,0,377,0
sum_of_elements,1,fragments,191.89426499999718,5120.101933999998,0,1048576,619,12496,52.71609,int-list-views-typed-sorted-direct-root-window-unboxed-bound-add,0,78,58.111643,1011732,46.512139,1325,-266080.1357421875,21.7802734375,5.4792580000000015,0,4.944719,0,404,0
sum_of_elements,1,fragments,191.89426499999718,5177.603258999999,0,1048576,614,25204,52.137961,int-list-views-typed-sorted-direct-root-window-unboxed-bound-add,0,79,57.501325,1011732,45.871916,1295,-264185.466796875,21.1650390625,5.485005999999997,0,4.874165,0,409,0
sum_of_elements,1,fragments,191.89426499999718,5234.3043739999985,0,1048576,588,21496,51.626181,int-list-views-typed-sorted-direct-root-window-unboxed-bound-add,0,80,56.701115,1011732,45.891782,1258,-260398.5048828125,20.8330078125,5.013724,0,4.622408,0,435,0
sum_of_elements,1,fragments,191.89426499999718,5291.332871999998,0,1048576,587,22516,51.969996,int-list-views-typed-sorted-direct-root-window-unboxed-bound-add,0,81,57.028498,1011732,46.204079,1258,-237629.0576171875,20.693359375,5.043481000000003,0,4.608587,0,436,0
sum_of_elements,1,fragments,191.89426499999718,5348.204164999998,0,1048576,587,16380,51.531454,int-list-views-typed-sorted-direct-root-window-unboxed-bound-add,0,82,56.871293,1011732,45.470703,1247,-233957.619140625,21.236328125,5.295352999999995,0,4.870034,0,436,0
sum_of_elements,1,fragments,191.89426499999718,5405.748323999998,0,1048576,598,20468,52.190466,int-list-views-typed-sorted-direct-root-window-unboxed-bound-add,0,83,57.544159,1011732,46.04319,1278,-257170.314453125,21.181640625,5.428225000000001,0,4.903084,0,425,0
sum_of_elements,1,fragments,191.89426499999718,5463.106291999999,0,1048576,564,20412,52.123344,int-list-views-typed-sorted-direct-root-window-unboxed-bound-add,0,84,57.357968,1011732,46.035985,1225,-247373.8994140625,20.75,5.321948000000001,0,4.75835,0,459,0
sum_of_elements,1,fragments,191.89426499999718,5519.558044999999,0,1048576,624,21504,51.347923,int-list-views-typed-sorted-direct-root-window-unboxed-bound-add,0,85,56.451753,1011732,45.304076,1268,-241908.6728515625,20.6396484375,5.321515000000005,0,4.650162,0,399,0
sum_of_elements,1,fragments,191.89426499999718,5576.290249999999,0,1048576,632,23544,51.557144,int-list-views-typed-sorted-direct-root-window-unboxed-bound-add,0,86,56.732205,1011732,45.801388,1296,-275563.501953125,20.408203125,5.020633000000001,0,4.703208,0,391,0
sum_of_elements,1,fragments,191.89426499999718,5632.988169999999,0,1048576,597,18636,51.50558,int-list-views-typed-sorted-direct-root-window-unboxed-bound-add,0,87,56.69792,1011732,45.68916,1269,-260890.2060546875,20.322265625,5.089723000000003,0,4.733346,0,426,0
sum_of_elements,1,fragments,191.89426499999718,5690.434394999998,0,1048576,607,15356,51.964795,int-list-views-typed-sorted-direct-root-window-unboxed-bound-add,0,88,57.446225,1011732,45.572361,1270,-241168.9384765625,20.177734375,5.563513,0,4.808955,0,416,0
sum_of_elements,1,fragments,191.89426499999718,5747.5613269999985,0,1048576,605,13312,52.237389,int-list-views-typed-sorted-direct-root-window-unboxed-bound-add,0,89,57.126932,1011732,45.902184,1281,-237933.412109375,20.34765625,5.449339000000001,0,4.438796,0,418,0
sum_of_elements,1,fragments,191.89426499999718,5804.669461999999,0,1048576,609,16363,51.740254,int-list-views-typed-sorted-direct-root-window-unboxed-bound-add,0,90,57.108135,1011732,45.911182,1269,-246119.267578125,20.2724609375,5.106434999999999,0,4.872781,0,414,0
sum_of_elements,1,fragments,191.89426499999718,5862.243483999999,0,1048576,584,14334,52.156203,int-list-views-typed-sorted-direct-root-window-unboxed-bound-add,0,91,57.574022,1011732,46.330968,1262,-246692.810546875,20.3759765625,5.0768840000000015,0,4.949921,0,439,0
sum_of_elements,1,fragments,191.89426499999718,5919.683524999999,0,1048576,595,19454,52.397129,int-list-views-typed-sorted-direct-root-window-unboxed-bound-add,0,92,57.440041,1011732,46.275546,1273,-262260.30859375,20.337890625,5.356251,0,4.586443,0,428,0
sum_of_elements,1,fragments,191.89426499999718,5978.352322999998,0,1048576,607,17406,53.348883,int-list-views-typed-sorted-direct-root-window-unboxed-bound-add,0,93,58.668798,1011732,47.264874,1312,-280509.8173828125,20.6943359375,5.344593999999998,0,4.693243,0,416,0
sum_of_elements,1,fragments,191.89426499999718,6035.919221999999,0,1048576,608,19444,52.23304,int-list-views-typed-sorted-direct-root-window-unboxed-bound-add,0,94,57.566899,1011732,46.05105,1300,-273063.38671875,20.5986328125,5.422421,0,4.839898,0,415,0
sum_of_elements,1,fragments,191.89426499999718,6092.520695999999,0,1048576,560,8188,51.700534,int-list-views-typed-sorted-direct-root-window-unboxed-bound-add,0,95,56.601474,1011732,45.815429,1240,-260920.869140625,20.4814453125,5.156655000000001,0,4.435972,0,463,0
sum_of_elements,1,fragments,191.89426499999718,6149.105199999999,0,1048576,569,15746,51.402104,int-list-views-typed-sorted-direct-root-window-unboxed-bound-add,0,96,56.584504,1011732,45.684096,1213,-232622.5068359375,20.4375,4.995419000000004,0,4.684811,0,454,0
sum_of_elements,1,fragments,191.89426499999718,6205.036891999999,0,1048576,537,18836,50.920767,int-list-views-typed-sorted-direct-root-window-unboxed-bound-add,0,97,55.931692,1011732,44.937327,1180,-239370.1201171875,20.625,5.255796999999996,0,4.568479,0,486,0
sum_of_elements,1,fragments,191.89426499999718,6261.135192999999,0,1048576,573,17406,51.005177,int-list-views-typed-sorted-direct-root-window-unboxed-bound-add,0,98,56.098301,1011732,44.968016,1205,-228571.89453125,20.4248046875,5.247637000000004,0,4.626029,0,450,0
sum_of_elements,1,fragments,191.89426499999718,6318.375125999999,0,1048576,568,11262,52.028264,int-list-views-typed-sorted-direct-root-window-unboxed-bound-add,0,99,57.239933,1011732,45.748018,1215,-247512.013671875,20.15625,5.439538000000002,0,4.642511,0,455,0
sum_of_elements,1,fragments,191.89426499999718,6374.859537999999,0,1048576,580,14334,51.408459,int-list-views-typed-sorted-direct-root-window-unboxed-bound-add,0,100,56.484412,1011732,45.430041,1259,-250635.728515625,20.271484375,5.257029000000001,0,4.605936,0,443,0
sum_of_elements,1,fragments,191.89426499999718,6431.169076999999,0,1048576,586,11258,50.930911,int-list-views-typed-sorted-direct-root-window-unboxed-bound-add,0,101,56.309539,1011732,44.954319,1240,-239498.0859375,21.2919921875,5.255032999999999,0,4.879761,0,437,0
sum_of_elements,1,fragments,191.89426499999718,6488.353159999999,0,1048576,603,18432,51.874499,int-list-views-typed-sorted-direct-root-window-unboxed-bound-add,0,102,57.184083,1011732,45.599527,1259,-256168.0947265625,20.9521484375,5.511592999999998,0,4.848628,0,420,0
sum_of_elements,1,fragments,191.89426499999718,6545.110216999999,0,1048576,590,18426,51.658797,int-list-views-typed-sorted-direct-root-window-unboxed-bound-add,0,103,56.757057,1011732,45.410501,1244,-273024.0185546875,20.7392578125,5.469096000000002,0,4.641046,0,433,0
sum_of_elements,1,fragments,191.89426499999718,6601.894564999999,0,1048576,560,11262,51.708533,int-list-views-typed-sorted-direct-root-window-unboxed-bound-add,0,104,56.784348,1011732,45.555061,1232,-269946.9716796875,20.869140625,5.369117000000005,0,4.581728,0,463,0
sum_of_elements,1,fragments,191.89426499999718,6658.719210999999,0,1048576,610,17402,51.621366,int-list-views-typed-sorted-direct-root-window-unboxed-bound-add,0,105,56.824646,1011732,45.580014,1280,-253983.193359375,20.9697265625,5.299179999999999,0,4.690544,0,413,0
sum_of_elements,1,fragments,191.89426499999718,6714.901118999998,0,1048576,596,17403,50.929401,int-list-views-typed-sorted-direct-root-window-unboxed-bound-add,0,106,56.181908,1011732,45.233014,1272,-255550.958984375,20.5869140625,4.9738859999999985,0,4.794126,0,427,0
sum_of_elements,1,fragments,191.89426499999718,6771.031234999999,0,1048576,597,19454,51.188113,int-list-views-typed-sorted-direct-root-window-unboxed-bound-add,0,107,56.130116,1011732,45.404797,1293,-252697.4072265625,20.84375,5.054885000000004,0,4.50585,0,426,0
sum_of_elements,1,fragments,191.89426499999718,6827.380299999999,0,1048576,572,14334,51.407054,int-list-views-typed-sorted-direct-root-window-unboxed-bound-add,0,108,56.349065,1011732,45.722116,1236,-259282.0849609375,20.6767578125,4.917030000000002,0,4.481565,0,451,0
sum_of_elements,1,fragments,191.89426499999718,6883.9050339999985,0,1048576,591,24572,51.23704,int-list-views-typed-sorted-direct-root-window-unboxed-bound-add,0,109,56.524734,1011732,45.395292,1240,-229649.2685546875,20.9140625,5.118048999999997,0,4.839824,0,432,0
sum_of_elements,1,fragments,191.89426499999718,6941.314448999999,0,1048576,574,16376,51.903464,int-list-views-typed-sorted-direct-root-window-unboxed-bound-add,0,110,57.409415,1011732,46.11743,1214,-245474.201171875,21.15234375,5.000297999999999,0,5.008654,0,449,0
sum_of_elements,1,fragments,191.89426499999718,6999.151995999999,0,1048576,599,21495,52.667008,int-list-views-typed-sorted-direct-root-window-unboxed-bound-add,0,111,57.837547,1011732,46.082885,1236,-248629.5341796875,20.654296875,5.724276000000007,0,4.698931,0,424,0
sum_of_elements,1,fragments,191.89426499999718,7056.814578999999,0,1048576,567,12277,52.490939,int-list-views-typed-sorted-direct-root-window-unboxed-bound-add,0,112,57.662583,1011732,46.338806,1238,-247506.2783203125,20.7607421875,5.403460999999995,0,4.676684,0,456,0
sum_of_elements,1,fragments,191.89426499999718,7113.195632999999,0,1048576,590,16382,51.196174,int-list-views-typed-sorted-direct-root-window-unboxed-bound-add,0,113,56.381054,1011732,45.245265,1247,-242350.2783203125,20.6015625,5.232194,0,4.691996,0,433,0
sum_of_elements,1,fragments,191.89426499999718,7169.280174999999,0,1048576,594,17390,50.864845,int-list-views-typed-sorted-direct-root-window-unboxed-bound-add,0,114,56.084542,1011732,45.117969,1247,-241132.05078125,20.462890625,5.0288280000000025,0,4.770079,0,429,0
sum_of_elements,1,fragments,191.89426499999718,7225.631511999999,0,1048576,588,17408,51.220993,int-list-views-typed-sorted-direct-root-window-unboxed-bound-add,0,115,56.351337,1011732,45.461256,1248,-234869.703125,20.23828125,5.044948,0,4.682542,0,435,0
sum_of_elements,1,fragments,191.89426499999718,7281.280925999999,0,1048576,561,20476,50.98968,int-list-views-typed-sorted-direct-root-window-unboxed-bound-add,0,116,55.649414,1011732,44.940527,1243,-240939.7392578125,19.8876953125,5.288183999999997,0,4.215495,0,462,0
sum_of_elements,1,fragments,191.89426499999718,7338.266728999999,0,1048576,593,9001,51.997449,int-list-views-typed-sorted-direct-root-window-unboxed-bound-add,0,117,56.985803,1011732,46.297348,1265,-235605.158203125,20.2255859375,4.9854690000000055,0,4.533093,0,430,0
sum_of_elements,1,fragments,191.89426499999718,7394.861702999999,0,1048576,576,19448,51.575266,int-list-views-typed-sorted-direct-root-window-unboxed-bound-add,0,118,56.594974,1011732,45.739388,1265,-250487.8828125,20.2060546875,5.119962999999996,0,4.519291,0,447,0
sum_of_elements,1,fragments,191.89426499999718,7451.552490999999,0,1048576,561,22514,51.82635,int-list-views-typed-sorted-direct-root-window-unboxed-bound-add,0,119,56.690788,1011732,45.990558,1245,-253060.5810546875,20.115234375,5.056604999999996,0,4.425515,0,462,0
sum_of_elements,1,fragments,191.89426499999718,7509.249762999999,0,1048576,535,14542,52.561881,int-list-views-typed-sorted-direct-root-window-unboxed-bound-add,0,120,57.697272,1011732,47.01815,1188,-240136.580078125,20.05078125,4.838247999999998,0,4.69908,0,488,0
sum_of_elements,1,fragments,191.89426499999718,7565.4241649999985,0,1048576,556,17404,51.361976,int-list-views-typed-sorted-direct-root-window-unboxed-bound-add,0,121,56.174402,1011732,45.652188,1192,-247504.7119140625,19.939453125,4.994891999999998,0,4.366359,0,467,0
sum_of_elements,1,fragments,191.89426499999718,7621.775377999998,0,1048576,538,17404,51.48637,int-list-views-typed-sorted-direct-root-window-unboxed-bound-add,0,122,56.351213,1011732,45.950474,1165,-253109.59765625,19.7529296875,4.774208000000001,0,4.418688,0,485,0
sum_of_elements,1,fragments,191.89426499999718,7678.558889999998,0,1048576,564,16376,51.579896,int-list-views-typed-sorted-direct-root-window-unboxed-bound-add,0,123,56.783512,1011732,45.804223,1198,-247246.4228515625,20.6025390625,4.966957000000001,0,4.716856,0,459,0
sum_of_elements,1,fragments,191.89426499999718,7734.814820999998,0,1048576,588,19655,51.331665,int-list-views-typed-sorted-direct-root-window-unboxed-bound-add,0,124,56.255931,1011732,45.302485,1240,-255604.3076171875,20.5771484375,5.2306349999999995,0,4.421396,0,435,0
sum_of_elements,1,fragments,191.89426499999718,7791.130129999998,0,1048576,601,17399,51.411079,int-list-views-typed-sorted-direct-root-window-unboxed-bound-add,0,125,56.315309,1011732,45.592421,1281,-269652.646484375,20.3623046875,5.065860999999998,0,4.447922,0,422,0
sum_of_elements,1,fragments,191.89426499999718,7849.770621999998,0,1048576,567,13310,53.265644,int-list-views-typed-sorted-direct-root-window-unboxed-bound-add,0,126,58.640492,1011732,47.476357,1251,-265576.2509765625,20.54296875,5.034072999999999,0,4.867271,0,456,0
sum_of_elements,1,fragments,191.89426499999718,7907.028913999999,0,1048576,576,17342,51.966118,int-list-views-typed-sorted-direct-root-window-unboxed-bound-add,0,127,57.258292,1011732,46.230352,1268,-250383.4169921875,21.07421875,5.011173000000001,0,4.836667,0,447,0
sum_of_elements,1,fragments,191.89426499999718,7963.882880999999,0,1048576,583,24489,51.856807,int-list-views-typed-sorted-direct-root-window-unboxed-bound-add,0,128,56.853967,1011732,45.962804,1235,-266560.3876953125,20.3095703125,5.113940000000002,0,4.4078,0,440,0
sum_of_elements,1,fragments,191.89426499999718,8020.613207999999,0,1048576,583,15355,51.64164,int-list-views-typed-sorted-direct-root-window-unboxed-bound-add,0,129,56.730327,1011732,45.96379,1244,-261581.318359375,20.5224609375,4.907196000000005,0,4.624762,0,440,0
sum_of_elements,1,fragments,191.89426499999718,8076.658231999999,0,1048576,576,14334,51.219551,int-list-views-typed-sorted-direct-root-window-unboxed-bound-add,0,130,56.045024,1011732,45.290239,1231,-253487.353515625,20.3310546875,5.159448,0,4.276661,0,447,0
sum_of_elements,1,fragments,191.89426499999718,8133.444899999999,0,1048576,589,14332,51.451184,int-list-views-typed-sorted-direct-root-window-unboxed-bound-add,0,131,56.786668,1011732,45.640257,1229,-239874.64453125,20.248046875,5.051149,0,4.877975,0,434,0
sum_of_elements,1,fragments,191.89426499999718,8189.860161999999,0,1048576,574,14336,51.504942,int-list-views-typed-sorted-direct-root-window-unboxed-bound-add,0,132,56.415262,1011732,45.495377,1225,-239960.5302734375,20.2626953125,5.288996999999997,0,4.37825,0,449,0
sum_of_elements,1,fragments,191.89426499999718,8246.331836,0,1048576,586,6144,51.458488,int-list-views-typed-sorted-direct-root-window-unboxed-bound-add,0,133,56.471674,1011732,45.86855,1263,-237263.0634765625,20.185546875,4.854839999999999,0,4.517651,0,437,0
sum_of_elements,1,fragments,191.89426499999718,8302.993271,0,1048576,583,17384,51.282976,int-list-views-typed-sorted-direct-root-window-unboxed-bound-add,0,134,56.661435,1011732,45.341075,1221,-265497.6787109375,20.36328125,5.222660999999997,0,4.828951,0,440,0
sum_of_elements,1,fragments,191.89426499999718,8359.582978999999,0,1048576,591,22891,51.469139,int-list-views-typed-sorted-direct-root-window-unboxed-bound-add,0,135,56.589708,1011732,45.354657,1254,-258588.7529296875,20.4248046875,5.397645999999998,0,4.624591,0,432,0
sum_of_elements,1,fragments,191.89426499999718,8415.912240999998,0,1048576,600,21979,51.169393,int-list-views-typed-sorted-direct-root-window-unboxed-bound-add,0,136,56.329262,1011740,45.103337,1264,-255195.12109375,20.529296875,5.283723999999999,0,4.5936,0,423,0
sum_of_elements,1,fragments,191.89426499999718,8472.471902999998,0,1048576,571,14707,51.26686,int-list-views-typed-sorted-direct-root-window-unboxed-bound-add,0,137,56.559662,1011740,45.253978,1264,-248357.20703125,20.87109375,5.237373999999999,0,4.754379,0,452,0
sum_of_elements,1,fragments,191.89426499999718,8528.595626999997,0,1048576,579,22526,50.80345,int-list-views-typed-sorted-direct-root-window-unboxed-bound-add,0,138,56.123724,1011740,45.031266,1245,-242275.431640625,20.6044921875,5.047213,0,4.745586,0,444,0
sum_of_elements,1,fragments,191.89426499999718,8588.416486999997,0,1048576,575,19449,54.042577,int-list-views-typed-sorted-direct-root-window-unboxed-bound-add,0,139,59.82086,1011740,47.158664,1254,-246639.794921875,20.3466796875,6.055623000000004,0,4.998835,0,448,0
sum_of_elements,1,fragments,191.89426499999718,8647.715702999996,0,1048576,577,16378,53.037114,int-list-views-typed-sorted-direct-root-window-unboxed-bound-add,0,140,59.299216,1011740,44.916224,1239,-255062.91015625,19.861328125,7.281751000000003,0,5.345465,0,446,0
sum_of_elements,1,fragments,191.89426499999718,8705.311491999997,0,1048576,589,11260,52.483416,int-list-views-typed-sorted-direct-root-window-unboxed-bound-add,0,141,57.595789,1011740,45.237244,1256,-256978.22265625,20.1259765625,6.493890999999998,0,4.487548,0,434,0
sum_of_elements,1,fragments,191.89426499999718,8762.651065999997,0,1048576,573,16738,51.931067,int-list-views-typed-sorted-direct-root-window-unboxed-bound-add,0,142,57.339574,1011740,45.600032,1224,-273849.0478515625,20.0458984375,5.603202999999995,0,4.787091,0,450,0
sum_of_elements,1,fragments,191.89426499999718,8821.671224999996,0,1048576,539,13312,53.898973,int-list-views-typed-sorted-direct-root-window-unboxed-bound-add,0,143,59.020159,1011740,47.105508,1227,-246282.2099609375,20.166015625,6.039627999999997,0,4.52357,0,484,0
sum_of_elements,1,fragments,191.89426499999718,8878.598152999997,0,1048576,593,16384,51.744613,int-list-views-typed-sorted-direct-root-window-unboxed-bound-add,0,144,56.926928,1011740,45.589324,1243,-257495.47265625,20.388671875,5.400693,0,4.693906,0,430,0
sum_of_elements,1,fragments,191.89426499999718,8934.641626999997,0,1048576,592,12282,51.143214,int-list-views-typed-sorted-direct-root-window-unboxed-bound-add,0,145,56.043474,1011740,45.13504,1263,-234906.1865234375,20.2421875,5.244718000000001,0,4.424575,0,431,0
sum_of_elements,1,fragments,191.89426499999718,8991.963752999996,0,1048576,582,17612,52.036439,int-list-views-typed-sorted-direct-root-window-unboxed-bound-add,0,146,57.322126,1011740,45.899876,1245,-253587.01953125,20.3857421875,5.291027000000003,0,4.708674,0,441,0
sum_of_elements,1,fragments,191.89426499999718,9048.976713999997,0,1048576,591,17399,52.115501,int-list-views-typed-sorted-direct-root-window-unboxed-bound-add,0,147,57.012961,1011740,45.720102,1265,-256228.9892578125,20.271484375,5.575296,0,4.446616,0,432,0
sum_of_elements,1,fragments,191.89426499999718,9106.009281999997,0,1048576,587,16377,51.766513,int-list-views-typed-sorted-direct-root-window-unboxed-bound-add,0,148,57.032568,1011740,45.973827,1275,-259135.08984375,20.58984375,5.070126,0,4.754917,0,436,0
sum_of_elements,1,fragments,191.89426499999718,9163.203451999998,0,1048576,560,16592,52.106126,int-list-views-typed-sorted-direct-root-window-unboxed-bound-add,0,149,57.19417,1011740,46.16926,1246,-259058.5224609375,20.8330078125,5.195920000000001,0,4.621463,0,463,0
sum_of_elements,1,fragments,191.89426499999718,9220.358360999999,0,1048576,555,19456,51.642545,int-list-views-typed-sorted-direct-root-window-unboxed-bound-add,0,150,57.154909,1011740,45.780781,1221,-262832.5107421875,21.0966796875,5.139816000000001,0,5.029482,0,468,0
sum_of_elements,1,fragments,191.89426499999718,9277.512523999998,0,1048576,537,18424,51.753701,int-list-views-typed-sorted-direct-root-window-unboxed-bound-add,0,151,57.154163,1011740,45.688772,1191,-250594.546875,21.2314453125,5.337169999999996,0,4.918364,0,486,0
sum_of_elements,1,fragments,191.89426499999718,9334.660552999998,0,1048576,563,16384,51.925441,int-list-views-typed-sorted-direct-root-window-unboxed-bound-add,0,152,57.148029,1011744,45.886991,1185,-227082.17578125,21.1669921875,5.3116129999999995,0,4.758647,0,460,0
sum_of_elements,1,fragments,191.89426499999718,9391.408909999998,0,1048576,568,16384,51.410158,int-list-views-typed-sorted-direct-root-window-unboxed-bound-add,0,153,56.748357,1011744,45.314413,1191,-247123.814453125,21.2314453125,5.373766000000003,0,4.889617,0,455,0
sum_of_elements,1,fragments,191.89426499999718,9449.005322999998,0,1048576,579,17395,52.304327,int-list-views-typed-sorted-direct-root-window-unboxed-bound-add,0,154,57.596413,1011744,46.301707,1230,-257747.130859375,21.2978515625,5.271698999999998,0,4.814865,0,444,0
sum_of_elements,1,fragments,191.89426499999718,9506.636667999997,0,1048576,581,13308,52.323675,int-list-views-typed-sorted-direct-root-window-unboxed-bound-add,0,155,57.631345,1011744,45.9784,1234,-266284.3935546875,20.962890625,5.601114999999998,0,4.860708,0,442,0
sum_of_elements,1,fragments,191.89426499999718,9563.019560999997,0,1048576,581,20469,51.265977,int-list-views-typed-sorted-direct-root-window-unboxed-bound-add,0,156,56.382893,1011744,45.208114,1243,-252935.4453125,20.900390625,5.331135,0,4.561767,0,442,0
sum_of_elements,1,fragments,191.89426499999718,9619.217359999997,0,1048576,555,15356,51.055167,int-list-views-typed-sorted-direct-root-window-unboxed-bound-add,0,157,56.197799,1011744,45.328219,1193,-268117.98828125,20.4609375,4.961348999999995,0,4.686275,0,468,0
sum_of_elements,1,fragments,191.89426499999718,9676.373092999997,0,1048576,592,11258,52.006199,int-list-views-typed-sorted-direct-root-window-unboxed-bound-add,0,158,57.155733,1011744,46.139961,1239,-260938.5390625,20.9072265625,5.1471840000000055,0,4.686912,0,431,0
sum_of_elements,1,fragments,191.89426499999718,9733.175974999996,0,1048576,563,20474,51.634015,int-list-views-typed-sorted-direct-root-window-unboxed-bound-add,0,159,56.802882,1011744,45.811205,1224,-265390.0732421875,20.4990234375,5.104737999999995,0,4.621883,0,460,0
sum_of_elements,1,fragments,191.89426499999718,9789.856894999997,0,1048576,583,15242,51.632328,int-list-views-typed-sorted-direct-root-window-unboxed-bound-add,0,160,56.68092,1011744,45.756733,1221,-265994.125,21.091796875,5.1514850000000045,0,4.587116,0,440,0
sum_of_elements,1,fragments,191.89426499999718,9847.568198999998,0,1048576,586,16380,51.859313,int-list-views-typed-sorted-direct-root-window-unboxed-bound-add,0,161,57.711304,1011744,45.909575,1242,-270090.443359375,21.060546875,5.228860000000001,0,5.350642,0,437,0
sum_of_elements,1,fragments,191.89426499999718,9905.593277999997,0,1048576,571,9212,52.251041,int-list-views-typed-sorted-direct-root-window-unboxed-bound-add,0,162,58.025079,1011744,45.329548,1237,-257822.3291015625,21.005859375,5.916349,0,5.266762,0,452,0
sum_of_elements,1,fragments,191.89426499999718,9963.431463999998,0,1048576,543,16382,52.771611,int-list-views-typed-sorted-direct-root-window-unboxed-bound-add,0,163,57.838186,1011744,45.825107,1223,-258775.390625,20.7666015625,6.103182999999999,0,4.578998,0,480,0
sum_of_elements,1,fragments,191.89426499999718,10021.610152999998,0,1048576,586,11225,51.83428,int-list-views-typed-sorted-direct-root-window-unboxed-bound-add,0,164,58.178689,1011744,45.643934,1229,-247929.830078125,20.7314453125,5.416722000000001,0,5.878082,0,437,0
sum_of_elements,1,fragments,191.89426499999718,10079.197561999998,0,1048576,575,16588,52.30146,int-list-views-typed-sorted-direct-root-window-unboxed-bound-add,0,165,57.587409,1011744,45.461687,1219,-249623.23828125,20.6484375,6.028548999999998,0,4.812483,0,448,0
sum_of_elements,1,fragments,191.89426499999718,10135.427536999998,0,1048576,558,19543,51.021651,int-list-views-typed-sorted-direct-root-window-unboxed-bound-add,0,166,56.229975,1011744,45.388244,1218,-255869.1240234375,20.9052734375,4.916280999999998,0,4.713407,0,465,0
sum_of_elements,1,fragments,191.89426499999718,10191.850384999998,0,1048576,597,19450,51.136144,int-list-views-typed-sorted-direct-root-window-unboxed-bound-add,0,167,56.422848,1011744,45.185255,1212,-247385.7451171875,20.73046875,5.201400000000002,0,4.831339,0,426,0
sum_of_elements,1,fragments,191.89426499999718,10247.593942999998,0,1048576,593,26620,50.78482,int-list-views-typed-sorted-direct-root-window-unboxed-bound-add,0,168,55.743558,1011744,44.882671,1225,-244458.7734375,20.8623046875,5.178138000000005,0,4.500791,0,430,0
sum_of_elements,1,fragments,191.89426499999718,10304.291275999998,0,1048576,590,14334,51.033681,int-list-views-typed-sorted-direct-root-window-unboxed-bound-add,0,169,56.697333,1011744,44.982044,1215,-231574.1806640625,21.123046875,5.226641000000001,0,5.16313,0,433,0
sum_of_elements,1,fragments,191.89426499999718,10363.685714999998,0,1048576,594,23550,54.240068,int-list-views-typed-sorted-direct-root-window-unboxed-bound-add,0,170,59.394439,1011744,47.823635,1249,-242661.4931640625,20.77734375,5.673923,0,4.645302,0,429,0
sum_of_elements,1,fragments,191.89426499999718,10420.604295999998,0,1048576,586,14694,51.753774,int-list-views-typed-sorted-direct-root-window-unboxed-bound-add,0,171,56.918581,1011744,45.943398,1236,-253608.3134765625,20.5546875,5.003651,0,4.679447,0,437,0
sum_of_elements,1,fragments,191.89426499999718,10477.630899999998,0,1048576,562,14336,52.268498,int-list-views-typed-sorted-direct-root-window-unboxed-bound-add,0,172,57.026604,1011744,46.605115,1240,-247343.0234375,20.49609375,4.947606000000002,0,4.315397,0,461,0
sum_of_elements,1,fragments,191.89426499999718,10534.320066999999,0,1048576,555,17408,51.653945,int-list-views-typed-sorted-direct-root-window-unboxed-bound-add,0,173,56.689167,1011744,46.095822,1216,-259634.09765625,20.099609375,4.8396849999999985,0,4.582758,0,468,0
sum_of_elements,1,fragments,191.89426499999718,10591.103701999999,0,1048576,567,11257,51.66943,int-list-views-typed-sorted-direct-root-window-unboxed-bound-add,0,174,56.783635,1011748,46.264098,1239,-246370.9130859375,20.5244140625,4.684155999999998,0,4.665768,0,456,0
sum_of_elements,1,fragments,191.89426499999718,10647.394268999999,0,1048576,609,13310,51.176485,int-list-views-typed-sorted-direct-root-window-unboxed-bound-add,0,175,56.290567,1011748,45.66091,1273,-237893.240234375,20.666015625,4.797475,0,4.624665,0,414,0
sum_of_elements,1,fragments,191.89426499999718,10704.367444999998,0,1048576,588,14316,51.675231,int-list-views-typed-sorted-direct-root-window-unboxed-bound-add,0,176,56.973176,1011748,45.586946,1261,-255258.25390625,20.515625,5.226188999999996,0,4.744838,0,435,0
sum_of_elements,1,fragments,191.89426499999718,10761.423740999999,0,1048576,545,11264,52.21941,int-list-views-typed-sorted-direct-root-window-unboxed-bound-add,0,177,57.056296,1011748,45.997031,1229,-261246.4814453125,20.1298828125,5.477296000000006,0,4.391174,0,478,0
sum_of_elements,1,fragments,191.89426499999718,10816.748645999998,0,1048576,578,22522,50.330145,int-list-views-typed-sorted-direct-root-window-unboxed-bound-add,0,178,55.324905,1011748,44.902651,1223,-259924.9970703125,20.318359375,4.712363000000003,0,4.542547,0,445,0
sum_of_elements,1,fragments,191.89426499999718,10872.273532999998,0,1048576,567,17406,50.471679,int-list-views-typed-sorted-direct-root-window-unboxed-bound-add,0,179,55.524887,1011748,45.015307,1235,-263959.0478515625,20.5869140625,4.739989999999999,0,4.604444,0,456,0
sum_of_elements,1,fragments,191.89426499999718,10928.823400999998,0,1048576,598,21502,51.303101,int-list-views-typed-sorted-direct-root-window-unboxed-bound-add,0,180,56.549868,1011748,45.404643,1261,-262577.7138671875,20.50390625,5.107270999999998,0,4.772346,0,425,0
sum_of_elements,1,fragments,191.89426499999718,10986.164850999998,0,1048576,596,13310,52.164439,int-list-views-typed-sorted-direct-root-window-unboxed-bound-add,0,181,57.34145,1011748,45.827111,1244,-249899.6796875,20.1982421875,5.507428,0,4.706797,0,427,0
sum_of_elements,1,fragments,191.89426499999718,11043.926275999998,0,1048576,588,15360,52.643085,int-list-views-typed-sorted-direct-root-window-unboxed-bound-add,0,182,57.761425,1011748,46.682763,1271,-262131.7197265625,20.419921875,5.236086999999997,0,4.629899,0,435,0
sum_of_elements,1,fragments,191.89426499999718,11100.131316999998,0,1048576,583,21498,51.168201,int-list-views-typed-sorted-direct-root-window-unboxed-bound-add,0,183,56.205041,1011748,45.280258,1286,-271442.041015625,20.9560546875,5.173259,0,4.550896,0,440,0
sum_of_elements,1,fragments,191.89426499999718,11156.230341999997,0,1048576,598,15356,50.861019,int-list-views-typed-sorted-direct-root-window-unboxed-bound-add,0,184,56.099025,1011748,45.050616,1264,-256901.85546875,21.458984375,5.047751999999999,0,4.79417,0,425,0
sum_of_elements,1,fragments,191.89426499999718,11212.420697999996,0,1048576,612,27644,51.294623,int-list-views-typed-sorted-direct-root-window-unboxed-bound-add,0,185,56.190356,1011748,45.319873,1324,-252856.908203125,21.162109375,5.257616000000002,0,4.425995,0,411,0
sum_of_elements,1,fragments,191.89426499999718,11268.251391999996,0,1048576,609,20474,50.698377,int-list-views-typed-sorted-direct-root-window-unboxed-bound-add,0,186,55.830694,1011748,44.979754,1309,-258657.392578125,20.84375,5.005817000000002,0,4.67566,0,414,0
sum_of_elements,1,fragments,191.89426499999718,11325.168822999996,0,1048576,597,16519,51.783932,int-list-views-typed-sorted-direct-root-window-unboxed-bound-add,0,187,56.917431,1011748,45.892914,1265,-269523.2099609375,20.685546875,5.102692999999999,0,4.631673,0,426,0
sum_of_elements,1,fragments,191.89426499999718,11381.458382999996,0,1048576,605,16384,50.931334,int-list-views-typed-sorted-direct-root-window-unboxed-bound-add,0,188,56.28956,1011748,45.100381,1273,-244954.2958984375,20.40625,5.0822860000000025,0,4.903866,0,418,0
sum_of_elements,1,fragments,191.89426499999718,11438.696811999995,0,1048576,613,17897,51.677518,int-list-views-typed-sorted-direct-root-window-unboxed-bound-add,0,189,57.238429,1011752,45.679674,1262,-262989.4482421875,20.5234375,5.286444000000001,0,5.096861,0,410,0
sum_of_elements,1,fragments,191.89426499999718,11495.750780999995,0,1048576,598,18377,51.840303,int-list-views-typed-sorted-direct-root-window-unboxed-bound-add,0,190,57.053969,1011752,45.697509,1255,-261124.1220703125,20.548828125,5.373550000000002,0,4.763286,0,425,0
sum_of_elements,1,fragments,191.89426499999718,11551.764186999995,0,1048576,605,13310,50.898941,int-list-views-typed-sorted-direct-root-window-unboxed-bound-add,0,191,56.013406,1011752,45.292828,1260,-256709.416015625,20.978515625,4.879921999999999,0,4.670111,0,418,0
sum_of_elements,1,fragments,191.89426499999718,11607.680734999994,0,1048576,587,20360,50.935436,int-list-views-typed-sorted-direct-root-window-unboxed-bound-add,0,192,55.916548,1011752,45.202917,1234,-254288.9658203125,20.6796875,4.958742000000001,0,4.483913,0,436,0
sum_of_elements,1,fragments,191.89426499999718,11663.958201999994,0,1048576,612,15358,50.931801,int-list-views-typed-sorted-direct-root-window-unboxed-bound-add,0,193,56.277467,1011752,45.33327,1261,-239004.4921875,21.1142578125,4.837329000000002,0,4.859749,0,411,0
sum_of_elements,1,fragments,191.89426499999718,11720.767780999995,0,1048576,585,18430,51.413912,int-list-views-typed-sorted-direct-root-window-unboxed-bound-add,0,194,56.809579,1011752,45.528032,1248,-242068.6083984375,21.0830078125,5.173026000000003,0,4.943151,0,438,0
sum_of_elements,1,fragments,191.89426499999718,11778.044383999995,0,1048576,575,22524,52.086878,int-list-views-typed-sorted-direct-root-window-unboxed-bound-add,0,195,57.276603,1011752,46.246314,1218,-255256.0712890625,20.3037109375,5.127185000000002,0,4.705665,0,448,0
sum_of_elements,1,fragments,191.89426499999718,11834.720680999995,0,1048576,570,17401,51.46349,int-list-views-typed-sorted-direct-root-window-unboxed-bound-add,0,196,56.676297,1011752,45.685586,1209,-251271.2890625,20.4072265625,5.027089000000004,0,4.641461,0,453,0
sum_of_elements,1,fragments,191.89426499999718,11890.350324999996,0,1048576,566,15913,50.799781,int-list-views-typed-sorted-direct-root-window-unboxed-bound-add,0,197,55.629644,1011752,45.055265,1203,-246012.7705078125,20.3349609375,5.016338000000002,0,4.376037,0,457,0
sum_of_elements,1,fragments,191.89426499999718,11947.296008999996,0,1048576,578,12286,51.994243,int-list-views-typed-sorted-direct-root-window-unboxed-bound-add,0,198,56.945684,1011752,46.3484,1223,-240647.373046875,20.7763671875,4.909683999999994,0,4.480528,0,445,0
sum_of_elements,1,fragments,191.89426499999718,12002.951954999997,0,1048576,594,14330,50.617936,int-list-views-typed-sorted-direct-root-window-unboxed-bound-add,0,199,55.655946,1011752,45.037232,1250,-241537.2265625,20.8759765625,4.821751000000001,0,4.56472,0,429,0
sum_of_elements,1,fragments,191.89426499999718,12060.140269999996,0,1048576,597,12282,51.851159,int-list-views-typed-sorted-direct-root-window-unboxed-bound-add,0,200,57.188315,1011752,46.196497,1239,-243564.720703125,21.0966796875,4.938207000000004,0,4.860031,0,426,0
sum_of_elements,1,fragments,191.89426499999718,12117.666166999996,0,1048576,585,15360,52.530999,int-list-views-typed-sorted-direct-root-window-unboxed-bound-add,0,201,57.525897,1011752,46.787716,1228,-250443.1875,21.044921875,5.025868000000003,0,4.544662,0,438,0
sum_of_elements,1,fragments,191.89426499999718,12174.267143999996,0,1048576,554,18430,51.397385,int-list-views-typed-sorted-direct-root-window-unboxed-bound-add,0,202,56.600977,1011752,45.641089,1207,-230177.5615234375,20.76171875,5.001570000000001,0,4.727659,0,469,0
sum_of_elements,1,fragments,191.89426499999718,12231.317390999995,0,1048576,619,17404,52.083102,int-list-views-typed-sorted-direct-root-window-unboxed-bound-add,0,203,57.050247,1011752,46.329436,1244,-222975.4345703125,20.25390625,5.019660999999993,0,4.51003,0,404,0
sum_of_elements,1,fragments,191.89426499999718,12287.226882999996,0,1048576,605,20688,50.856717,int-list-views-typed-sorted-direct-root-window-unboxed-bound-add,0,204,55.909492,1011752,45.308542,1293,-247427.3779296875,20.24609375,4.835819000000006,0,4.601244,0,418,0
sum_of_elements,1,fragments,191.89426499999718,12343.374886999996,0,1048576,628,28876,51.196505,int-list-views-typed-sorted-direct-root-window-unboxed-bound-add,0,205,56.148004,1011752,45.329429,1328,-256947.046875,19.9521484375,5.106211000000005,0,4.452608,0,395,0
sum_of_elements,1,fragments,191.89426499999718,12399.836706999997,0,1048576,554,12283,51.587827,int-list-views-typed-sorted-direct-root-window-unboxed-bound-add,0,206,56.46182,1011752,45.80964,1263,-254565.4111328125,19.9326171875,5.061584999999999,0,4.421576,0,469,0
sum_of_elements,1,fragments,191.89426499999718,12455.903136999998,0,1048576,567,8192,51.186051,int-list-views-typed-sorted-direct-root-window-unboxed-bound-add,0,207,56.06643,1011752,45.69296,1257,-249931.3896484375,20.3583984375,4.785394999999999,0,4.421826,0,456,0
sum_of_elements,1,fragments,191.89426499999718,12511.515005999998,0,1048576,605,17396,50.627121,int-list-views-typed-sorted-direct-root-window-unboxed-bound-add,0,208,55.611869,1011752,45.055254,1316,-252698.7099609375,20.7783203125,4.861079000000001,0,4.530018,0,418,0
sum_of_elements,1,fragments,191.89426499999718,12568.315700999998,0,1048576,606,20476,51.535337,int-list-views-typed-sorted-direct-root-window-unboxed-bound-add,0,209,56.800695,1011752,45.588428,1306,-269284.8408203125,20.7392578125,5.163751999999996,0,4.717975,0,417,0
sum_of_elements,1,fragments,191.89426499999718,12625.087150999998,0,1048576,565,20476,51.54332,int-list-views-typed-sorted-direct-root-window-unboxed-bound-add,0,210,56.77145,1011752,45.51734,1257,-262868.2158203125,20.8994140625,5.312570000000003,0,4.735661,0,458,0
sum_of_elements,1,fragments,191.89426499999718,12681.179286999997,0,1048576,586,15352,51.215177,int-list-views-typed-sorted-direct-root-window-unboxed-bound-add,0,211,56.092136,1011752,45.221284,1282,-230942.1787109375,20.7177734375,5.237894999999998,0,4.378404,0,437,0
sum_of_elements,1,fragments,191.89426499999718,12737.461695999997,0,1048576,582,18428,51.328662,int-list-views-typed-sorted-direct-root-window-unboxed-bound-add,0,212,56.282409,1011752,45.737114,1249,-255857.138671875,20.673828125,4.877377999999998,0,4.497743,0,441,0
sum_of_elements,1,fragments,191.89426499999718,12793.994975999996,0,1048576,594,17614,51.544219,int-list-views-typed-sorted-direct-root-window-unboxed-bound-add,0,213,56.53328,1011752,45.70562,1230,-256444.41796875,20.5322265625,5.0249739999999985,0,4.508531,0,429,0
sum_of_elements,1,fragments,191.89426499999718,12850.161121999996,0,1048576,557,11264,51.190323,int-list-views-typed-sorted-direct-root-window-unboxed-bound-add,0,214,56.166146,1011752,45.570613,1196,-229430.7919921875,20.2548828125,4.889732000000002,0,4.523526,0,466,0
sum_of_elements,1,fragments,191.89426499999718,12905.498585999996,0,1048576,575,17402,50.62318,int-list-views-typed-sorted-direct-root-window-unboxed-bound-add,0,215,55.337464,1011752,45.153386,1201,-222635.951171875,20.0615234375,4.743626,0,4.258393,0,448,0
sum_of_elements,1,fragments,191.89426499999718,12960.975005999997,0,1048576,546,12284,50.493708,int-list-views-typed-sorted-direct-root-window-unboxed-bound-add,0,216,55.47642,1011752,44.901999,1181,-214810.9658203125,19.9326171875,4.852148999999997,0,4.528207,0,477,0
sum_of_elements,1,fragments,191.89426499999718,13016.932919999997,0,1048576,563,16382,51.090106,int-list-views-typed-sorted-direct-root-window-unboxed-bound-add,0,217,55.957914,1011752,45.28376,1190,-224539.625,20.2158203125,5.0473649999999965,0,4.377089,0,460,0
sum_of_elements,1,fragments,191.89426499999718,13073.214073999998,0,1048576,577,20474,51.618136,int-list-views-typed-sorted-direct-root-window-unboxed-bound-add,0,218,56.281154,1011752,45.807971,1218,-245435.4521484375,19.9951171875,5.0444999999999975,0,4.204104,0,446,0
sum_of_elements,1,fragments,191.89426499999718,13129.036223999998,0,1048576,557,12494,50.890358,int-list-views-typed-sorted-direct-root-window-unboxed-bound-add,0,219,55.82215,1011752,45.119228,1182,-263317.2236328125,20.54296875,4.998539999999998,0,4.424139,0,466,0
sum_of_elements,1,fragments,191.89426499999718,13185.737010999997,0,1048576,553,11258,51.794429,int-list-views-typed-sorted-direct-root-window-unboxed-bound-add,0,220,56.700787,1011752,46.213912,1151,-239950.57421875,19.97265625,4.865148000000001,0,4.461947,0,470,0
sum_of_elements,1,fragments,191.89426499999718,13242.086545999997,0,1048576,554,22514,51.198498,int-list-views-typed-sorted-direct-root-window-unboxed-bound-add,0,221,56.349535,1011752,45.522093,1149,-244966.857421875,20.103515625,4.9646539999999995,0,4.712275,0,469,0
sum_of_elements,1,fragments,191.89426499999718,13298.409791999997,0,1048576,545,11264,51.551404,int-list-views-typed-sorted-direct-root-window-unboxed-bound-add,0,222,56.323246,1011752,45.570969,1179,-246495.255859375,20.3740234375,5.273081,0,4.313593,0,478,0
sum_of_elements,1,fragments,191.89426499999718,13354.204306999996,0,1048576,561,16382,50.999731,int-list-views-typed-sorted-direct-root-window-unboxed-bound-add,0,223,55.794515,1011752,45.336557,1181,-252315.701171875,20.25390625,4.946213999999998,0,4.258545,0,462,0
sum_of_elements,1,fragments,191.89426499999718,13410.851672999996,0,1048576,560,14336,51.651977,int-list-views-typed-sorted-direct-root-window-unboxed-bound-add,0,224,56.647366,1011752,45.838254,1164,-253837.4130859375,20.05859375,5.008485000000004,0,4.546069,0,463,0
sum_of_elements,1,fragments,191.89426499999718,13466.944621999995,0,1048576,545,15352,51.451992,int-list-views-typed-sorted-direct-root-window-unboxed-bound-add,0,225,56.092949,1011752,45.756231,1161,-276648.763671875,20.2470703125,4.9892399999999935,0,4.157126,0,478,0
sum_of_elements,1,fragments,191.89426499999718,13524.432632999995,0,1048576,575,16384,52.311049,int-list-views-typed-sorted-direct-root-window-unboxed-bound-add,0,226,57.488011,1011752,46.785282,1169,-261965.822265625,20.1376953125,4.8111729999999975,0,4.732776,0,448,0
sum_of_elements,1,fragments,191.89426499999718,13580.934457999994,0,1048576,543,23548,51.655049,int-list-views-typed-sorted-direct-root-window-unboxed-bound-add,0,227,56.501825,1011752,45.577821,1178,-260035.666015625,20.40234375,5.3058549999999975,0,4.411096,0,480,0
sum_of_elements,1,fragments,191.89426499999718,13638.040516999994,0,1048576,539,19446,52.0157,int-list-views-typed-sorted-direct-root-window-unboxed-bound-add,0,228,57.106059,1011752,45.83691,1135,-264194.478515625,20.607421875,5.386924000000003,0,4.647419,0,484,0
sum_of_elements,1,fragments,191.89426499999718,13695.387499999993,0,1048576,571,12284,52.129704,int-list-views-typed-sorted-direct-root-window-unboxed-bound-add,0,229,57.346983,1011752,46.211051,1193,-255613.6494140625,20.892578125,5.168937999999995,0,4.706422,0,452,0
sum_of_elements,1,fragments,191.89426499999718,13752.020657999994,0,1048576,562,26614,51.513541,int-list-views-typed-sorted-direct-root-window-unboxed-bound-add,0,230,56.633158,1011752,45.49981,1195,-253624.5966796875,21.041015625,5.2696269999999945,0,4.660745,0,461,0
sum_of_elements,1,fragments,191.89426499999718,13808.963191999994,0,1048576,561,16380,51.800006,int-list-views-typed-sorted-direct-root-window-unboxed-bound-add,0,231,56.942534,1011752,46.0249,1207,-256084.947265625,20.69921875,5.027901000000002,0,4.569449,0,462,0
sum_of_elements,1,fragments,191.89426499999718,13865.650631999993,0,1048576,569,16382,51.656058,int-list-views-typed-sorted-direct-root-window-unboxed-bound-add,0,232,56.68744,1011752,45.871889,1204,-272397.0654296875,20.775390625,5.071884000000004,0,4.574422,0,454,0
sum_of_elements,1,fragments,191.89426499999718,13921.477393999994,0,1048576,557,20478,50.747202,int-list-views-typed-sorted-direct-root-window-unboxed-bound-add,0,233,55.826762,1011752,45.096979,1181,-255619.671875,20.4912109375,4.9369330000000025,0,4.616078,0,466,0
sum_of_elements,1,fragments,191.89426499999718,13977.324616999995,0,1048576,552,20476,50.998063,int-list-views-typed-sorted-direct-root-window-unboxed-bound-add,0,234,55.847223,1011752,45.446966,1156,-258508.587890625,20.326171875,4.808074000000004,0,4.392381,0,471,0
sum_of_elements,1,fragments,191.89426499999718,14033.982331999994,0,1048576,565,19448,51.706849,int-list-views-typed-sorted-direct-root-window-unboxed-bound-add,0,235,56.657715,1011752,46.04504,1187,-246912.26171875,20.37890625,4.920262999999997,0,4.495906,0,458,0
sum_of_elements,1,fragments,191.89426499999718,14090.650674999993,0,1048576,570,19450,51.656902,int-list-views-typed-sorted-direct-root-window-unboxed-bound-add,0,236,56.668343,1011752,45.664794,1206,-238499.1767578125,20.46484375,5.187501000000001,0,4.56409,0,453,0
sum_of_elements,1,fragments,191.89426499999718,14147.207782999994,0,1048576,556,18651,51.146312,int-list-views-typed-sorted-direct-root-window-unboxed-bound-add,0,237,56.557108,1011752,45.124051,1190,-257343.2109375,20.2685546875,5.226607999999999,0,4.825476,0,467,0
sum_of_elements,1,fragments,191.89426499999718,14203.898276999995,0,1048576,568,14336,51.699441,int-list-views-typed-sorted-direct-root-window-unboxed-bound-add,0,238,56.690494,1011752,45.709471,1179,-255579.5478515625,20.25390625,5.175342999999996,0,4.455671,0,455,0
sum_of_elements,1,fragments,191.89426499999718,14260.207909999996,0,1048576,589,16355,51.251748,int-list-views-typed-sorted-direct-root-window-unboxed-bound-add,0,239,56.309633,1011752,45.489618,1188,-223328.7470703125,20.34765625,4.982866,0,4.60507,0,434,0
sum_of_elements,1,fragments,191.89426499999718,14316.894234999996,0,1048576,589,19456,51.520247,int-list-views-typed-sorted-direct-root-window-unboxed-bound-add,0,240,56.686325,1011752,45.658862,1219,-254048.80859375,20.857421875,5.147677,0,4.699771,0,434,0
sum_of_elements,1,fragments,191.89426499999718,14373.843975999996,0,1048576,560,14336,51.97745,int-list-views-typed-sorted-direct-root-window-unboxed-bound-add,0,241,56.949741,1011752,46.106978,1214,-250244.16015625,20.9150390625,5.138835999999996,0,4.519757,0,463,0
sum_of_elements,1,fragments,191.89426499999718,14430.489840999997,0,1048576,581,24572,51.638596,int-list-views-typed-sorted-direct-root-window-unboxed-bound-add,0,242,56.645865,1011752,45.932482,1224,-253797.9453125,20.4287109375,4.992689999999997,0,4.550133,0,442,0
sum_of_elements,1,fragments,191.89426499999718,14486.607837999996,0,1048576,587,12288,51.235574,int-list-views-typed-sorted-direct-root-window-unboxed-bound-add,0,243,56.117997,1011752,45.550881,1211,-257343.4658203125,20.5908203125,4.974089999999997,0,4.375609,0,436,0
sum_of_elements,1,fragments,191.89426499999718,14543.045351999996,0,1048576,593,13310,51.341481,int-list-views-typed-sorted-direct-root-window-unboxed-bound-add,0,244,56.437514,1011752,45.815149,1249,-250013.494140625,20.365234375,4.804700000000002,0,4.648444,0,430,0
sum_of_elements,1,fragments,191.89426499999718,14600.226312999996,0,1048576,600,16384,52.051373,int-list-views-typed-sorted-direct-root-window-unboxed-bound-add,0,245,57.180961,1011752,46.23779,1262,-265802.81640625,20.7451171875,5.098910000000002,0,4.670266,0,423,0
sum_of_elements,1,fragments,191.89426499999718,14656.845666999996,0,1048576,553,16380,51.685574,int-list-views-typed-sorted-direct-root-window-unboxed-bound-add,0,246,56.619354,1011752,45.835401,1229,-272457.98046875,20.5615234375,5.091246000000002,0,4.463793,0,470,0
sum_of_elements,1,fragments,191.89426499999718,14712.869390999997,0,1048576,593,20474,51.115357,int-list-views-typed-sorted-direct-root-window-unboxed-bound-add,0,247,56.023724,1011752,45.465415,1244,-251855.5498046875,20.4052734375,4.933143000000003,0,4.440345,0,430,0
sum_of_elements,1,fragments,191.89426499999718,14768.573507999996,0,1048576,573,15358,50.68016,int-list-views-typed-sorted-direct-root-window-unboxed-bound-add,0,248,55.704117,1011752,44.947573,1239,-250191.130859375,20.2861328125,5.024509999999999,0,4.57184,0,450,0
sum_of_elements,1,fragments,191.89426499999718,14825.289347999997,0,1048576,584,13308,51.431513,int-list-views-typed-sorted-direct-root-window-unboxed-bound-add,0,249,56.71584,1011752,45.76547,1227,-245125.421875,20.7822265625,4.924527,0,4.776954,0,439,0
sum_of_elements,1,fragments,191.89426499999718,14882.128425999997,0,1048576,586,17402,51.632977,int-list-views-typed-sorted-direct-root-window-unboxed-bound-add,0,250,56.839078,1011752,45.593516,1243,-242817.5625,20.765625,5.308477999999997,0,4.693557,0,437,0
sum_of_elements,1,fragments,191.89426499999718,14938.926221999998,0,1048576,554,23542,51.876236,int-list-views-typed-sorted-direct-root-window-unboxed-bound-add,0,251,56.797796,1011752,45.657634,1231,-255007.970703125,20.6162109375,5.438074,0,4.412432,0,469,0
sum_of_elements,1,fragments,191.89426499999718,14996.252789999999,0,1048576,564,14332,51.954086,int-list-views-typed-sorted-direct-root-window-unboxed-bound-add,0,252,57.326568,1011752,46.187736,1206,-250082.16015625,20.8291015625,5.037228999999997,0,4.771327,0,459,0
sum_of_elements,1,fragments,191.89426499999718,15053.279077,0,1048576,576,19660,51.930923,int-list-views-typed-sorted-direct-root-window-unboxed-bound-add,0,253,57.026287,1011752,45.964205,1214,-247012.4228515625,20.22265625,5.245967000000004,0,4.642,0,447,0
sum_of_elements,1,fragments,191.89426499999718,15109.498435,0,1048576,591,12708,51.246203,int-list-views-typed-sorted-direct-root-window-unboxed-bound-add,0,254,56.219358,1011752,45.340727,1213,-238007.048828125,20.2138671875,5.153118999999998,0,4.519997,0,432,0
sum_of_elements,1,fragments,191.89426499999718,15166.425127999999,0,1048576,566,11892,52.141081,int-list-views-typed-sorted-direct-root-window-unboxed-bound-add,0,255,56.926693,1011752,46.215495,1228,-226734.1484375,20.1279296875,5.181038999999998,0,4.330864,0,457,0
sum_of_elements,2,fragments,193.44432600000619,269.6577630000062,0,1048576,870,318332,55.707953,int-list-views-typed-sorted-direct-root-window-unboxed-bound-add,0,0,76.213437,1009216,44.275371,2293,-873309.2548828125,47.0771484375,10.338172000000005,0,19.485788,0,153,0
sum_of_elements,2,fragments,193.44432600000619,339.3801830000062,0,1048576,844,100058,58.141796,int-list-views-typed-sorted-direct-root-window-unboxed-bound-add,0,1,69.72242,1009732,49.377123,2047,-821687.90625,40.2060546875,7.884203999999999,0,10.816061,0,179,0
sum_of_elements,2,fragments,193.44432600000619,413.1785820000062,0,1048576,792,27030,64.068148,int-list-views-typed-sorted-direct-root-window-unboxed-bound-add,0,2,73.798399,1010016,56.064916,1901,-793268.6494140625,40.4765625,7.238486999999992,0,9.09012,0,231,0
sum_of_elements,2,fragments,193.44432600000619,481.2766860000062,0,1048576,779,15356,59.205253,int-list-views-typed-sorted-direct-root-window-unboxed-bound-add,0,3,68.098104,1010176,51.012405,1825,-774840.1015625,42.6083984375,7.439224999999996,0,8.304963,0,244,0
sum_of_elements,2,fragments,193.44432600000619,552.6004330000062,0,1048576,774,28111,61.922762,int-list-views-typed-sorted-direct-root-window-unboxed-bound-add,0,4,71.323747,1010428,53.788017,1785,-762834.228515625,45.0078125,7.350391999999997,0,8.787788,0,249,0
sum_of_elements,2,fragments,193.44432600000619,621.9305600000062,0,1048576,795,15833,59.760162,int-list-views-typed-sorted-direct-root-window-unboxed-bound-add,0,5,69.330127,1010472,51.507557,1803,-729528.1240234375,46.1806640625,7.475033,0,8.963699,0,228,0
sum_of_elements,2,fragments,193.44432600000619,693.0737430000062,0,1048576,839,15851,60.397639,int-list-views-typed-sorted-direct-root-window-unboxed-bound-add,0,6,71.143183,1010544,52.163906,1800,-701769.837890625,49.353515625,7.441236000000002,0,10.121417,0,184,0
sum_of_elements,2,fragments,193.44432600000619,760.6502230000062,0,1048576,837,29882,56.103468,int-list-views-typed-sorted-direct-root-window-unboxed-bound-add,0,7,67.57648,1010600,47.461482,1811,-657336.8056640625,51.8134765625,7.842694999999999,0,10.881382,0,186,0
sum_of_elements,2,fragments,193.44432600000619,833.7760960000062,0,1048576,847,18424,61.624844,int-list-views-typed-sorted-direct-root-window-unboxed-bound-add,0,8,73.125873,1010728,52.440293,1815,-597190.982421875,54.888671875,8.341713000000006,0,10.89504,0,176,0
sum_of_elements,2,fragments,193.44432600000619,904.7483000000062,0,1048576,853,25594,58.999504,int-list-views-typed-sorted-direct-root-window-unboxed-bound-add,0,9,70.972204,1010920,50.117974,1830,-544714.84375,58.69921875,8.070856,0,11.265304,0,170,0
sum_of_elements,2,fragments,193.44432600000619,975.2276230000062,0,1048576,855,27628,57.355002,int-list-views-typed-sorted-direct-root-window-unboxed-bound-add,0,10,70.479323,1011148,48.211631,1822,-483547.8310546875,61.671875,8.324974000000001,0,12.438952,0,168,0
sum_of_elements,2,fragments,193.44432600000619,1048.4454370000062,0,1048576,870,30712,59.222332,int-list-views-typed-sorted-direct-root-window-unboxed-bound-add,0,11,73.217814,1011372,49.612568,1832,-414785.123046875,64.9287109375,8.777217000000004,0,13.342442,0,153,0
sum_of_elements,2,fragments,193.44432600000619,1122.9922020000063,0,1048576,870,42181,58.448194,int-list-views-typed-sorted-direct-root-window-unboxed-bound-add,0,12,74.546765,1011732,48.952302,1791,-340280.9814453125,69.26171875,8.660707000000002,0,15.361594,0,153,0
sum_of_elements,2,fragments,193.44432600000619,1198.2779390000062,0,1048576,880,47178,58.799,int-list-views-typed-sorted-direct-root-window-unboxed-bound-add,0,13,75.285737,1012084,48.720047,1797,-255506.1416015625,70.3515625,9.212158999999996,0,15.640369,0,143,0
sum_of_elements,2,fragments,193.44432600000619,1275.9659600000061,0,1048576,870,47294,60.285618,int-list-views-typed-sorted-direct-root-window-unboxed-bound-add,0,14,77.688021,1012360,49.044694,1838,-209392.16015625,70.43359375,10.331940999999997,0,16.447158,0,153,0
sum_of_elements,2,fragments,193.44432600000619,1350.9876190000061,0,1048576,893,46377,59.577427,int-list-views-typed-sorted-direct-root-window-unboxed-bound-add,0,15,75.021659,1012472,49.213509,1837,-170437.947265625,66.5634765625,9.490128,0,14.595205,0,130,0
sum_of_elements,2,fragments,193.44432600000619,1424.883504000006,0,1048576,864,61949,58.405606,int-list-views-typed-sorted-direct-root-window-unboxed-bound-add,0,16,73.895885,1012500,48.607823,1835,-173157.03125,62.2900390625,8.933021,0,14.742719,0,159,0
sum_of_elements,2,fragments,193.44432600000619,1499.433215000006,0,1048576,874,63043,58.970602,int-list-views-typed-sorted-direct-root-window-unboxed-bound-add,0,17,74.549711,1012520,49.344687,1824,-181422.16015625,56.361328125,8.780674999999999,0,14.856107,0,149,0
sum_of_elements,2,fragments,193.44432600000619,1573.032337000006,0,1048576,843,56058,58.506374,int-list-views-typed-sorted-direct-root-window-unboxed-bound-add,0,18,73.599122,1012544,48.180023,1803,-189034.3037109375,52.0498046875,9.435071999999998,0,14.246285,0,180,0
sum_of_elements,2,fragments,193.44432600000619,1642.466987000006,0,1048576,846,54836,56.945586,int-list-views-typed-sorted-direct-root-window-unboxed-bound-add,0,19,69.43465,1012560,47.458955,1801,-193174.607421875,48.25,8.669955999999999,0,11.68462,0,177,0
sum_of_elements,2,fragments,193.44432600000619,1710.075829000006,0,1048576,833,55300,55.648842,int-list-views-typed-sorted-direct-root-window-unboxed-bound-add,0,20,67.608842,1012560,46.783771,1785,-184993.1181640625,44.8408203125,8.015406000000006,0,11.287427,0,190,0
sum_of_elements,2,fragments,193.44432600000619,1775.452367000006,0,1048576,842,54449,54.470917,int-list-views-typed-sorted-direct-root-window-unboxed-bound-add,0,21,65.376538,1012568,45.787272,1765,-200094.6044921875,41.146484375,7.840452,0,10.190124,0,181,0
sum_of_elements,2,fragments,193.44432600000619,1840.409010000006,0,1048576,809,52414,54.998485,int-list-views-typed-sorted-direct-root-window-unboxed-bound-add,0,22,64.956643,1012568,46.487271,1772,-221803.275390625,38.80078125,7.756329999999999,0,9.21617,0,214,0
sum_of_elements,2,fragments,193.44432600000619,1903.324920000006,0,1048576,826,57522,53.311141,int-list-views-typed-sorted-direct-root-window-unboxed-bound-add,0,23,62.91591,1012568,45.158232,1772,-235207.53515625,37.109375,7.340524000000003,0,8.972052,0,197,0
sum_of_elements,2,fragments,193.44432600000619,1965.7457410000059,0,1048576,812,55071,53.338052,int-list-views-typed-sorted-direct-root-window-unboxed-bound-add,0,24,62.420821,1012568,45.092853,1738,-221305.3779296875,35.640625,7.510618000000001,0,8.46945,0,211,0
sum_of_elements,2,fragments,193.44432600000619,2028.3236430000059,0,1048576,818,58148,53.173843,int-list-views-typed-sorted-direct-root-window-unboxed-bound-add,0,25,62.577902,1012568,45.237363,1724,-236049.333984375,34.470703125,7.170570999999997,0,8.816362,0,205,0
sum_of_elements,2,fragments,193.44432600000619,2092.396308000006,0,1048576,790,59734,55.002258,int-list-views-typed-sorted-direct-root-window-unboxed-bound-add,0,26,64.072665,1012568,46.806577,1703,-242296.4755859375,34.0224609375,7.422559000000001,0,8.478926,0,233,0
sum_of_elements,2,fragments,193.44432600000619,2153.7101900000057,0,1048576,811,63878,52.875376,int-list-views-typed-sorted-direct-root-window-unboxed-bound-add,0,27,61.313882,1012568,44.888116,1722,-231235.7890625,32.537109375,7.220828000000001,0,7.855306,0,212,0
sum_of_elements,2,fragments,193.44432600000619,2213.483624000006,0,1048576,810,59957,51.482459,int-list-views-typed-sorted-direct-root-window-unboxed-bound-add,0,28,59.773434,1012568,43.621738,1708,-270103.203125,31.818359375,7.093949999999998,0,7.723054,0,213,0
sum_of_elements,2,fragments,193.44432600000619,2273.421492000006,0,1048576,782,48096,51.926284,int-list-views-typed-sorted-direct-root-window-unboxed-bound-add,0,29,59.937868,1012568,44.074825,1690,-229033.5146484375,30.423828125,7.0871770000000005,0,7.453816,0,241,0
sum_of_elements,2,fragments,193.44432600000619,2334.526323000006,0,1048576,811,57311,52.469087,int-list-views-typed-sorted-direct-root-window-unboxed-bound-add,0,30,61.104831,1012568,44.146738,1683,-248187.2998046875,29.4130859375,7.472351000000001,0,7.893031,0,212,0
sum_of_elements,2,fragments,193.44432600000619,2394.018535000006,0,1048576,770,57506,52.158405,int-list-views-typed-sorted-direct-root-window-unboxed-bound-add,0,31,59.492212,1012568,43.886686,1652,-260681.0400390625,29.083984375,7.503129999999999,0,6.777753,0,253,0
sum_of_elements,2,fragments,193.44432600000619,2453.845803000006,0,1048576,766,59358,52.090482,int-list-views-typed-sorted-direct-root-window-unboxed-bound-add,0,32,59.827268,1012568,44.888875,1651,-254409.28125,28.2939453125,6.379642,0,7.194248,0,257,0
sum_of_elements,2,fragments,193.44432600000619,2513.387826000006,0,1048576,768,66273,51.786415,int-list-views-typed-sorted-direct-root-window-unboxed-bound-add,0,33,59.542023,1012568,43.791957,1656,-265064.529296875,27.9775390625,7.205795,0,7.009025,0,255,0
sum_of_elements,2,fragments,193.44432600000619,2572.790616000006,0,1048576,788,64222,52.078884,int-list-views-typed-sorted-direct-root-window-unboxed-bound-add,0,34,59.40279,1012568,44.441509,1671,-273061.2578125,27.345703125,6.832595000000001,0,6.713786,0,235,0
sum_of_elements,2,fragments,193.44432600000619,2632.427536000006,0,1048576,776,56812,52.244335,int-list-views-typed-sorted-direct-root-window-unboxed-bound-add,0,35,59.63692,1012568,44.273633,1680,-263441.478515625,26.919921875,7.1606840000000025,0,6.630864,0,247,0
sum_of_elements,2,fragments,193.44432600000619,2693.044523000006,0,1048576,762,62656,53.327834,int-list-views-typed-sorted-direct-root-window-unboxed-bound-add,0,36,60.616987,1012568,44.360119,1680,-261287.6982421875,27.1025390625,7.995986,0,6.416087,0,261,0
sum_of_elements,2,fragments,193.44432600000619,2751.697784000006,0,1048576,757,82924,51.623463,int-list-views-typed-sorted-direct-root-window-unboxed-bound-add,0,37,58.653261,1012568,43.722943,1665,-279315.8662109375,26.4541015625,7.033788000000004,0,6.343188,0,266,0
sum_of_elements,2,fragments,193.44432600000619,2808.921222000006,0,1048576,759,77800,50.298478,int-list-views-typed-sorted-direct-root-window-unboxed-bound-add,0,38,57.223438,1012568,43.054965,1710,-260346.26171875,26.3046875,6.482934000000001,0,6.310654,0,264,0
sum_of_elements,2,fragments,193.44432600000619,2867.1537320000057,0,1048576,767,76717,51.251735,int-list-views-typed-sorted-direct-root-window-unboxed-bound-add,0,39,58.23251,1012568,43.942983,1681,-273955.2275390625,26.0205078125,6.482554999999998,0,6.471516,0,256,0
sum_of_elements,2,fragments,193.44432600000619,2926.3227540000057,0,1048576,723,56998,51.999174,int-list-views-typed-sorted-direct-root-window-unboxed-bound-add,0,40,59.169022,1012568,44.276675,1623,-248069.859375,25.8720703125,6.841744999999992,0,6.511719,0,300,0
sum_of_elements,2,fragments,193.44432600000619,2984.6806000000056,0,1048576,733,55496,51.62859,int-list-views-typed-sorted-direct-root-window-unboxed-bound-add,0,41,58.357846,1012568,44.068935,1627,-240742.974609375,25.365234375,6.795349000000005,0,6.102669,0,290,0
sum_of_elements,2,fragments,193.44432600000619,3043.3793870000054,0,1048576,754,57912,51.796962,int-list-views-typed-sorted-direct-root-window-unboxed-bound-add,0,42,58.698787,1012568,44.15678,1633,-236649.2109375,24.578125,6.827260000000001,0,6.258991,0,269,0
sum_of_elements,2,fragments,193.44432600000619,3101.9457010000056,0,1048576,741,61963,51.585162,int-list-views-typed-sorted-direct-root-window-unboxed-bound-add,0,43,58.566314,1012568,44.32265,1661,-246473.84375,24.1416015625,6.505675999999998,0,6.353754,0,282,0
sum_of_elements,2,fragments,193.44432600000619,3159.0361830000056,0,1048576,723,68050,50.838284,int-list-views-typed-sorted-direct-root-window-unboxed-bound-add,0,44,57.090482,1012572,43.572486,1620,-264837.72265625,24.1640625,6.512848999999999,0,5.709984,0,300,0
sum_of_elements,2,fragments,193.44432600000619,3216.487428000006,0,1048576,694,49916,51.148058,int-list-views-typed-sorted-direct-root-window-unboxed-bound-add,0,45,57.451245,1012572,44.13795,1577,-250986.7392578125,24.169921875,6.2492529999999995,0,5.727127,0,329,0
sum_of_elements,2,fragments,193.44432600000619,3273.4983700000057,0,1048576,684,51915,50.697178,int-list-views-typed-sorted-direct-root-window-unboxed-bound-add,0,46,57.010942,1012572,43.968758,1550,-241501.705078125,23.88671875,5.897710000000001,0,5.827058,0,339,0
sum_of_elements,2,fragments,193.44432600000619,3330.3938490000055,0,1048576,710,58971,50.677239,int-list-views-typed-sorted-direct-root-window-unboxed-bound-add,0,47,56.895479,1012572,43.835117,1536,-244593.826171875,23.796875,6.088572999999998,0,5.587061,0,313,0
sum_of_elements,2,fragments,193.44432600000619,3387.5158300000053,0,1048576,700,46643,50.938728,int-list-views-typed-sorted-direct-root-window-unboxed-bound-add,0,48,57.121981,1012572,43.842545,1555,-246330.3857421875,23.66796875,6.244910999999999,0,5.556119,0,323,0
sum_of_elements,2,fragments,193.44432600000619,3444.133952000005,0,1048576,712,44016,50.666699,int-list-views-typed-sorted-direct-root-window-unboxed-bound-add,0,49,56.618122,1012572,43.938286,1571,-243579.9873046875,23.107421875,5.9554979999999995,0,5.401275,0,311,0
sum_of_elements,2,fragments,193.44432600000619,3499.954522000005,0,1048576,689,57324,49.80091,int-list-views-typed-sorted-direct-root-window-unboxed-bound-add,0,50,55.82057,1012572,43.091301,1545,-252983.5498046875,22.837890625,5.947242000000003,0,5.41749,0,334,0
sum_of_elements,2,fragments,193.44432600000619,3555.781794000005,0,1048576,675,37874,50.075934,int-list-views-typed-sorted-direct-root-window-unboxed-bound-add,0,51,55.827272,1012572,43.707097,1528,-260983.166015625,22.3232421875,5.615708999999995,0,5.250698,0,348,0
sum_of_elements,2,fragments,193.44432600000619,3611.823403000005,0,1048576,705,42998,50.226494,int-list-views-typed-sorted-direct-root-window-unboxed-bound-add,0,52,56.041609,1012572,43.528825,1554,-253766.1572265625,22.8701171875,5.957499000000001,0,5.202569,0,318,0
sum_of_elements,2,fragments,193.44432600000619,3669.5071160000048,0,1048576,684,40952,51.204169,int-list-views-typed-sorted-direct-root-window-unboxed-bound-add,0,53,57.683713,1012572,44.299616,1553,-264138.6748046875,22.7470703125,6.118491000000002,0,5.875765,0,339,0
sum_of_elements,2,fragments,193.44432600000619,3727.5277200000046,0,1048576,664,38900,51.954218,int-list-views-typed-sorted-direct-root-window-unboxed-bound-add,0,54,58.020604,1012572,44.441586,1515,-264064.333984375,22.86328125,6.732648999999995,0,5.457868,0,359,0
sum_of_elements,2,fragments,193.44432600000619,3785.6003460000047,0,1048576,680,31736,52.240216,int-list-views-typed-sorted-direct-root-window-unboxed-bound-add,0,55,58.072626,1012572,45.343735,1515,-253682.0087890625,22.875,6.139478999999996,0,5.200904,0,343,0
sum_of_elements,2,fragments,193.44432600000619,3842.6320070000047,0,1048576,677,41976,51.171775,int-list-views-typed-sorted-direct-root-window-unboxed-bound-add,0,56,57.031661,1012572,44.456468,1514,-254200.0087890625,22.8955078125,5.957481,0,5.35898,0,346,0
sum_of_elements,2,fragments,193.44432600000619,3901.6912520000046,0,1048576,650,45042,53.035746,int-list-views-typed-sorted-direct-root-window-unboxed-bound-add,0,57,59.059245,1012572,46.256274,1500,-273205.3095703125,22.8779296875,6.037446000000001,0,5.420118,0,373,0
sum_of_elements,2,fragments,193.44432600000619,3958.6982170000047,0,1048576,661,30714,50.950626,int-list-views-typed-sorted-direct-root-window-unboxed-bound-add,0,58,57.006965,1012572,44.163249,1438,-261809.16015625,22.931640625,6.038713999999999,0,5.457702,0,362,0
sum_of_elements,2,fragments,193.44432600000619,4015.619973000005,0,1048576,650,31720,51.151187,int-list-views-typed-sorted-direct-root-window-unboxed-bound-add,0,59,56.921756,1012572,44.575084,1417,-251004.89453125,22.96484375,5.821144,0,5.219285,0,373,0
sum_of_elements,2,fragments,193.44432600000619,4073.427531000005,0,1048576,667,27642,51.93832,int-list-views-typed-sorted-direct-root-window-unboxed-bound-add,0,60,57.807558,1012572,45.30423,1446,-275394.658203125,22.7568359375,5.802348999999999,0,5.302738,0,356,0
sum_of_elements,2,fragments,193.44432600000619,4130.7435200000045,0,1048576,668,32970,51.866669,int-list-views-typed-sorted-direct-root-window-unboxed-bound-add,0,61,57.315989,1012572,45.48671,1472,-282692.5947265625,22.0947265625,5.589278000000004,0,4.96773,0,355,0
sum_of_elements,2,fragments,193.44432600000619,4188.064180000005,0,1048576,630,22524,51.584382,int-list-views-typed-sorted-direct-root-window-unboxed-bound-add,0,62,57.32066,1012572,45.441644,1431,-273894.177734375,21.8427734375,5.312463999999996,0,5.137516,0,393,0
sum_of_elements,2,fragments,193.44432600000619,4246.508682000005,0,1048576,613,27574,52.036934,int-list-views-typed-sorted-direct-root-window-unboxed-bound-add,0,63,58.444502,1012572,45.288876,1368,-269025.232421875,21.681640625,5.8962449999999995,0,5.668856,0,410,0
sum_of_elements,2,fragments,193.44432600000619,4305.361587000005,0,1048576,619,32313,53.357941,int-list-views-typed-sorted-direct-root-window-unboxed-bound-add,0,64,58.852905,1012572,45.284346,1356,-261720.1953125,21.2509765625,7.2478499999999935,0,4.879893,0,404,0
sum_of_elements,2,fragments,193.44432600000619,4361.050001000005,0,1048576,612,37870,50.560236,int-list-views-typed-sorted-direct-root-window-unboxed-bound-add,0,65,55.688414,1012572,44.331371,1367,-269887.6474609375,21.0498046875,5.3966170000000036,0,4.577018,0,411,0
sum_of_elements,2,fragments,193.44432600000619,4417.698868000005,0,1048576,596,26612,51.358095,int-list-views-typed-sorted-direct-root-window-unboxed-bound-add,0,66,56.648867,1012576,45.37779,1321,-279755.4931640625,21.369140625,5.241556000000001,0,4.801169,0,427,0
sum_of_elements,2,fragments,193.44432600000619,4474.293173000005,0,1048576,615,16367,51.301193,int-list-views-typed-sorted-direct-root-window-unboxed-bound-add,0,67,56.594305,1012580,45.333829,1338,-259054.9326171875,21.4091796875,5.236119999999998,0,4.81575,0,408,0
sum_of_elements,2,fragments,193.44432600000619,4531.131027000005,0,1048576,644,28879,51.539837,int-list-views-typed-sorted-direct-root-window-unboxed-bound-add,0,68,56.837854,1012580,45.232302,1364,-268466.75390625,21.173828125,5.471438000000001,0,4.843496,0,379,0
sum_of_elements,2,fragments,193.44432600000619,4587.720584000005,0,1048576,600,21489,51.367295,int-list-views-typed-sorted-direct-root-window-unboxed-bound-add,0,69,56.589557,1012580,45.038872,1324,-257000.6005859375,20.677734375,5.516854999999996,0,4.721076,0,423,0
sum_of_elements,2,fragments,193.44432600000619,4644.185386000006,0,1048576,622,23897,51.252699,int-list-views-typed-sorted-direct-root-window-unboxed-bound-add,0,70,56.464802,1012580,45.161786,1339,-265602.384765625,20.9033203125,5.358540000000001,0,4.723058,0,401,0
sum_of_elements,2,fragments,193.44432600000619,4700.997433000006,0,1048576,578,19452,51.741421,int-list-views-typed-sorted-direct-root-window-unboxed-bound-add,0,71,56.812047,1012580,45.535774,1313,-258365.8779296875,20.94921875,5.471529000000001,0,4.556421,0,445,0
sum_of_elements,2,fragments,193.44432600000619,4758.169506000006,0,1048576,627,14336,51.569712,int-list-views-typed-sorted-direct-root-window-unboxed-bound-add,0,72,57.172073,1012580,45.327334,1323,-243251.251953125,20.9541015625,5.484091999999999,0,5.126061,0,396,0
sum_of_elements,2,fragments,193.44432600000619,4815.359389000006,0,1048576,632,31739,51.702712,int-list-views-typed-sorted-direct-root-window-unboxed-bound-add,0,73,57.189883,1012580,45.579715,1328,-265262.12109375,20.6298828125,5.375115999999997,0,4.924126,0,391,0
sum_of_elements,2,fragments,193.44432600000619,4872.802940000006,0,1048576,581,18428,52.293294,int-list-views-typed-sorted-direct-root-window-unboxed-bound-add,0,74,57.443551,1012580,46.281647,1291,-276083.8701171875,20.6044921875,5.283622000000004,0,4.687215,0,442,0
sum_of_elements,2,fragments,193.44432600000619,4929.223000000006,0,1048576,604,18171,51.212115,int-list-views-typed-sorted-direct-root-window-unboxed-bound-add,0,75,56.42006,1012580,44.970472,1278,-256481.1064453125,20.8544921875,5.382040999999999,0,4.679196,0,419,0
sum_of_elements,2,fragments,193.44432600000619,4985.1350400000065,0,1048576,589,23480,50.90078,int-list-views-typed-sorted-direct-root-window-unboxed-bound-add,0,76,55.91204,1012580,44.848402,1257,-262646.361328125,20.859375,5.258249,0,4.552169,0,434,0
sum_of_elements,2,fragments,193.44432600000619,5040.666972000006,0,1048576,611,18430,50.285782,int-list-views-typed-sorted-direct-root-window-unboxed-bound-add,0,77,55.531932,1012580,44.351763,1298,-275852.72265625,21.044921875,5.185392999999996,0,4.777258,0,412,0
sum_of_elements,2,fragments,193.44432600000619,5097.104563000006,0,1048576,620,12006,51.112219,int-list-views-typed-sorted-direct-root-window-unboxed-bound-add,0,78,56.437591,1012580,45.058195,1292,-259264.625,21.375,5.327294000000006,0,4.864404,0,403,0
sum_of_elements,2,fragments,193.44432600000619,5155.9546110000065,0,1048576,636,9416,53.263279,int-list-views-typed-sorted-direct-root-window-unboxed-bound-add,0,79,58.850048,1012580,46.838387,1293,-241741.6171875,21.033203125,5.613469999999998,0,5.114078,0,387,0
sum_of_elements,2,fragments,193.44432600000619,5213.410406000006,0,1048576,581,25596,52.041772,int-list-views-typed-sorted-direct-root-window-unboxed-bound-add,0,80,57.455795,1012580,45.789835,1268,-269624.6005859375,21.1962890625,5.499834,0,4.913418,0,442,0
sum_of_elements,2,fragments,193.44432600000619,5270.096224000006,0,1048576,618,16384,51.497328,int-list-views-typed-sorted-direct-root-window-unboxed-bound-add,0,81,56.685818,1012580,45.361675,1304,-254501.8955078125,21.078125,5.405581000000001,0,4.699701,0,405,0
sum_of_elements,2,fragments,193.44432600000619,5327.331558000006,0,1048576,589,13308,52.021456,int-list-views-typed-sorted-direct-root-window-unboxed-bound-add,0,82,57.235334,1012580,45.906138,1294,-259934.3466796875,20.7080078125,5.387017,0,4.72443,0,434,0
sum_of_elements,2,fragments,193.44432600000619,5383.744056000006,0,1048576,583,8192,51.033295,int-list-views-typed-sorted-direct-root-window-unboxed-bound-add,0,83,56.412498,1012584,44.95623,1256,-244387.5361328125,20.685546875,5.343976000000005,0,4.917668,0,440,0
sum_of_elements,2,fragments,193.44432600000619,5440.378286000006,0,1048576,621,14330,51.169792,int-list-views-typed-sorted-direct-root-window-unboxed-bound-add,0,84,56.63423,1012584,44.807289,1284,-231705.02734375,20.5439453125,5.548100999999998,0,4.976832,0,402,0
sum_of_elements,2,fragments,193.44432600000619,5497.052882000005,0,1048576,573,19456,51.052872,int-list-views-typed-sorted-direct-root-window-unboxed-bound-add,0,85,56.674596,1012584,44.843472,1219,-255385.7919921875,20.615234375,5.430319000000002,0,5.063428,0,450,0
sum_of_elements,2,fragments,193.44432600000619,5553.2846540000055,0,1048576,590,21502,50.917553,int-list-views-typed-sorted-direct-root-window-unboxed-bound-add,0,86,56.231772,1012584,44.481863,1211,-239743.8857421875,20.3681640625,5.6743349999999975,0,4.855387,0,433,0
sum_of_elements,2,fragments,193.44432600000619,5610.479341000006,0,1048576,583,23776,51.840883,int-list-views-typed-sorted-direct-root-window-unboxed-bound-add,0,87,57.194687,1012584,44.466602,1232,-241518.259765625,20.302734375,6.552349,0,4.74839,0,440,0
sum_of_elements,2,fragments,193.44432600000619,5666.978749000005,0,1048576,574,22516,51.090268,int-list-views-typed-sorted-direct-root-window-unboxed-bound-add,0,88,56.499408,1012584,44.351074,1228,-236267.35546875,20.0673828125,5.9592040000000015,0,4.73686,0,449,0
sum_of_elements,2,fragments,193.44432600000619,5723.838840000005,0,1048576,577,18415,51.720495,int-list-views-typed-sorted-direct-root-window-unboxed-bound-add,0,89,56.860091,1012584,44.896336,1245,-233213.3720703125,20.4541015625,6.016941000000001,0,4.643535,0,446,0
sum_of_elements,2,fragments,193.44432600000619,5780.168100000005,0,1048576,601,21502,51.168214,int-list-views-typed-sorted-direct-root-window-unboxed-bound-add,0,90,56.32926,1012584,45.276236,1257,-242318.619140625,20.2822265625,5.131225000000002,0,4.702604,0,422,0
sum_of_elements,2,fragments,193.44432600000619,5836.179176000005,0,1048576,593,24568,50.60008,int-list-views-typed-sorted-direct-root-window-unboxed-bound-add,0,91,56.011076,1012584,44.816255,1243,-244472.982421875,20.8447265625,5.0520130000000005,0,4.950964,0,430,0
sum_of_elements,2,fragments,193.44432600000619,5892.545956000005,0,1048576,600,12492,50.99789,int-list-views-typed-sorted-direct-root-window-unboxed-bound-add,0,92,56.36678,1012584,45.215505,1277,-245348.306640625,20.6083984375,5.045910999999997,0,4.867572,0,423,0
sum_of_elements,2,fragments,193.44432600000619,5949.852013000005,0,1048576,597,14299,52.099429,int-list-views-typed-sorted-direct-root-window-unboxed-bound-add,0,93,57.306057,1012584,45.630989,1284,-256936.0009765625,20.7822265625,5.6500999999999975,0,4.743416,0,426,0
sum_of_elements,2,fragments,193.44432600000619,6006.492701000006,0,1048576,602,16746,51.385948,int-list-views-typed-sorted-direct-root-window-unboxed-bound-add,0,94,56.640688,1012584,44.958778,1287,-269320.083984375,20.9697265625,5.679482999999996,0,4.640459,0,421,0
sum_of_elements,2,fragments,193.44432600000619,6062.978663000005,0,1048576,589,8556,51.485198,int-list-views-typed-sorted-direct-root-window-unboxed-bound-add,0,95,56.485962,1012584,45.344734,1279,-259044.541015625,21.03125,5.404351999999996,0,4.548925,0,434,0
sum_of_elements,2,fragments,193.44432600000619,6118.141548000005,0,1048576,612,19450,50.195948,int-list-views-typed-sorted-direct-root-window-unboxed-bound-add,0,96,55.162885,1012584,44.564251,1273,-248762.0068359375,20.873046875,4.891831000000002,0,4.50782,0,411,0
sum_of_elements,2,fragments,193.44432600000619,6173.783960000005,0,1048576,557,14336,50.732508,int-list-views-typed-sorted-direct-root-window-unboxed-bound-add,0,97,55.642412,1012584,45.075915,1245,-249722.26953125,20.7001953125,4.9196710000000055,0,4.462001,0,466,0
sum_of_elements,2,fragments,193.44432600000619,6230.325200000005,0,1048576,612,16382,51.21703,int-list-views-typed-sorted-direct-root-window-unboxed-bound-add,0,98,56.54124,1012584,44.977238,1303,-243423.8173828125,20.6591796875,5.444525999999999,0,4.765331,0,411,0
sum_of_elements,2,fragments,193.44432600000619,6286.513244000005,0,1048576,597,17406,51.008201,int-list-views-typed-sorted-direct-root-window-unboxed-bound-add,0,99,56.188044,1012584,44.884803,1286,-263923.45703125,20.9814453125,5.303863999999998,0,4.704826,0,426,0
sum_of_elements,2,fragments,193.44432600000619,6342.441481000005,0,1048576,572,18430,50.951985,int-list-views-typed-sorted-direct-root-window-unboxed-bound-add,0,100,55.928237,1012584,44.953835,1262,-256721.9873046875,21.3134765625,5.2670259999999995,0,4.518009,0,451,0
sum_of_elements,2,fragments,193.44432600000619,6399.888120000005,0,1048576,585,18426,51.979307,int-list-views-typed-sorted-direct-root-window-unboxed-bound-add,0,101,57.446639,1012584,46.159233,1260,-248824.1630859375,20.517578125,5.0258199999999995,0,5.005301,0,438,0
sum_of_elements,2,fragments,193.44432600000619,6456.335944000005,0,1048576,573,19445,51.171381,int-list-views-typed-sorted-direct-root-window-unboxed-bound-add,0,102,56.447824,1012584,44.774122,1244,-250311.4248046875,20.646484375,5.598604999999994,0,4.726918,0,450,0
sum_of_elements,2,fragments,193.44432600000619,6512.935023000005,0,1048576,593,12286,51.29273,int-list-views-typed-sorted-direct-root-window-unboxed-bound-add,0,103,56.599079,1012584,44.849935,1272,-241530.4560546875,20.3720703125,5.699776999999998,0,4.730038,0,430,0
sum_of_elements,2,fragments,193.44432600000619,6568.501075000005,0,1048576,590,16382,50.419592,int-list-views-typed-sorted-direct-root-window-unboxed-bound-add,0,104,55.566052,1012584,44.615351,1279,-244975.4521484375,20.578125,5.074167000000001,0,4.662857,0,433,0
sum_of_elements,2,fragments,193.44432600000619,6624.410620000005,0,1048576,574,8190,50.665296,int-list-views-typed-sorted-direct-root-window-unboxed-bound-add,0,105,55.909545,1012584,44.969113,1263,-245992.982421875,20.6220703125,4.966360999999996,0,4.788278,0,449,0
sum_of_elements,2,fragments,193.44432600000619,6680.676693000005,0,1048576,573,15165,51.462109,int-list-views-typed-sorted-direct-root-window-unboxed-bound-add,0,106,56.266073,1012584,45.503872,1225,-253279.466796875,20.2666015625,5.181423999999998,0,4.306116,0,450,0
sum_of_elements,2,fragments,193.44432600000619,6736.789278000005,0,1048576,591,13296,50.95177,int-list-views-typed-sorted-direct-root-window-unboxed-bound-add,0,107,56.112585,1012584,44.737136,1269,-229390.79296875,20.1533203125,5.315227000000006,0,4.640322,0,432,0
sum_of_elements,2,fragments,193.44432600000619,6793.109264000005,0,1048576,582,19168,51.197664,int-list-views-typed-sorted-direct-root-window-unboxed-bound-add,0,108,56.319986,1012584,44.758682,1231,-243627.62109375,20.33203125,5.629114000000007,0,4.60956,0,441,0
sum_of_elements,2,fragments,193.44432600000619,6848.978371000006,0,1048576,587,23550,50.869983,int-list-views-typed-sorted-direct-root-window-unboxed-bound-add,0,109,55.869107,1012584,44.954766,1219,-230083.380859375,20.2109375,5.164067,0,4.541977,0,436,0
sum_of_elements,2,fragments,193.44432600000619,6905.075892000005,0,1048576,604,21471,50.96028,int-list-views-typed-sorted-direct-root-window-unboxed-bound-add,0,110,56.097521,1012584,45.056783,1231,-240851.0732421875,20.4638671875,5.135813999999997,0,4.689791,0,419,0
sum_of_elements,2,fragments,193.44432600000619,6961.128418000006,0,1048576,627,20660,50.830439,int-list-views-typed-sorted-direct-root-window-unboxed-bound-add,0,111,56.052526,1012584,44.881598,1294,-255679.5771484375,20.5380859375,5.174517999999996,0,4.779677,0,396,0
sum_of_elements,2,fragments,193.44432600000619,7018.7810700000055,0,1048576,583,21502,52.324763,int-list-views-typed-sorted-direct-root-window-unboxed-bound-add,0,112,57.652652,1012584,46.469095,1233,-269929.890625,20.25,5.109415999999998,0,4.867895,0,440,0
sum_of_elements,2,fragments,193.44432600000619,7074.834188000005,0,1048576,585,16382,51.119625,int-list-views-typed-sorted-direct-root-window-unboxed-bound-add,0,113,56.053118,1012584,45.337713,1223,-253347.8037109375,20.4501953125,5.063669000000003,0,4.492145,0,438,0
sum_of_elements,2,fragments,193.44432600000619,7131.541886000005,0,1048576,569,18426,51.794083,int-list-views-typed-sorted-direct-root-window-unboxed-bound-add,0,114,56.707698,1012584,45.814569,1198,-243106.326171875,20.486328125,5.1878660000000005,0,4.47298,0,454,0
sum_of_elements,2,fragments,193.44432600000619,7187.449637000005,0,1048576,600,16384,50.876784,int-list-views-typed-sorted-direct-root-window-unboxed-bound-add,0,115,55.907751,1012584,45.109225,1248,-242225.521484375,20.5712890625,5.050763999999999,0,4.584083,0,423,0
sum_of_elements,2,fragments,193.44432600000619,7244.356857000005,0,1048576,587,16384,51.852554,int-list-views-typed-sorted-direct-root-window-unboxed-bound-add,0,116,56.90722,1012584,45.967987,1215,-269178.736328125,20.63671875,5.132582999999997,0,4.609014,0,436,0
sum_of_elements,2,fragments,193.44432600000619,7301.011744000005,0,1048576,575,23548,51.665648,int-list-views-typed-sorted-direct-root-window-unboxed-bound-add,0,117,56.654887,1012584,45.724772,1209,-249598.9287109375,20.58203125,5.181431999999996,0,4.541967,0,448,0
sum_of_elements,2,fragments,193.44432600000619,7357.823009000005,0,1048576,569,10240,51.656322,int-list-views-typed-sorted-direct-root-window-unboxed-bound-add,0,118,56.811265,1012584,45.830706,1210,-228814.3974609375,20.4091796875,5.115351000000001,0,4.690971,0,454,0
sum_of_elements,2,fragments,193.44432600000619,7414.066209000005,0,1048576,609,12285,51.371319,int-list-views-typed-sorted-direct-root-window-unboxed-bound-add,0,119,56.2432,1012584,45.287652,1235,-226472.373046875,20.3515625,5.352301999999996,0,4.401648,0,414,0
sum_of_elements,2,fragments,193.44432600000619,7469.411027000005,0,1048576,580,20472,50.073242,int-list-views-typed-sorted-direct-root-window-unboxed-bound-add,0,120,55.344818,1012584,44.551436,1210,-238697.2421875,20.484375,4.794840999999998,0,4.810556,0,443,0
sum_of_elements,2,fragments,193.44432600000619,7524.9253030000045,0,1048576,571,26834,50.585089,int-list-views-typed-sorted-direct-root-window-unboxed-bound-add,0,121,55.514276,1012584,44.568945,1195,-242394.7490234375,20.138671875,5.241018000000006,0,4.488839,0,452,0
sum_of_elements,2,fragments,193.44432600000619,7582.451681000004,0,1048576,596,16382,52.145119,int-list-views-typed-sorted-direct-root-window-unboxed-bound-add,0,122,57.526378,1012584,45.559376,1236,-222334.208984375,20.0478515625,5.7612489999999985,0,4.82115,0,427,0
sum_of_elements,2,fragments,193.44432600000619,7638.338082000004,0,1048576,595,12288,50.663859,int-list-views-typed-sorted-direct-root-window-unboxed-bound-add,0,123,55.886401,1012584,44.988924,1215,-246223.9970703125,20.3564453125,4.933371000000001,0,4.685837,0,428,0
sum_of_elements,2,fragments,193.44432600000619,7694.965869000004,0,1048576,601,24574,51.253886,int-list-views-typed-sorted-direct-root-window-unboxed-bound-add,0,124,56.627787,1012584,45.477811,1230,-262449.78125,20.453125,4.997278000000001,0,4.90385,0,422,0
sum_of_elements,2,fragments,193.44432600000619,7751.140463000004,0,1048576,591,22522,51.155727,int-list-views-typed-sorted-direct-root-window-unboxed-bound-add,0,125,56.174594,1012584,45.265581,1225,-269744.009765625,19.982421875,5.094047999999998,0,4.521389,0,432,0
sum_of_elements,2,fragments,193.44432600000619,7807.109650000004,0,1048576,592,12284,51.102261,int-list-views-typed-sorted-direct-root-window-unboxed-bound-add,0,126,55.969187,1012584,45.47099,1256,-260032.435546875,20.373046875,4.8414660000000005,0,4.408793,0,431,0
sum_of_elements,2,fragments,193.44432600000619,7863.379863000004,0,1048576,571,16378,51.0907,int-list-views-typed-sorted-direct-root-window-unboxed-bound-add,0,127,56.270213,1012584,45.363098,1242,-281113.123046875,20.8984375,5.010373000000001,0,4.64749,0,452,0
sum_of_elements,2,fragments,193.44432600000619,7919.431892000004,0,1048576,575,16380,50.920565,int-list-views-typed-sorted-direct-root-window-unboxed-bound-add,0,128,56.052029,1012584,45.051509,1215,-264438.2138671875,20.8955078125,5.045805000000007,0,4.678274,0,448,0
sum_of_elements,2,fragments,193.44432600000619,7976.372204000004,0,1048576,573,19454,51.790783,int-list-views-typed-sorted-direct-root-window-unboxed-bound-add,0,129,56.940312,1012584,45.872678,1217,-274042.7880859375,20.7998046875,5.1582539999999995,0,4.684783,0,450,0
sum_of_elements,2,fragments,193.44432600000619,8033.126844000004,0,1048576,588,19456,51.449394,int-list-views-typed-sorted-direct-root-window-unboxed-bound-add,0,130,56.75464,1012584,45.554785,1238,-264465.4716796875,20.6416015625,5.119796999999997,0,4.774857,0,435,0
sum_of_elements,2,fragments,193.44432600000619,8089.307414000004,0,1048576,593,17408,51.119176,int-list-views-typed-sorted-direct-root-window-unboxed-bound-add,0,131,56.18057,1012584,45.233154,1228,-254129.6279296875,20.529296875,5.157733000000001,0,4.594525,0,430,0
sum_of_elements,2,fragments,193.44432600000619,8144.999781000004,0,1048576,596,13290,50.885896,int-list-views-typed-sorted-direct-root-window-unboxed-bound-add,0,132,55.692367,1012584,44.931211,1221,-253671.9189453125,20.3583984375,5.192202999999999,0,4.33034,0,427,0
sum_of_elements,2,fragments,193.44432600000619,8200.348481000005,0,1048576,561,12261,50.596352,int-list-views-typed-sorted-direct-root-window-unboxed-bound-add,0,133,55.3487,1012584,44.936811,1210,-243885.2138671875,19.8798828125,4.932097000000004,0,4.286507,0,462,0
sum_of_elements,2,fragments,193.44432600000619,8255.575323000005,0,1048576,565,20680,50.266952,int-list-views-typed-sorted-direct-root-window-unboxed-bound-add,0,134,55.226842,1012584,44.538192,1212,-232886.2724609375,19.8369140625,5.001561,0,4.500357,0,458,0
sum_of_elements,2,fragments,193.44432600000619,8310.860325000005,0,1048576,591,27644,50.247413,int-list-views-typed-sorted-direct-root-window-unboxed-bound-add,0,135,55.285002,1012584,44.578351,1230,-233687.9921875,20.15234375,4.955603000000003,0,4.596615,0,432,0
sum_of_elements,2,fragments,193.44432600000619,8366.381640000005,0,1048576,578,19454,50.425525,int-list-views-typed-sorted-direct-root-window-unboxed-bound-add,0,136,55.521315,1012584,44.702746,1241,-256701.1455078125,20.490234375,4.910911000000002,0,4.623814,0,445,0
sum_of_elements,2,fragments,193.44432600000619,8422.424565000005,0,1048576,577,14334,51.114029,int-list-views-typed-sorted-direct-root-window-unboxed-bound-add,0,137,56.042925,1012584,45.102044,1251,-262214.83203125,20.2880859375,5.277038000000003,0,4.464258,0,446,0
sum_of_elements,2,fragments,193.44432600000619,8478.534619000005,0,1048576,592,18409,50.850447,int-list-views-typed-sorted-direct-root-window-unboxed-bound-add,0,138,56.110054,1012584,44.907649,1189,-254070.138671875,20.4619140625,5.152661000000005,0,4.799619,0,431,0
sum_of_elements,2,fragments,193.44432600000619,8534.342004000006,0,1048576,585,16352,50.978106,int-list-views-typed-sorted-direct-root-window-unboxed-bound-add,0,139,55.807385,1012584,44.941583,1226,-245581.5537109375,20.501953125,5.299472999999994,0,4.362043,0,438,0
sum_of_elements,2,fragments,193.44432600000619,8589.824849000006,0,1048576,586,14328,50.38969,int-list-views-typed-sorted-direct-root-window-unboxed-bound-add,0,140,55.482845,1012584,44.673068,1226,-243438.0810546875,20.49609375,4.984706000000003,0,4.623893,0,437,0
sum_of_elements,2,fragments,193.44432600000619,8647.263480000007,0,1048576,570,11264,52.268272,int-list-views-typed-sorted-direct-root-window-unboxed-bound-add,0,141,57.438631,1012584,46.327114,1193,-244310.3720703125,20.4892578125,5.162718000000004,0,4.656811,0,453,0
sum_of_elements,2,fragments,193.44432600000619,8703.675372000007,0,1048576,566,10448,51.388711,int-list-views-typed-sorted-direct-root-window-unboxed-bound-add,0,142,56.411892,1012584,45.833645,1154,-232236.44921875,20.5986328125,4.816348000000003,0,4.574063,0,457,0
sum_of_elements,2,fragments,193.44432600000619,8759.287225000007,0,1048576,571,19660,50.805075,int-list-views-typed-sorted-direct-root-window-unboxed-bound-add,0,143,55.611853,1012584,45.084047,1179,-250406.060546875,20.46484375,4.995678000000003,0,4.364169,0,452,0
sum_of_elements,2,fragments,193.44432600000619,8814.552674000008,0,1048576,584,13308,50.457437,int-list-views-typed-sorted-direct-root-window-unboxed-bound-add,0,144,55.265449,1012584,44.794877,1202,-237229.517578125,19.8203125,4.941675999999996,0,4.369776,0,439,0
sum_of_elements,2,fragments,193.44432600000619,8870.895905000008,0,1048576,571,19445,51.477933,int-list-views-typed-sorted-direct-root-window-unboxed-bound-add,0,145,56.343231,1012584,45.973276,1177,-242509.123046875,20.3310546875,4.782407999999997,0,4.370079,0,452,0
sum_of_elements,2,fragments,193.44432600000619,8927.669739000008,0,1048576,565,21498,51.600619,int-list-views-typed-sorted-direct-root-window-unboxed-bound-add,0,146,56.773834,1012584,45.745609,1182,-249736.533203125,20.6279296875,5.070069000000003,0,4.651958,0,458,0
sum_of_elements,2,fragments,193.44432600000619,8983.786210000007,0,1048576,558,19449,51.06976,int-list-views-typed-sorted-direct-root-window-unboxed-bound-add,0,147,56.116471,1012584,45.229013,1156,-246284.2822265625,20.5947265625,5.0414400000000015,0,4.594986,0,465,0
sum_of_elements,2,fragments,193.44432600000619,9039.972813000008,0,1048576,564,15360,51.350099,int-list-views-typed-sorted-direct-root-window-unboxed-bound-add,0,148,56.186603,1012584,45.364077,1193,-230769.958984375,20.458984375,5.164890999999999,0,4.322195,0,459,0
sum_of_elements,2,fragments,193.44432600000619,9096.182273000008,0,1048576,579,16376,51.222353,int-list-views-typed-sorted-direct-root-window-unboxed-bound-add,0,149,56.20946,1012584,45.551438,1207,-244446.57421875,20.462890625,4.949354999999997,0,4.499699,0,444,0
sum_of_elements,2,fragments,193.44432600000619,9152.947294000007,0,1048576,581,18428,51.779492,int-list-views-typed-sorted-direct-root-window-unboxed-bound-add,0,150,56.765021,1012584,46.169481,1216,-238701.0673828125,20.1875,4.882557,0,4.543016,0,442,0
sum_of_elements,2,fragments,193.44432600000619,9208.357822000007,0,1048576,569,22524,50.516256,int-list-views-typed-sorted-direct-root-window-unboxed-bound-add,0,151,55.410528,1012584,44.953783,1232,-258586.1904296875,20.4033203125,4.842151999999995,0,4.419389,0,454,0
sum_of_elements,2,fragments,193.44432600000619,9265.262239000007,0,1048576,568,19444,51.776543,int-list-views-typed-sorted-direct-root-window-unboxed-bound-add,0,152,56.904417,1012584,45.641243,1196,-263195.46875,20.44140625,5.402230999999994,0,4.606264,0,455,0
sum_of_elements,2,fragments,193.44432600000619,9322.036077000006,0,1048576,569,19664,51.611731,int-list-views-typed-sorted-direct-root-window-unboxed-bound-add,0,153,56.773838,1012584,45.527587,1200,-262737.7392578125,20.5927734375,5.3735029999999995,0,4.723594,0,454,0
sum_of_elements,2,fragments,193.44432600000619,9378.778260000006,0,1048576,580,20478,51.529356,int-list-views-typed-sorted-direct-root-window-unboxed-bound-add,0,154,56.742183,1012584,45.333129,1206,-279492.869140625,21.0634765625,5.351378999999997,0,4.771815,0,443,0
sum_of_elements,2,fragments,193.44432600000619,9435.955396000007,0,1048576,577,14334,51.996136,int-list-views-typed-sorted-direct-root-window-unboxed-bound-add,0,155,57.177136,1012584,46.247549,1212,-263735.5615234375,21.169921875,5.014708000000003,0,4.734903,0,446,0
sum_of_elements,2,fragments,193.44432600000619,9492.382008000006,0,1048576,574,11472,51.167867,int-list-views-typed-sorted-direct-root-window-unboxed-bound-add,0,156,56.426612,1012584,45.117498,1201,-251309.921875,21.51171875,5.3257410000000025,0,4.793691,0,449,0
sum_of_elements,2,fragments,193.44432600000619,9548.529438000007,0,1048576,569,22523,50.969038,int-list-views-typed-sorted-direct-root-window-unboxed-bound-add,0,157,56.14743,1012584,45.145815,1174,-268400.1591796875,21.19140625,5.103209,0,4.732125,0,454,0
sum_of_elements,2,fragments,193.44432600000619,9604.335838000006,0,1048576,562,21500,50.614361,int-list-views-typed-sorted-direct-root-window-unboxed-bound-add,0,158,55.8064,1012584,44.695716,1148,-241418.64453125,20.482421875,5.108907000000004,0,4.740227,0,461,0
sum_of_elements,2,fragments,193.44432600000619,9659.397612000006,0,1048576,551,19664,50.256668,int-list-views-typed-sorted-direct-root-window-unboxed-bound-add,0,159,55.061774,1012584,44.444445,1167,-239802.8662109375,20.73046875,5.087408999999999,0,4.321805,0,472,0
sum_of_elements,2,fragments,193.44432600000619,9714.372978000007,0,1048576,544,16380,50.225251,int-list-views-typed-sorted-direct-root-window-unboxed-bound-add,0,160,54.975366,1012584,44.529854,1152,-246898.142578125,20.169921875,4.925577999999998,0,4.297456,0,479,0
sum_of_elements,2,fragments,193.44432600000619,9772.955025000007,0,1048576,581,16382,53.500308,int-list-views-typed-sorted-direct-root-window-unboxed-bound-add,0,161,58.582047,1012584,47.843774,1167,-234444.0341796875,20.390625,4.910665999999997,0,4.620909,0,442,0
sum_of_elements,2,fragments,193.44432600000619,9829.673440000006,0,1048576,561,22528,51.554241,int-list-views-typed-sorted-direct-root-window-unboxed-bound-add,0,162,56.718415,1012584,45.924033,1173,-251374.3369140625,19.9892578125,4.905857999999997,0,4.710586,0,462,0
sum_of_elements,2,fragments,193.44432600000619,9886.901818000006,0,1048576,554,11472,52.139749,int-list-views-typed-sorted-direct-root-window-unboxed-bound-add,0,163,57.228378,1012584,45.866228,1156,-237317.1201171875,20.3544921875,5.512974000000004,0,4.626524,0,469,0
sum_of_elements,2,fragments,193.44432600000619,9943.101367000007,0,1048576,547,14326,51.101446,int-list-views-typed-sorted-direct-root-window-unboxed-bound-add,0,164,56.199549,1012584,45.089561,1150,-248061.3037109375,20.4619140625,5.2374330000000064,0,4.614316,0,476,0
sum_of_elements,2,fragments,193.44432600000619,10001.154427000007,0,1048576,556,13310,52.985745,int-list-views-typed-sorted-direct-root-window-unboxed-bound-add,0,165,58.05306,1012584,46.554332,1164,-230795.6142578125,20.740234375,5.647415000000004,0,4.593218,0,467,0
sum_of_elements,2,fragments,193.44432600000619,10057.130501000007,0,1048576,556,18430,50.69714,int-list-views-typed-sorted-direct-root-window-unboxed-bound-add,0,166,55.976074,1012584,44.636031,1164,-258342.5849609375,20.771484375,5.187624999999995,0,4.703468,0,467,0
sum_of_elements,2,fragments,193.44432600000619,10113.212645000007,0,1048576,580,19446,51.248102,int-list-views-typed-sorted-direct-root-window-unboxed-bound-add,0,167,56.082144,1012584,45.506601,1186,-265069.001953125,20.775390625,4.993433000000001,0,4.352733,0,443,0
sum_of_elements,2,fragments,193.44432600000619,10170.203958000007,0,1048576,569,10236,51.517564,int-list-views-typed-sorted-direct-root-window-unboxed-bound-add,0,168,56.991313,1012584,45.793051,1187,-252653.31640625,20.5810546875,4.960834000000002,0,5.017806,0,454,0
sum_of_elements,2,fragments,193.44432600000619,10226.265876000007,0,1048576,571,16380,50.913661,int-list-views-typed-sorted-direct-root-window-unboxed-bound-add,0,169,56.061918,1012584,45.053875,1180,-247072.5849609375,20.6640625,5.140009999999997,0,4.696538,0,452,0
sum_of_elements,2,fragments,193.44432600000619,10282.583386000008,0,1048576,570,14923,51.273105,int-list-views-typed-sorted-direct-root-window-unboxed-bound-add,0,170,56.31751,1012584,45.324555,1183,-256744.0078125,21.01953125,5.232606999999999,0,4.583782,0,453,0
sum_of_elements,2,fragments,193.44432600000619,10338.487051000007,0,1048576,575,17472,50.955162,int-list-views-typed-sorted-direct-root-window-unboxed-bound-add,0,171,55.903665,1012584,45.115433,1151,-267863.16796875,20.9765625,5.059448999999998,0,4.509654,0,448,0
sum_of_elements,2,fragments,193.44432600000619,10394.577433000008,0,1048576,538,22662,51.138995,int-list-views-typed-sorted-direct-root-window-unboxed-bound-add,0,172,56.090382,1012584,45.49604,1152,-250407.708984375,20.70703125,4.925400999999998,0,4.498667,0,485,0
sum_of_elements,2,fragments,193.44432600000619,10450.613157000007,0,1048576,553,21206,51.050402,int-list-views-typed-sorted-direct-root-window-unboxed-bound-add,0,173,56.035724,1012584,45.33055,1151,-256871.544921875,21.05078125,4.998691999999996,0,4.516383,0,470,0
sum_of_elements,2,fragments,193.44432600000619,10507.140714000006,0,1048576,576,21152,51.260524,int-list-views-typed-sorted-direct-root-window-unboxed-bound-add,0,174,56.527557,1012584,45.602983,1153,-250436.1982421875,21.0546875,4.932100999999994,0,4.809649,0,447,0
sum_of_elements,2,fragments,193.44432600000619,10564.582801000006,0,1048576,555,23762,51.768105,int-list-views-typed-sorted-direct-root-window-unboxed-bound-add,0,175,57.442087,1012584,44.824556,1170,-263340.8662109375,21.2646484375,6.176000999999997,0,4.836825,0,468,0
sum_of_elements,2,fragments,193.44432600000619,10623.547511000006,0,1048576,574,15355,53.170255,int-list-views-typed-sorted-direct-root-window-unboxed-bound-add,0,176,58.96471,1012584,45.321103,1187,-248920.625,21.5380859375,7.043902999999995,0,5.051396,0,449,0
sum_of_elements,2,fragments,193.44432600000619,10680.634539000006,0,1048576,573,21718,51.859249,int-list-views-typed-sorted-direct-root-window-unboxed-bound-add,0,177,57.087028,1012584,45.302114,1195,-259036.1015625,20.8427734375,5.683714,0,4.732444,0,450,0
sum_of_elements,2,fragments,193.44432600000619,10737.013229000006,0,1048576,598,14334,51.254988,int-list-views-typed-sorted-direct-root-window-unboxed-bound-add,0,178,56.37869,1012584,45.276192,1215,-267593.740234375,21.494140625,5.254903999999998,0,4.649295,0,425,0
sum_of_elements,2,fragments,193.44432600000619,10792.838524000006,0,1048576,557,13292,50.703066,int-list-views-typed-sorted-direct-root-window-unboxed-bound-add,0,179,55.825295,1012584,44.684157,1199,-258064.9541015625,20.7021484375,5.289585000000002,0,4.624139,0,466,0
sum_of_elements,2,fragments,193.44432600000619,10849.535194000006,0,1048576,568,14326,51.280069,int-list-views-typed-sorted-direct-root-window-unboxed-bound-add,0,180,56.69667,1012584,45.233735,1183,-261422.3818359375,20.97265625,5.307692999999995,0,4.921989,0,455,0
sum_of_elements,2,fragments,193.44432600000619,10905.724531000005,0,1048576,579,13520,50.982338,int-list-views-typed-sorted-direct-root-window-unboxed-bound-add,0,181,56.189337,1012584,44.997601,1192,-246894.693359375,21.1708984375,5.210310999999999,0,4.700876,0,444,0
sum_of_elements,2,fragments,193.44432600000619,10963.039127000005,0,1048576,561,17404,52.192931,int-list-views-typed-sorted-direct-root-window-unboxed-bound-add,0,182,57.314596,1012584,46.069287,1169,-271527.23828125,20.9736328125,5.3350360000000006,0,4.656066,0,462,0
sum_of_elements,2,fragments,193.44432600000619,11019.157888000005,0,1048576,572,18428,50.555712,int-list-views-typed-sorted-direct-root-window-unboxed-bound-add,0,183,56.118761,1012584,44.470351,1182,-250231.650390625,21.201171875,5.352073999999999,0,5.065518,0,451,0
sum_of_elements,2,fragments,193.44432600000619,11076.345345000005,0,1048576,555,25333,51.582425,int-list-views-typed-sorted-direct-root-window-unboxed-bound-add,0,184,57.187457,1012584,44.28669,1158,-240282.078125,20.4033203125,6.3768030000000016,0,5.072308,0,468,0
sum_of_elements,2,fragments,193.44432600000619,11134.783037000005,0,1048576,538,15905,51.621132,int-list-views-typed-sorted-direct-root-window-unboxed-bound-add,0,185,58.437692,1012584,45.307815,1159,-257614.0185546875,20.751953125,5.590132000000004,0,6.354873,0,485,0
sum_of_elements,2,fragments,193.44432600000619,11192.977945000004,0,1048576,543,13308,52.044523,int-list-views-typed-sorted-direct-root-window-unboxed-bound-add,0,186,58.194908,1012584,45.608283,1157,-260805.5087890625,20.5419921875,5.718981999999995,0,5.355176,0,480,0
sum_of_elements,2,fragments,193.44432600000619,11249.372470000004,0,1048576,555,13312,51.096229,int-list-views-typed-sorted-direct-root-window-unboxed-bound-add,0,187,56.394525,1012584,44.946485,1174,-250144.5556640625,20.6455078125,5.361040000000001,0,4.771759,0,468,0
sum_of_elements,2,fragments,193.44432600000619,11308.392755000004,0,1048576,543,18796,52.353362,int-list-views-typed-sorted-direct-root-window-unboxed-bound-add,0,188,59.020285,1012584,45.046829,1146,-240410.4521484375,20.6220703125,6.513139,0,6.070344,0,480,0
sum_of_elements,2,fragments,193.44432600000619,11364.731053000005,0,1048576,596,17394,51.188402,int-list-views-typed-sorted-direct-root-window-unboxed-bound-add,0,189,56.338298,1012584,44.713909,1179,-236416.2939453125,20.51171875,5.765617,0,4.47607,0,427,0
sum_of_elements,2,fragments,193.44432600000619,11420.079896000005,0,1048576,564,13518,50.39971,int-list-views-typed-sorted-direct-root-window-unboxed-bound-add,0,190,55.348843,1012584,44.757531,1179,-247877.45703125,20.638671875,4.920471999999996,0,4.473545,0,459,0
sum_of_elements,2,fragments,193.44432600000619,11475.787082000004,0,1048576,566,23495,50.902039,int-list-views-typed-sorted-direct-root-window-unboxed-bound-add,0,191,55.707186,1012584,45.276724,1187,-248647.783203125,20.408203125,4.905854999999999,0,4.352913,0,457,0
sum_of_elements,2,fragments,193.44432600000619,11531.506826000004,0,1048576,571,13308,50.885558,int-list-views-typed-sorted-direct-root-window-unboxed-bound-add,0,192,55.719744,1012584,45.276803,1175,-248917.9736328125,20.4990234375,4.875168,0,4.386054,0,452,0
sum_of_elements,2,fragments,193.44432600000619,11587.602208000004,0,1048576,576,17406,51.030294,int-list-views-typed-sorted-direct-root-window-unboxed-bound-add,0,193,56.095382,1012584,45.391538,1170,-235020.068359375,20.359375,4.921591999999995,0,4.571211,0,447,0
sum_of_elements,2,fragments,193.44432600000619,11644.382935000003,0,1048576,573,15356,51.633217,int-list-views-typed-sorted-direct-root-window-unboxed-bound-add,0,194,56.780727,1012584,45.539645,1191,-259477.78125,20.1435546875,5.288078000000002,0,4.663621,0,450,0
sum_of_elements,2,fragments,193.44432600000619,11701.579692000003,0,1048576,552,17402,52.166489,int-list-views-typed-sorted-direct-root-window-unboxed-bound-add,0,195,57.196757,1012584,46.38535,1171,-266136.1435546875,20.2841796875,4.977632000000001,0,4.433356,0,471,0
sum_of_elements,2,fragments,193.44432600000619,11757.567451000003,0,1048576,580,12284,51.095541,int-list-views-typed-sorted-direct-root-window-unboxed-bound-add,0,196,55.987759,1012584,45.442596,1204,-264088.8525390625,20.041015625,4.9409309999999955,0,4.392392,0,443,0
sum_of_elements,2,fragments,193.44432600000619,11814.102640000003,0,1048576,568,16376,51.625862,int-list-views-typed-sorted-direct-root-window-unboxed-bound-add,0,197,56.535189,1012584,45.929532,1190,-256320.63671875,20.212890625,4.9317359999999955,0,4.458384,0,455,0
sum_of_elements,2,fragments,193.44432600000619,11869.805049000002,0,1048576,568,17406,50.572754,int-list-views-typed-sorted-direct-root-window-unboxed-bound-add,0,198,55.702409,1012584,45.000085,1194,-233367.1298828125,20.1953125,4.825073000000006,0,4.670432,0,455,0
sum_of_elements,2,fragments,193.44432600000619,11926.667229000002,0,1048576,612,20411,51.941314,int-list-views-typed-sorted-direct-root-window-unboxed-bound-add,0,199,56.86218,1012584,46.211076,1235,-243265.7236328125,19.9296875,5.011724,0,4.435031,0,411,0
sum_of_elements,2,fragments,193.44432600000619,11982.300056000002,0,1048576,612,17339,50.521711,int-list-views-typed-sorted-direct-root-window-unboxed-bound-add,0,200,55.632827,1012584,44.831595,1236,-253636.6025390625,20.333984375,4.977363000000002,0,4.567062,0,411,0
sum_of_elements,2,fragments,193.44432600000619,12038.505379000002,0,1048576,607,16384,51.224549,int-list-views-typed-sorted-direct-root-window-unboxed-bound-add,0,201,56.205323,1012584,45.620359,1251,-260046.869140625,20.4560546875,4.887267000000003,0,4.479064,0,416,0
sum_of_elements,2,fragments,193.44432600000619,12095.112883000002,0,1048576,580,10238,51.535485,int-list-views-typed-sorted-direct-root-window-unboxed-bound-add,0,202,56.607504,1012584,45.746539,1272,-234707.9619140625,21.0498046875,5.053533,0,4.626307,0,443,0
sum_of_elements,2,fragments,193.44432600000619,12150.966017000002,0,1048576,570,24782,50.88322,int-list-views-typed-sorted-direct-root-window-unboxed-bound-add,0,203,55.853134,1012584,45.212371,1248,-231171.5380859375,20.4130859375,4.948922000000003,0,4.509685,0,453,0
sum_of_elements,2,fragments,193.44432600000619,12207.669217000002,0,1048576,609,11260,51.628299,int-list-views-typed-sorted-direct-root-window-unboxed-bound-add,0,204,56.7032,1012584,45.647379,1267,-243223.521484375,20.4541015625,5.165370999999999,0,4.5873,0,414,0
sum_of_elements,2,fragments,193.44432600000619,12264.919023000002,0,1048576,615,24564,51.881467,int-list-views-typed-sorted-direct-root-window-unboxed-bound-add,0,205,57.249806,1012584,46.0725,1281,-270589.4052734375,21.060546875,5.079464000000002,0,4.91036,0,408,0
sum_of_elements,2,fragments,193.44432600000619,12321.448603000003,0,1048576,564,24349,51.221807,int-list-views-typed-sorted-direct-root-window-unboxed-bound-add,0,206,56.52958,1012584,45.391887,1245,-266647.5703125,21.0439453125,5.109591999999996,0,4.832661,0,459,0
sum_of_elements,2,fragments,193.44432600000619,12377.308548000003,0,1048576,579,12286,50.796879,int-list-views-typed-sorted-direct-root-window-unboxed-bound-add,0,207,55.859945,1012584,44.968572,1213,-228325.8740234375,20.814453125,5.070020999999999,0,4.594588,0,444,0
sum_of_elements,2,fragments,193.44432600000619,12432.914323000003,0,1048576,599,14542,50.695257,int-list-views-typed-sorted-direct-root-window-unboxed-bound-add,0,208,55.605775,1012584,45.111424,1257,-218494.408203125,20.283203125,4.872746999999997,0,4.459103,0,424,0
sum_of_elements,2,fragments,193.44432600000619,12489.016243000002,0,1048576,584,20478,50.910763,int-list-views-typed-sorted-direct-root-window-unboxed-bound-add,0,209,56.10192,1012584,45.132765,1239,-244476.419921875,20.423828125,5.058059000000005,0,4.668096,0,439,0
sum_of_elements,2,fragments,193.44432600000619,12545.953399000002,0,1048576,581,12288,51.942283,int-list-views-typed-sorted-direct-root-window-unboxed-bound-add,0,210,56.937156,1012584,45.914553,1230,-246017.189453125,20.591796875,5.309273000000004,0,4.499617,0,442,0
sum_of_elements,2,fragments,193.44432600000619,12602.581370000002,0,1048576,592,20478,51.455232,int-list-views-typed-sorted-direct-root-window-unboxed-bound-add,0,211,56.627971,1012584,45.181254,1234,-250613.45703125,20.291015625,5.5264619999999995,0,4.676474,0,431,0
sum_of_elements,2,fragments,193.44432600000619,12657.888479000001,0,1048576,591,20476,50.495976,int-list-views-typed-sorted-direct-root-window-unboxed-bound-add,0,212,55.307109,1012584,44.601242,1205,-249268.505859375,19.837890625,5.168136999999998,0,4.271624,0,432,0
sum_of_elements,2,fragments,193.44432600000619,12714.183644,0,1048576,603,14330,51.329089,int-list-views-typed-sorted-direct-root-window-unboxed-bound-add,0,213,56.295165,1012584,45.367182,1256,-235114.6728515625,19.8583984375,5.236726000000001,0,4.488997,0,420,0
sum_of_elements,2,fragments,193.44432600000619,12770.135703,0,1048576,571,17404,51.160215,int-list-views-typed-sorted-direct-root-window-unboxed-bound-add,0,214,55.952059,1012584,45.39115,1238,-229685.70703125,19.7119140625,4.9644129999999995,0,4.289732,0,452,0
sum_of_elements,2,fragments,193.44432600000619,12826.240797,0,1048576,578,15571,51.136933,int-list-views-typed-sorted-direct-root-window-unboxed-bound-add,0,215,56.105094,1012584,45.431958,1231,-245296.408203125,20.125,4.953757999999997,0,4.459094,0,445,0
sum_of_elements,2,fragments,193.44432600000619,12881.921731,0,1048576,586,11264,50.513434,int-list-views-typed-sorted-direct-root-window-unboxed-bound-add,0,216,55.680934,1012584,44.941033,1227,-251069.638671875,20.21875,4.853056999999998,0,4.708101,0,437,0
sum_of_elements,2,fragments,193.44432600000619,12938.249746,0,1048576,569,16378,51.077262,int-list-views-typed-sorted-direct-root-window-unboxed-bound-add,0,217,56.328015,1012584,45.344183,1206,-242813.2568359375,20.2255859375,5.017388999999998,0,4.756405,0,454,0
sum_of_elements,2,fragments,193.44432600000619,12994.031826999999,0,1048576,589,12286,50.903874,int-list-views-typed-sorted-direct-root-window-unboxed-bound-add,0,218,55.782081,1012584,45.276316,1229,-233503.693359375,19.970703125,4.896716000000003,0,4.407545,0,434,0
sum_of_elements,2,fragments,193.44432600000619,13049.676941,0,1048576,566,14332,50.423292,int-list-views-typed-sorted-direct-root-window-unboxed-bound-add,0,219,55.645114,1012584,44.664844,1227,-256309.3076171875,20.232421875,5.034533999999996,0,4.706148,0,457,0
sum_of_elements,2,fragments,193.44432600000619,13104.732949,0,1048576,564,19662,50.210715,int-list-views-typed-sorted-direct-root-window-unboxed-bound-add,0,220,55.056008,1012584,44.447229,1191,-263424.6474609375,20.24609375,5.041637000000001,0,4.373801,0,459,0
sum_of_elements,2,fragments,193.44432600000619,13160.211263,0,1048576,599,15356,50.493458,int-list-views-typed-sorted-direct-root-window-unboxed-bound-add,0,221,55.478314,1012584,44.740065,1231,-235876.5625,20.2314453125,4.951313999999998,0,4.513597,0,424,0
sum_of_elements,2,fragments,193.44432600000619,13215.879926,0,1048576,608,18424,50.88001,int-list-views-typed-sorted-direct-root-window-unboxed-bound-add,0,222,55.668663,1012584,45.010721,1247,-267304.0185546875,20.162109375,5.111569000000002,0,4.321752,0,415,0
sum_of_elements,2,fragments,193.44432600000619,13271.979028,0,1048576,607,21705,50.856325,int-list-views-typed-sorted-direct-root-window-unboxed-bound-add,0,223,56.099102,1012584,45.085413,1283,-248199.888671875,20.6416015625,5.033691999999995,0,4.772553,0,416,0
sum_of_elements,2,fragments,193.44432600000619,13328.213612,0,1048576,594,22524,51.089513,int-list-views-typed-sorted-direct-root-window-unboxed-bound-add,0,224,56.234584,1012584,45.395608,1262,-271451.3974609375,20.572265625,4.973699999999997,0,4.670758,0,429,0
sum_of_elements,2,fragments,193.44432600000619,13383.686114,0,1048576,591,16382,50.497005,int-list-views-typed-sorted-direct-root-window-unboxed-bound-add,0,225,55.472502,1012584,44.847102,1270,-237903.966796875,20.0390625,4.898182999999999,0,4.50593,0,432,0
sum_of_elements,2,fragments,193.44432600000619,13439.826678,0,1048576,614,16586,51.033474,int-list-views-typed-sorted-direct-root-window-unboxed-bound-add,0,226,56.140564,1012584,45.444378,1293,-255041.7919921875,19.986328125,4.849937000000001,0,4.592797,0,409,0
sum_of_elements,2,fragments,193.44432600000619,13496.211384,0,1048576,591,13218,51.474892,int-list-views-typed-sorted-direct-root-window-unboxed-bound-add,0,227,56.384706,1012584,45.584493,1290,-263805.642578125,20.1826171875,5.122799999999996,0,4.409864,0,432,0
sum_of_elements,2,fragments,193.44432600000619,13551.139714,0,1048576,607,24567,49.963637,int-list-views-typed-sorted-direct-root-window-unboxed-bound-add,0,228,54.92833,1012584,44.252279,1293,-272880.9580078125,20.5966796875,4.951988999999996,0,4.425866,0,416,0
sum_of_elements,2,fragments,193.44432600000619,13606.411843000002,0,1048576,608,31730,50.130552,int-list-views-typed-sorted-direct-root-window-unboxed-bound-add,0,229,55.272129,1012584,44.426948,1276,-253193.5888671875,20.8076171875,4.883852000000001,0,4.634514,0,415,0
sum_of_elements,2,fragments,193.44432600000619,13661.578665000001,0,1048576,594,19452,49.982822,int-list-views-typed-sorted-direct-root-window-unboxed-bound-add,0,230,55.166822,1012584,44.132634,1277,-254559.802734375,20.216796875,5.12401,0,4.712673,0,429,0
sum_of_elements,2,fragments,193.44432600000619,13716.953660000001,0,1048576,598,18426,50.570721,int-list-views-typed-sorted-direct-root-window-unboxed-bound-add,0,231,55.374995,1012584,44.619827,1266,-251962.234375,20.197265625,5.201564999999996,0,4.332936,0,425,0
sum_of_elements,2,fragments,193.44432600000619,13773.502933000002,0,1048576,584,15358,51.290569,int-list-views-typed-sorted-direct-root-window-unboxed-bound-add,0,232,56.549273,1012584,45.279545,1277,-255802.8837890625,20.3505859375,5.226402999999996,0,4.784456,0,439,0
sum_of_elements,2,fragments,193.44432600000619,13829.805274000002,0,1048576,553,23540,51.230496,int-list-views-typed-sorted-direct-root-window-unboxed-bound-add,0,233,56.302341,1012584,45.306838,1226,-258282.1884765625,19.900390625,5.198847000000001,0,4.584813,0,470,0
sum_of_elements,2,fragments,193.44432600000619,13885.143803000003,0,1048576,567,13310,50.534709,int-list-views-typed-sorted-direct-root-window-unboxed-bound-add,0,234,55.338529,1012584,44.802296,1208,-246722.162109375,19.953125,5.014943999999998,0,4.350337,0,456,0
sum_of_elements,2,fragments,193.44432600000619,13940.970034000002,0,1048576,579,16589,51.001544,int-list-views-typed-sorted-direct-root-window-unboxed-bound-add,0,235,55.826231,1012584,45.320841,1222,-257957.86328125,19.99609375,4.946955999999999,0,4.336949,0,444,0
sum_of_elements,2,fragments,193.44432600000619,13998.343062000002,0,1048576,577,17608,52.582307,int-list-views-typed-sorted-direct-root-window-unboxed-bound-add,0,236,57.373028,1012584,47.062545,1239,-247437.06640625,20.3837890625,4.761573000000002,0,4.31322,0,446,0
sum_of_elements,2,fragments,193.44432600000619,14055.772166000002,0,1048576,533,12284,52.23692,int-list-views-typed-sorted-direct-root-window-unboxed-bound-add,0,237,57.429104,1012584,46.618857,1202,-242597.7509765625,20.375,4.862460999999998,0,4.683875,0,490,0
sum_of_elements,2,fragments,193.44432600000619,14111.472438000003,0,1048576,577,18634,50.661387,int-list-views-typed-sorted-direct-root-window-unboxed-bound-add,0,238,55.700272,1012588,44.890475,1195,-248457.1845703125,20.0478515625,5.0508719999999965,0,4.530161,0,446,0
sum_of_elements,2,fragments,193.44432600000619,14167.737300000003,0,1048576,574,17616,51.157842,int-list-views-typed-sorted-direct-root-window-unboxed-bound-add,0,239,56.264862,1012588,45.563664,1222,-237942.2216796875,20.2021484375,4.870079000000001,0,4.648431,0,449,0
sum_of_elements,2,fragments,193.44432600000619,14223.248243000002,0,1048576,570,19452,50.701601,int-list-views-typed-sorted-direct-root-window-unboxed-bound-add,0,240,55.510943,1012588,45.125759,1235,-238676.4736328125,19.76953125,4.835679999999996,0,4.348952,0,453,0
sum_of_elements,2,fragments,193.44432600000619,14279.199876000002,0,1048576,583,18432,50.998521,int-list-views-typed-sorted-direct-root-window-unboxed-bound-add,0,241,55.951633,1012588,45.485096,1220,-240246.53125,19.6923828125,4.729006999999996,0,4.425117,0,440,0
sum_of_elements,2,fragments,193.44432600000619,14335.736530000002,0,1048576,569,19664,51.471323,int-list-views-typed-sorted-direct-root-window-unboxed-bound-add,0,242,56.536654,1012588,45.828348,1218,-234188.1328125,19.6572265625,4.816004,0,4.480967,0,454,0
sum_of_elements,2,fragments,193.44432600000619,14391.193167000001,0,1048576,558,17404,50.503719,int-list-views-typed-sorted-direct-root-window-unboxed-bound-add,0,243,55.456637,1012588,44.756306,1216,-233117.658203125,19.95703125,4.933167999999998,0,4.49451,0,465,0
sum_of_elements,2,fragments,193.44432600000619,14447.329238000002,0,1048576,595,17404,51.040618,int-list-views-typed-sorted-direct-root-window-unboxed-bound-add,0,244,56.136071,1012588,44.991546,1257,-237295.2900390625,20.69140625,5.223091000000004,0,4.560399,0,428,0
sum_of_elements,2,fragments,193.44432600000619,14504.194493000003,0,1048576,587,14330,51.543484,int-list-views-typed-sorted-direct-root-window-unboxed-bound-add,0,245,56.865255,1012588,45.473251,1245,-253289.9873046875,20.96875,5.353683999999999,0,4.862866,0,436,0
sum_of_elements,2,fragments,193.44432600000619,14560.999251000003,0,1048576,597,17404,51.513397,int-list-views-typed-sorted-direct-root-window-unboxed-bound-add,0,246,56.804758,1012588,45.778744,1266,-246680.8095703125,21.099609375,5.013904999999994,0,4.817697,0,426,0
sum_of_elements,2,fragments,193.44432600000619,14617.240469000002,0,1048576,585,24572,50.908536,int-list-views-typed-sorted-direct-root-window-unboxed-bound-add,0,247,56.241218,1012588,45.017255,1224,-270988.0146484375,20.580078125,5.135453,0,4.798524,0,438,0
sum_of_elements,2,fragments,193.44432600000619,14673.274243000002,0,1048576,565,16382,50.767221,int-list-views-typed-sorted-direct-root-window-unboxed-bound-add,0,248,56.033774,1012588,44.819993,1216,-263431.642578125,20.7548828125,5.201048999999996,0,4.654373,0,458,0
sum_of_elements,2,fragments,193.44432600000619,14729.824601000002,0,1048576,607,13308,51.139151,int-list-views-typed-sorted-direct-root-window-unboxed-bound-add,0,249,56.550358,1012588,44.975878,1265,-258008.296875,20.759765625,5.391960000000002,0,4.773764,0,416,0
sum_of_elements,2,fragments,193.44432600000619,14785.806964000001,0,1048576,586,14334,50.787267,int-list-views-typed-sorted-direct-root-window-unboxed-bound-add,0,250,55.982363,1012588,44.703658,1249,-273348.7802734375,21.013671875,5.354152000000001,0,4.721819,0,437,0
sum_of_elements,2,fragments,193.44432600000619,14842.671681000002,0,1048576,598,14334,51.630347,int-list-views-typed-sorted-direct-root-window-unboxed-bound-add,0,251,56.864717,1012588,45.74773,1247,-270163.9765625,21.130859375,5.161574,0,4.732541,0,425,0
sum_of_elements,2,fragments,193.44432600000619,14899.238615000002,0,1048576,570,19452,51.443169,int-list-views-typed-sorted-direct-root-window-unboxed-bound-add,0,252,56.566934,1012588,45.632556,1238,-280598.09375,21.416015625,5.082253999999999,0,4.650828,0,453,0
sum_of_elements,2,fragments,193.44432600000619,14956.375345000002,0,1048576,568,23543,52.148952,int-list-views-typed-sorted-direct-root-window-unboxed-bound-add,0,253,57.13673,1012588,46.197265,1234,-267165.53125,21.474609375,5.232056000000004,0,4.51743,0,455,0
sum_of_elements,2,fragments,193.44432600000619,15013.221505000001,0,1048576,578,18430,51.779807,int-list-views-typed-sorted-direct-root-window-unboxed-bound-add,0,254,56.84616,1012588,45.900507,1249,-266845.0908203125,21.294921875,5.131075,0,4.518531,0,445,0
sum_of_elements,2,fragments,193.44432600000619,15068.904507000001,0,1048576,597,18997,50.731943,int-list-views-typed-sorted-direct-root-window-unboxed-bound-add,0,255,55.683002,1012588,44.873277,1280,-265287.8671875,21.1982421875,5.141706999999999,0,4.483631,0,426,0
house_robber,0,fragments,212.09920899999634,275.3706239999963,-8503,1048576,905,0,42.363497,int-list-views-typed-sorted-direct-root,0,0,63.271415,891524,32.524621,1755,-117310.05859375,75.724609375,8.700042000000003,0,20.108022,0,118,0
house_robber,0,fragments,212.09920899999634,327.77787599999635,-8503,1048576,814,0,37.79829,int-list-views-typed-sorted-direct-root,0,1,52.407252,891956,30.138013,1604,-75693.0673828125,48.552734375,6.765974999999999,0,14.01688,0,209,0
house_robber,0,fragments,212.09920899999634,375.0679399999964,-8503,1048576,769,0,37.128647,int-list-views-typed-sorted-direct-root,0,2,47.290064,892024,30.299722,1519,-67433.7705078125,41.5263671875,6.050445,0,9.720718,0,254,0
house_robber,0,fragments,212.09920899999634,416.02256299999635,-8503,1048576,791,0,31.397273,int-list-views-typed-sorted-direct-root,0,3,40.954623,892096,24.747148,1501,-59897.2939453125,44.302734375,5.838023999999999,0,9.156029,0,232,0
house_robber,0,fragments,212.09920899999634,461.79608999999635,-7934,1048576,846,0,34.93061,int-list-views-typed-sorted-direct-root,0,4,45.773527,892152,28.418919,1527,-56782.7763671875,46.5390625,5.765962000000004,0,10.430208,0,177,0
house_robber,0,fragments,212.09920899999634,504.9141449999963,-7934,1048576,852,0,32.130256,int-list-views-typed-sorted-direct-root,0,5,43.118055,892176,25.312854,1551,-56923.7998046875,51.2822265625,6.010277000000004,0,10.581786,0,171,0
house_robber,0,fragments,212.09920899999634,549.1176919999963,-7934,1048576,879,0,31.435887,int-list-views-typed-sorted-direct-root,0,6,44.203547,892308,24.789719,1572,-57181.646484375,55.09375,5.801554,0,12.32912,0,144,0
house_robber,0,fragments,212.09920899999634,595.2115489999962,-7790,1048576,899,0,32.13287,int-list-views-typed-sorted-direct-root,0,7,46.093857,892508,24.947377,1588,-61622.8017578125,58.9853515625,6.386308999999997,0,13.524319,0,124,0
house_robber,0,fragments,212.09920899999634,641.9320199999962,-7790,1048576,888,0,32.909547,int-list-views-typed-sorted-direct-root,0,8,46.720471,892644,25.110097,1592,-55472.5029296875,58.048828125,6.970381000000005,0,13.363487,0,135,0
house_robber,0,fragments,212.09920899999634,689.2500179999962,-7790,1048576,896,0,32.001305,int-list-views-typed-sorted-direct-root,0,9,47.317998,892924,24.932806,1588,-53686.0693359375,60.478515625,6.260942000000002,0,14.853106,0,127,0
house_robber,0,fragments,212.09920899999634,738.6721399999963,-7790,1048576,909,0,33.533653,int-list-views-typed-sorted-direct-root,0,10,49.422122,893152,25.931263,1601,-44047.1396484375,63.5625,6.725305000000002,0,15.429537,0,114,0
house_robber,0,fragments,212.09920899999634,788.7683119999963,-7790,1048576,922,0,33.314532,int-list-views-typed-sorted-direct-root,0,11,50.096172,893456,25.462686,1599,-41203.81640625,67.064453125,7.031047000000001,0,16.264911,0,101,0
house_robber,0,fragments,212.09920899999634,838.8919479999963,-7570,1048576,908,0,33.799566,int-list-views-typed-sorted-direct-root,0,12,50.123636,893708,25.842872,1601,-36458.4453125,67.8037109375,7.061540999999999,0,15.800192,0,115,0
house_robber,0,fragments,212.09920899999634,892.2990709999963,-7570,1048576,917,0,34.811969,int-list-views-typed-sorted-direct-root,0,13,53.407123,893952,25.708468,1608,-36455.7822265625,68.587890625,8.191960999999996,0,17.97799,0,106,0
house_robber,0,fragments,212.09920899999634,944.2456179999963,-7376,1048576,910,0,34.047031,int-list-views-typed-sorted-direct-root,0,14,51.946547,894220,25.693158,1612,-35897.6298828125,71.03515625,7.524637999999997,0,17.337765,0,113,0
house_robber,0,fragments,212.09920899999634,996.8000679999963,-7376,1048576,915,0,34.427877,int-list-views-typed-sorted-direct-root,0,15,52.55445,894320,25.964474,1618,-32914.4560546875,72.8896484375,7.606915000000001,0,17.573236,0,108,0
house_robber,0,fragments,212.09920899999634,1051.1941249999963,-7376,1048576,940,0,34.574099,int-list-views-typed-sorted-direct-root,0,16,54.394057,894632,25.937899,1606,-33727.466796875,75.625,7.677699999999996,0,19.254995,0,83,0
house_robber,0,fragments,212.09920899999634,1105.9083319999963,-7376,1048576,938,0,34.519535,int-list-views-typed-sorted-direct-root,0,17,54.714207,894844,25.763919,1617,-36183.990234375,76.4189453125,7.835220999999997,0,19.515659,0,85,0
house_robber,0,fragments,212.09920899999634,1161.2426919999964,-7376,1048576,933,0,35.489588,int-list-views-typed-sorted-direct-root,0,18,55.33436,895080,26.807221,1623,-32687.814453125,77.2734375,7.758718999999997,0,19.252441,0,90,0
house_robber,0,fragments,212.09920899999634,1217.1264939999965,-7376,1048576,941,0,35.299051,int-list-views-typed-sorted-direct-root,0,19,55.883802,895240,26.543219,1614,-32668.0322265625,80.5234375,7.875588,0,19.927858,0,82,0
house_robber,0,fragments,212.09920899999634,1272.8206599999965,-7376,1048576,920,0,35.23059,int-list-views-typed-sorted-direct-root,0,20,55.694166,895424,26.292629,1644,-32231.0908203125,82.7763671875,8.066569000000001,0,19.856951,0,103,0
house_robber,0,fragments,212.09920899999634,1330.0863879999965,-7376,1048576,925,0,35.732645,int-list-views-typed-sorted-direct-root,0,21,57.265728,895936,26.320405,1617,-28705.693359375,86.822265625,8.536485999999996,0,20.875789,0,98,0
house_robber,0,fragments,212.09920899999634,1388.2224629999964,-7341,1048576,921,0,36.010269,int-list-views-typed-sorted-direct-root,0,22,58.136075,896336,26.835408,1603,-25706.8623046875,89.693359375,8.238569000000002,0,21.542014,0,102,0
house_robber,0,fragments,212.09920899999634,1446.1330969999965,-7341,1048576,925,0,36.49525,int-list-views-typed-sorted-direct-root,0,23,57.910634,896632,27.00793,1618,-26189.7001953125,89.7822265625,8.569060999999994,0,20.779325,0,98,0
house_robber,0,fragments,212.09920899999634,1504.6576039999966,-7083,1048576,927,0,35.478802,int-list-views-typed-sorted-direct-root,0,24,58.524507,897076,26.67185,1617,-28027.6103515625,92.833984375,7.886133,0,22.38277,0,96,0
house_robber,0,fragments,212.09920899999634,1564.3112969999966,-6451,1048576,935,0,36.5685,int-list-views-typed-sorted-direct-root,0,25,59.653693,897464,26.972017,1629,-29039.5185546875,94.169921875,8.716033000000003,0,22.459099,0,88,0
house_robber,0,fragments,212.09920899999634,1622.1132049999965,-6451,1048576,936,0,36.292231,int-list-views-typed-sorted-direct-root,0,26,57.801908,897716,26.746157,1636,-26494.0400390625,96.125,8.549493000000002,0,20.878515,0,87,0
house_robber,0,fragments,212.09920899999634,1682.9456319999965,-6451,1048576,940,0,36.158956,int-list-views-typed-sorted-direct-root,0,27,60.832427,898100,27.272952,1631,-29177.2587890625,100.1748046875,7.983267,0,24.091794,0,83,0
house_robber,0,fragments,212.09920899999634,1745.0289849999965,-6451,1048576,934,0,36.609323,int-list-views-typed-sorted-direct-root,0,28,62.083353,899452,26.831398,1628,-29733.4033203125,103.8466796875,8.864668000000002,0,24.724451,0,89,0
house_robber,0,fragments,212.09920899999634,1808.4454979999964,-6422,1048576,936,0,38.217141,int-list-views-typed-sorted-direct-root,0,29,63.416513,901212,27.713325,1634,-23169.1943359375,109.216796875,9.496009,0,24.541222,0,87,0
house_robber,0,fragments,212.09920899999634,1873.6848389999964,-6422,1048576,933,0,37.639734,int-list-views-typed-sorted-direct-root,0,30,65.239341,903564,27.855539,1624,-22822.9404296875,116.0791015625,8.789497999999995,0,26.944024,0,90,0
house_robber,0,fragments,212.09920899999634,1941.1363969999964,-6422,1048576,935,0,38.831753,int-list-views-typed-sorted-direct-root,0,31,67.451558,905424,28.225766,1620,-23428.5859375,121.26171875,9.678132999999999,0,27.971163,0,88,0
house_robber,0,fragments,212.09920899999634,2009.1516919999963,-6409,1048576,938,0,37.993546,int-list-views-typed-sorted-direct-root,0,32,68.015295,908784,27.855416,1642,-21485.3681640625,125.7626953125,9.215663000000003,0,29.297569,0,85,0
house_robber,0,fragments,212.09920899999634,2079.3584859999964,-6409,1048576,949,0,39.633445,int-list-views-typed-sorted-direct-root,0,33,70.206794,911396,28.74304,1645,-19059.080078125,130.6015625,9.826798000000005,0,29.845184,0,74,0
house_robber,0,fragments,212.09920899999634,2149.7903559999963,-6409,1048576,929,0,39.409362,int-list-views-typed-sorted-direct-root,0,34,70.43187,913752,28.169502,1648,-22089.2958984375,134.634765625,10.151188000000005,0,30.300015,0,94,0
house_robber,0,fragments,212.09920899999634,2222.7992719999966,-5839,1048576,947,0,40.039195,int-list-views-typed-sorted-direct-root,0,35,73.008916,918440,28.681135,1640,-17789.5029296875,142.7734375,10.235488,0,32.284946,0,76,0
house_robber,0,fragments,212.09920899999634,2299.3485839999967,-5839,1048576,954,0,41.657292,int-list-views-typed-sorted-direct-root,0,36,76.549312,923396,30.165401,1616,-15173.796875,153.8359375,10.384495,0,34.166713,0,69,0
house_robber,0,fragments,212.09920899999634,2376.4451249999966,-5651,1048576,934,0,42.084142,int-list-views-typed-sorted-direct-root,0,37,77.096541,927660,30.296949,1661,-14934.9453125,160.8017578125,10.656656000000002,0,34.336572,0,89,0
house_robber,0,fragments,212.09920899999634,2457.3535499999966,-5651,1048576,947,0,42.760205,int-list-views-typed-sorted-direct-root,0,38,80.908425,934096,30.764358,1639,-18877.9677734375,170.0224609375,10.822043,0,37.465629,0,76,0
house_robber,0,fragments,212.09920899999634,2555.3237919999965,-5651,1048576,954,0,57.061551,int-list-views-typed-sorted,0,39,97.970242,941044,44.834797,1631,-21192.3701171875,175.8251953125,11.066619999999999,0,40.184593,0,69,0
house_robber,0,fragments,212.09920899999634,2653.0255659999966,-5651,1048576,955,0,55.296564,int-list-views-typed-sorted,0,40,97.701774,945296,41.577491,1633,-15666.3466796875,178.1884765625,12.456247999999999,0,41.613303,0,68,0
house_robber,0,fragments,212.09920899999634,2751.140131999997,-5585,1048576,947,0,55.835083,int-list-views-typed-sorted,0,41,98.114566,949164,41.940321,1610,-19365.2998046875,178.2197265625,12.722864999999997,0,41.489848,0,76,0
house_robber,0,fragments,212.09920899999634,2849.073912999997,-5585,1048576,962,0,55.654793,int-list-views-typed-sorted,0,42,97.933781,952888,42.783871,1613,-23608.150390625,175.3173828125,11.731584999999999,0,41.456521,0,61,0
house_robber,0,fragments,212.09920899999634,2946.454546999997,-5585,1048576,942,0,55.658462,int-list-views-typed-sorted,0,43,97.380634,954200,42.9355,1628,-20697.939453125,172.8642578125,11.575620999999998,0,40.921717,0,81,0
house_robber,0,fragments,212.09920899999634,3043.595335999997,-5585,1048576,959,0,55.617072,int-list-views-typed-sorted,0,44,97.140789,955228,42.847039,1650,-20010.078125,173.3212890625,11.606548999999998,0,40.784537,0,64,0
house_robber,0,fragments,212.09920899999634,3141.764856999997,-5527,1048576,954,0,56.127226,int-list-views-typed-sorted,0,45,98.169521,956176,43.442555,1651,-20058.294921875,175.3974609375,11.550684999999998,0,41.282046,0,69,0
house_robber,0,fragments,212.09920899999634,3241.396105999997,-5414,1048576,952,0,56.686385,int-list-views-typed-sorted,0,46,99.631249,956976,44.210498,1645,-22820.0849609375,175.2822265625,11.340072,0,42.08427,0,71,0
house_robber,0,fragments,212.09920899999634,3332.3609289999968,-4066,1048576,937,0,48.392351,int-list-views-typed-sorted-direct-root,0,47,90.964823,957504,34.362759,1623,-20625.982421875,178.859375,12.830853999999995,0,41.760674,0,86,0
house_robber,0,fragments,212.09920899999634,3421.9610779999966,-4066,1048576,939,0,46.544147,int-list-views-typed-sorted-direct-root,0,48,89.600149,959744,33.692717,1633,-17715.955078125,179.67578125,11.70524,0,42.259133,0,84,0
house_robber,0,fragments,212.09920899999634,3515.4178499999966,-4002,1048576,948,0,49.787494,int-list-views-typed-sorted-direct-root,0,49,93.456772,961856,36.788225,1646,-18909.5244140625,180.525390625,11.847168000000003,0,42.905296,0,75,0
house_robber,0,fragments,212.09920899999634,3604.0629899999967,-4002,1048576,950,0,46.566052,int-list-views-typed-sorted-direct-root,0,50,88.64514,962888,33.752919,1620,-25794.439453125,177.9375,11.668423999999998,0,41.309493,0,73,0
house_robber,0,fragments,212.09920899999634,3694.191361999997,-3870,1048576,934,0,46.52976,int-list-views-typed-sorted-direct-root,0,51,90.128372,963720,33.768049,1651,-28477.783203125,182.2275390625,11.599525000000005,0,42.790661,0,89,0
house_robber,0,fragments,212.09920899999634,3797.477994999997,-3870,1048576,950,0,58.974051,int-list-views-typed-sorted,0,52,103.286633,964892,45.783284,1649,-24138.4306640625,182.529296875,11.974442000000007,0,43.530232,0,73,0
house_robber,0,fragments,212.09920899999634,3900.401291999997,-3870,1048576,953,0,57.905586,int-list-views-typed-sorted,0,53,102.923297,965584,44.923298,1643,-22518.0966796875,184.3056640625,11.839095999999996,0,44.204462,0,70,0
house_robber,0,fragments,212.09920899999634,4002.805967999997,-3870,1048576,943,0,57.791148,int-list-views-typed-sorted,0,54,102.404676,966548,44.676367,1638,-22509.7685546875,183.6318359375,11.95896,0,43.818275,0,80,0
house_robber,0,fragments,212.09920899999634,4108.2278739999965,-3607,1048576,946,0,59.034052,int-list-views-typed-sorted,0,55,105.421906,967440,46.128781,1625,-23581.0634765625,187.4951171875,11.760002000000004,0,45.594991,0,77,0
house_robber,0,fragments,212.09920899999634,4209.701608999996,-3607,1048576,941,0,58.59293,int-list-views-typed-sorted,0,56,101.473735,968368,44.522237,1638,-24066.8017578125,187.6083984375,12.721412999999998,0,42.08797,0,82,0
house_robber,0,fragments,212.09920899999634,4312.687178999996,-3607,1048576,948,0,57.055207,int-list-views-typed-sorted,0,57,102.98557,969172,44.875274,1606,-26341.6513671875,190.546875,11.024452,0,45.184663,0,75,0
house_robber,0,fragments,212.09920899999634,4419.639925999996,-3607,1048576,918,0,60.298077,int-list-views-typed-sorted,0,58,106.952747,969836,47.005191,1595,-23349.9091796875,192.34765625,11.960165000000003,0,45.612206,0,105,0
house_robber,0,fragments,212.09920899999634,4512.779141999996,-3311,1048576,933,0,48.054001,int-list-views-typed-sorted-direct-root,0,59,93.139216,970868,34.647982,1617,-17510.056640625,190.841796875,12.133160999999998,0,44.225303,0,90,0
house_robber,0,fragments,212.09920899999634,4608.683093999995,-3311,1048576,956,0,48.684021,int-list-views-typed-sorted-direct-root,0,60,95.903952,972408,35.432697,1626,-22539.876953125,189.611328125,11.986918,0,46.452954,0,67,0
house_robber,0,fragments,212.09920899999634,4702.510178999995,-3310,1048576,926,0,49.19203,int-list-views-typed-sorted-direct-root,0,61,93.827085,973156,35.14576,1629,-15733.1689453125,193.0224609375,12.838267000000002,0,43.550238,0,97,0
house_robber,0,fragments,212.09920899999634,4797.511909999996,-3293,1048576,948,0,48.447519,int-list-views-typed-sorted-direct-root,0,62,95.001731,974440,36.121479,1632,-17304.8095703125,190.0068359375,11.149256999999999,0,45.783618,0,75,0
house_robber,0,fragments,212.09920899999634,4895.566860999996,-3279,1048576,945,0,48.719629,int-list-views-typed-sorted-direct-root,0,63,98.054951,975472,36.276508,1610,-19299.595703125,198.0556640625,11.197721000000001,0,48.466654,0,78,0
house_robber,0,fragments,212.09920899999634,4992.5685879999955,-3279,1048576,946,0,49.255819,int-list-views-typed-sorted-direct-root,0,64,97.001727,976708,35.23316,1626,-19361.02734375,204.6357421875,12.63079,0,46.848938,0,77,0
house_robber,0,fragments,212.09920899999634,5091.101439999996,-3214,1048576,933,0,49.524931,int-list-views-typed-sorted-direct-root,0,65,98.532852,979340,36.033175,1634,-16460.8134765625,212.427734375,12.298843,0,48.257768,0,90,0
house_robber,0,fragments,212.09920899999634,5194.975399999996,-3185,1048576,943,0,50.963157,int-list-views-typed-sorted-direct-root,0,66,103.87396,983888,37.111554,1634,-14943.908203125,218.40625,12.585872000000005,0,52.146972,0,80,0
house_robber,0,fragments,212.09920899999634,5299.161103999996,-3173,1048576,937,0,51.905626,int-list-views-typed-sorted-direct-root,0,67,104.185704,988616,36.800474,1625,-19234.734375,218.37890625,13.667379,0,51.470436,0,86,0
house_robber,0,fragments,212.09920899999634,5402.018966999996,-3173,1048576,942,0,50.967938,int-list-views-typed-sorted-direct-root,0,68,102.857863,990628,36.689376,1636,-11073.634765625,212.498046875,12.952808999999995,0,51.137819,0,81,0
house_robber,0,fragments,212.09920899999634,5502.163684999996,-3173,1048576,940,0,50.770611,int-list-views-typed-sorted-direct-root,0,69,100.144718,993084,36.881987,1634,-13229.9873046875,206.1005859375,12.672186000000004,0,48.618966,0,83,0
house_robber,0,fragments,212.09920899999634,5603.398964999996,-3167,1048576,948,0,49.700834,int-list-views-typed-sorted-direct-root,0,70,101.23528,994792,36.732308,1646,-16274.6591796875,200.6591796875,11.763957999999999,0,50.761922,0,75,0
house_robber,0,fragments,212.09920899999634,5701.473676999995,-3162,1048576,936,0,50.009715,int-list-views-typed-sorted-direct-root,0,71,98.074712,995184,35.452982,1647,-14166.3798828125,191.9658203125,13.178964999999998,0,47.306249,0,87,0
house_robber,0,fragments,212.09920899999634,5806.580949999995,-3162,1048576,930,0,59.723796,int-list-views-typed-sorted,0,72,105.107273,995388,46.010341,1634,-12592.794921875,186.05078125,12.506479999999998,0,44.53246,0,93,0
house_robber,0,fragments,212.09920899999634,5900.934233999995,-3148,1048576,940,0,47.192036,int-list-views-typed-sorted-direct-root,0,73,94.353284,995476,34.904373,1628,-13343.916015625,185.666015625,11.098498000000003,0,46.399465,0,83,0
house_robber,0,fragments,212.09920899999634,5997.352497999995,-3148,1048576,933,0,49.480275,int-list-views-typed-sorted-direct-root,0,74,96.418264,995588,36.400374,1627,-12606.73828125,186.984375,11.800234,0,46.10543,0,90,0
house_robber,0,fragments,212.09920899999634,6095.803296999995,-3148,1048576,948,0,48.297047,int-list-views-typed-sorted-direct-root,0,75,98.450799,996632,35.825178,1616,-14004.4970703125,194.111328125,11.241130000000002,0,49.369683,0,75,0
house_robber,0,fragments,212.09920899999634,6197.293786999995,-3148,1048576,958,0,50.705586,int-list-views-typed-sorted-direct-root,0,76,101.49049,998140,37.263996,1624,-12903.169921875,205.3056640625,12.139009999999995,0,49.910729,0,65,0
house_robber,0,fragments,212.09920899999634,6300.728215999995,-3131,1048576,914,0,50.960045,int-list-views-typed-sorted-direct-root,0,77,103.434429,999908,37.054914,1604,-13654.3984375,212.060546875,12.526622,0,51.499643,0,109,0
house_robber,0,fragments,212.09920899999634,6404.6109519999945,-3131,1048576,942,0,52.191964,int-list-views-typed-sorted-direct-root,0,78,103.882736,1001556,38.853192,1626,-13327.0439453125,213.2548828125,12.094618,0,50.887095,0,81,0
house_robber,0,fragments,212.09920899999634,6510.425367999995,-3131,1048576,946,0,52.851323,int-list-views-typed-sorted-direct-root,0,79,105.814416,1002972,37.721033,1629,-12451.9990234375,216.8486328125,13.653621999999999,0,51.942991,0,77,0
house_robber,0,fragments,212.09920899999634,6617.068366999994,-3131,1048576,932,0,52.796814,int-list-views-typed-sorted-direct-root,0,80,106.642999,1004612,39.26448,1634,-12086.8955078125,220.646484375,12.229349000000001,0,52.96669,0,91,0
house_robber,0,fragments,212.09920899999634,6727.504879999994,-3131,1048576,951,0,55.821521,int-list-views-typed-sorted-direct-root,0,81,110.436513,1006776,41.793424,1654,-12804.6357421875,227.837890625,12.708596999999997,0,53.797703,0,72,0
house_robber,0,fragments,212.09920899999634,6843.658695999994,-3131,1048576,937,0,55.204707,int-list-views-typed-sorted-direct-root,0,82,116.153816,1012104,40.871201,1625,-11695.0673828125,235.318359375,13.018590999999999,0,60.152283,0,86,0
house_robber,0,fragments,212.09920899999634,6955.217226999994,-3131,1048576,953,0,54.822522,int-list-views-typed-sorted-direct-root,0,83,111.558531,1014852,39.907612,1644,-11848.9404296875,235.8544921875,13.594057000000003,0,55.949491,0,70,0
house_robber,0,fragments,212.09920899999634,7068.995354999994,-3131,1048576,941,0,55.98256,int-list-views-typed-sorted-direct-root,0,84,113.778128,1016892,41.907956,1638,-10526.2529296875,236.8701171875,12.760359000000003,0,56.945414,0,82,0
house_robber,0,fragments,212.09920899999634,7183.283810999994,-3131,1048576,934,0,54.882826,int-list-views-typed-sorted-direct-root,0,85,114.288456,1019988,40.026796,1618,-11054.0966796875,233.6328125,13.456655,0,58.54967,0,89,0
house_robber,0,fragments,212.09920899999634,7306.750021999994,-3131,1048576,925,0,68.689793,int-list-views-typed-sorted,0,86,123.466211,1021412,54.891378,1636,-12442.0859375,231.0537109375,12.41956299999999,0,53.989136,0,98,0
house_robber,0,fragments,212.09920899999634,7422.759333999994,-3131,1048576,948,0,53.444895,int-list-views-typed-sorted-direct-root,0,87,116.009312,1023516,39.350241,1642,-11637.9970703125,233.7705078125,12.740922000000001,0,61.666038,0,75,0
house_robber,0,fragments,212.09920899999634,7546.413090999994,-3131,1048576,931,0,64.051456,int-list-views-typed-sorted,0,88,123.653757,1025692,49.008109,1637,-15975.2109375,235.4794921875,13.695480000000005,0,58.679975,0,92,0
house_robber,0,fragments,212.09920899999634,7668.845564999994,-3131,1048576,938,0,65.679462,int-list-views-typed-sorted,0,89,122.432474,1027436,50.850596,1626,-13010.7158203125,241.2666015625,13.516758,0,55.959535,0,85,0
house_robber,0,fragments,212.09920899999634,7793.468994999994,-3131,1048576,957,0,63.658342,int-list-views-typed-sorted,0,90,124.62343,1030912,49.708566,1654,-13173.3291015625,250.7041015625,12.598581999999999,0,60.119501,0,66,0
house_robber,0,fragments,212.09920899999634,7921.315000999994,-3106,1048576,931,0,67.878755,int-list-views-typed-sorted,0,91,127.846006,1035224,50.238345,1654,-15426.1318359375,254.982421875,16.055627999999995,0,59.020549,0,92,0
house_robber,0,fragments,212.09920899999634,8053.542590999994,-3106,1048576,950,0,66.39847,int-list-views-typed-sorted,0,92,132.22759,1037732,50.523121,1677,-11175.0771484375,258.658203125,14.310225000000006,0,64.688511,0,73,0
house_robber,0,fragments,212.09920899999634,8182.301865999994,-3106,1048576,940,0,65.85873,int-list-views-typed-sorted,0,93,128.759275,1041796,49.725801,1645,-10697.5205078125,262.1904296875,14.673645999999993,0,62.022391,0,83,0
house_robber,0,fragments,212.09920899999634,8309.005645999994,-3106,1048576,952,0,65.022386,int-list-views-typed-sorted,0,94,126.70378,1043120,49.515926,1648,-11062.8408203125,267.5546875,14.029650999999998,0,60.866142,0,71,0
house_robber,0,fragments,212.09920899999634,8437.828494999994,-2253,1048576,938,0,65.586037,int-list-views-typed-sorted,0,95,128.822849,1044556,49.715562,1628,-11718.91015625,270.9169921875,14.350657000000005,0,62.404945,0,85,0
house_robber,0,fragments,212.09920899999634,8570.247721999995,-2253,1048576,961,0,67.21128,int-list-views-typed-sorted,0,96,132.419227,1047300,51.053081,1639,-11432.173828125,272.26953125,14.584025,0,64.323186,0,62,0
house_robber,0,fragments,212.09920899999634,8702.581586999995,-2253,1048576,935,0,67.429124,int-list-views-typed-sorted,0,97,132.333865,1051724,50.331919,1627,-14486.486328125,274.33203125,15.469688000000001,0,64.009527,0,88,0
house_robber,0,fragments,212.09920899999634,8833.708127999995,-2192,1048576,947,0,66.465679,int-list-views-typed-sorted,0,98,131.126541,1053884,50.160096,1641,-13742.212890625,280.0322265625,14.801401999999994,0,63.851098,0,76,0
house_robber,0,fragments,212.09920899999634,8965.296354999995,-2156,1048576,943,0,66.679213,int-list-views-typed-sorted,0,99,131.588227,1055824,51.237731,1643,-15823.90625,285.6982421875,13.973497000000007,0,64.085075,0,80,0
house_robber,0,fragments,212.09920899999634,9103.993087999996,-2156,1048576,959,0,68.895917,int-list-views-typed-sorted,0,100,138.696733,1061756,52.576706,1629,-12505.88671875,299.9404296875,14.807506,0,68.834037,0,64,0
house_robber,0,fragments,212.09920899999634,9244.228319999995,-2116,1048576,954,0,69.038142,int-list-views-typed-sorted,0,101,140.235232,1068196,51.937684,1620,-11426.0576171875,314.6796875,15.530400999999994,0,70.335257,0,69,0
house_robber,0,fragments,212.09920899999634,9390.584418999995,-2116,1048576,947,0,71.738363,int-list-views-typed-sorted,0,102,146.356099,1077632,54.84084,1622,-12132.6474609375,329.5615234375,15.322071000000003,0,73.76874,0,76,0
house_robber,0,fragments,212.09920899999634,9542.222540999996,-1760,1048576,953,0,72.453245,int-list-views-typed-sorted,0,103,151.638122,1088032,54.826814,1635,-12702.7099609375,345.9150390625,15.959375999999995,0,78.24684,0,70,0
house_robber,0,fragments,212.09920899999634,9696.304666999995,-1760,1048576,955,0,72.617994,int-list-views-typed-sorted,0,104,154.082126,1102896,54.258717,1646,-12219.2236328125,348.8740234375,16.665349999999997,0,80.5856,0,68,0
house_robber,0,fragments,212.09920899999634,9848.996467999996,-1760,1048576,946,0,72.444495,int-list-views-typed-sorted,0,105,152.691801,1112776,54.180716,1658,-12170.923828125,356.2314453125,16.644902000000002,0,79.348114,0,77,0
house_robber,0,fragments,212.09920899999634,10004.550436999996,-1743,1048576,952,0,71.283792,int-list-views-typed-sorted,0,106,155.553969,1120812,53.46825,1640,-13342.861328125,367.953125,16.12787,0,83.438544,0,71,0
house_robber,0,fragments,212.09920899999634,10165.920710999997,-1686,1048576,951,0,73.616035,int-list-views-typed-sorted,0,107,161.370274,1132152,54.799788,1659,-14691.7373046875,378.9580078125,17.102127000000003,0,86.905115,0,72,0
house_robber,0,fragments,212.09920899999634,10334.516711999997,-1537,1048576,953,0,78.183644,int-list-views-typed-sorted,0,108,168.596001,1142296,57.649273,1647,-14090.017578125,390.0693359375,18.740137999999995,0,89.547776,0,70,0
house_robber,0,fragments,212.09920899999634,10501.776339999997,-1435,1048576,954,0,77.427361,int-list-views-typed-sorted,0,109,167.259628,1150232,56.252184,1623,-8319.67578125,403.41796875,19.280176000000004,0,88.949131,0,69,0
house_robber,0,fragments,212.09920899999634,10671.513447999996,-1228,1048576,951,0,78.676153,int-list-views-typed-sorted,0,110,169.737108,1154648,58.409537,1631,-10495.0859375,412.9111328125,18.376316000000003,0,90.088862,0,72,0
house_robber,0,fragments,212.09920899999634,10847.117742999995,-1228,1048576,941,0,82.30195,int-list-views-typed-sorted,0,111,175.604295,1161856,62.039034,1630,-10394.2802734375,423.26171875,18.354964000000002,0,92.458337,0,82,0
house_robber,0,fragments,212.09920899999634,11026.891901999996,-1184,1048576,959,0,81.290937,int-list-views-typed-sorted,0,112,179.774159,1169404,61.401252,1633,-10958.591796875,435.7470703125,17.963492999999993,0,97.573622,0,64,0
house_robber,0,fragments,212.09920899999634,11212.084709999996,-1161,1048576,955,0,85.46077,int-list-views-typed-sorted,0,113,185.192808,1180816,64.119654,1633,-8763.1103515625,446.685546875,19.25160899999999,0,98.854953,0,68,0
house_robber,0,fragments,212.09920899999634,11398.995405999996,-1128,1048576,939,0,87.151078,int-list-views-typed-sorted,0,114,186.910696,1186540,65.958319,1641,-8719.34375,449.435546875,19.25660599999999,0,98.831202,0,84,0
house_robber,0,fragments,212.09920899999634,11586.414876999996,-401,1048576,951,0,87.203405,int-list-views-typed-sorted,0,115,187.419471,1191172,65.778959,1646,-8223.17578125,437.623046875,19.451127000000007,0,99.247507,0,72,0
house_robber,0,fragments,212.09920899999634,11772.946938999996,-401,1048576,943,0,85.817247,int-list-views-typed-sorted,0,116,186.532062,1195200,64.360433,1622,-6793.3505859375,418.1767578125,19.512625,0,99.82352,0,80,0
house_robber,0,fragments,212.09920899999634,11951.972073999996,-401,1048576,956,0,83.775741,int-list-views-typed-sorted,0,117,179.025135,1196196,63.166749,1654,-10280.3779296875,400.619140625,18.662155,0,94.304182,0,67,0
house_robber,0,fragments,212.09920899999634,12128.391185999995,-401,1048576,952,0,82.455553,int-list-views-typed-sorted,0,118,176.419112,1196900,62.797523,1650,-9313.1416015625,389.794921875,17.811692,0,93.093095,0,71,0
house_robber,0,fragments,212.09920899999634,12295.999696999996,-401,1048576,951,0,78.856436,int-list-views-typed-sorted,0,119,167.608511,1197140,59.362064,1656,-6188.974609375,363.154296875,17.680175000000006,0,87.848205,0,72,0
house_robber,0,fragments,212.09920899999634,12464.578276999995,-255,1048576,946,0,80.735267,int-list-views-typed-sorted,0,120,168.57858,1197452,62.053268,1631,-9469.794921875,349.9033203125,16.967418,0,87.000503,0,77,0
house_robber,0,fragments,212.09920899999634,12628.215635999995,-221,1048576,944,0,76.153616,int-list-views-typed-sorted,0,121,163.637359,1197564,57.746742,1627,-7948.6591796875,345.1962890625,16.618443000000006,0,86.451241,0,79,0
house_robber,0,fragments,212.09920899999634,12790.827575999996,-56,1048576,954,0,76.216958,int-list-views-typed-sorted,0,122,162.61194,1197640,57.88324,1666,-8366.4951171875,338.6845703125,16.607044000000005,0,85.367106,0,69,0
house_robber,0,fragments,212.09920899999634,12950.239705999997,-19,1048576,937,0,74.520174,int-list-views-typed-sorted,0,123,159.41213,1197752,54.836833,1631,-9594.125,350.9892578125,17.917087000000002,0,84.038702,0,86,0
house_robber,0,fragments,212.09920899999634,13114.436816999996,-1,1048576,950,0,75.084432,int-list-views-typed-sorted,0,124,164.197111,1199224,55.547741,1631,-7566.4248046875,362.5322265625,17.79800500000001,0,88.238557,0,73,0
house_robber,0,fragments,212.09920899999634,13282.481051999996,-1,1048576,945,0,75.996598,int-list-views-typed-sorted,0,125,168.044235,1199724,55.956641,1633,-7880.93359375,373.115234375,18.266071000000007,0,91.078518,0,78,0
house_robber,0,fragments,212.09920899999634,13450.396525999995,-1,1048576,942,0,78.417815,int-list-views-typed-sorted,0,126,167.915474,1199964,57.828477,1634,-8648.341796875,358.8935546875,18.71488100000001,0,88.561241,0,81,0
house_robber,0,fragments,212.09920899999634,13618.431470999994,-1,1048576,952,0,79.301908,int-list-views-typed-sorted,0,127,168.034945,1200012,59.455458,1626,-6116.8037109375,336.7001953125,18.10338099999999,0,87.837575,0,71,0
house_robber,0,fragments,212.09920899999634,13781.486171999994,-1,1048576,953,0,79.683253,int-list-views-typed-sorted,0,128,163.054701,1200068,59.967503,1647,-7605.208984375,317.189453125,18.02839699999999,0,82.299388,0,70,0
house_robber,0,fragments,212.09920899999634,13934.550295999994,-1,1048576,951,0,75.741145,int-list-views-typed-sorted,0,129,153.064124,1200080,57.056107,1644,-8352.791015625,291.451171875,17.124589,0,76.409902,0,72,0
house_robber,0,fragments,212.09920899999634,14078.421741999993,0,1048576,944,0,70.270822,int-list-views-typed-sorted,0,130,143.871446,1200088,54.153669,1637,-13557.751953125,273.521484375,14.603141999999995,0,72.605213,0,79,0
house_robber,0,fragments,212.09920899999634,14217.373683999993,0,1048576,940,0,67.822967,int-list-views-typed-sorted,0,131,138.951942,1200132,51.253167,1631,-12965.8203125,258.4453125,14.987796000000003,0,70.258853,0,83,0
house_robber,0,fragments,212.09920899999634,14350.143755999992,0,1048576,936,0,66.224553,int-list-views-typed-sorted,0,132,132.770072,1200148,50.262258,1622,-8449.0625,251.6806640625,14.564941,0,65.703156,0,87,0
house_robber,0,fragments,212.09920899999634,14483.330882999991,0,1048576,931,0,65.385497,int-list-views-typed-sorted,0,133,133.187127,1200160,50.276227,1627,-11903.984375,242.9267578125,13.622521000000003,0,66.941454,0,92,0
house_robber,0,fragments,212.09920899999634,14616.151036999992,0,1048576,930,0,67.413993,int-list-views-typed-sorted,0,134,132.820154,1200172,51.131158,1626,-11926.34375,237.044921875,14.849982000000008,0,64.414585,0,93,0
house_robber,0,fragments,212.09920899999634,14745.328348999992,0,1048576,929,0,64.578826,int-list-views-typed-sorted,0,135,129.177312,1200192,49.763385,1602,-10131.8017578125,233.7041015625,13.415537000000006,0,63.769081,0,94,0
house_robber,0,fragments,212.09920899999634,14872.891025999992,0,1048576,947,0,64.569754,int-list-views-typed-sorted,0,136,127.562677,1200228,49.83551,1611,-10006.8359375,225.453125,13.430366000000005,0,62.195467,0,76,0
house_robber,0,fragments,212.09920899999634,14997.433728999991,0,1048576,939,0,64.394921,int-list-views-typed-sorted,0,137,124.542703,1200236,50.096055,1626,-14967.5146484375,224.837890625,13.082692999999999,0,59.196647,0,84,0
house_robber,0,fragments,212.09920899999634,15134.824095999991,0,1048576,941,0,78.501216,int-list-views-typed-sorted,0,138,137.390367,1200248,63.981843,1646,-11593.68359375,221.9609375,13.275595000000001,0,58.040598,0,82,0
house_robber,0,fragments,212.09920899999634,15266.084811999992,0,1048576,951,0,70.149991,int-list-views-typed-sorted,0,139,131.260716,1200256,55.670373,1649,-11533.154296875,223.0595703125,13.275053000000005,0,60.274399,0,72,0
house_robber,0,fragments,212.09920899999634,15399.390526999992,0,1048576,921,0,72.403682,int-list-views-typed-sorted,0,140,133.305715,1200264,56.573272,1641,-16869.662109375,221.3828125,14.439926,0,60.011157,0,102,0
house_robber,0,fragments,212.09920899999634,15530.036331999992,0,1048576,935,0,69.560299,int-list-views-typed-sorted,0,141,130.645805,1200276,55.166806,1647,-14325.31640625,215.205078125,13.184604000000002,0,60.110667,0,88,0
house_robber,0,fragments,212.09920899999634,15663.313346999992,0,1048576,940,0,73.876599,int-list-views-typed-sorted,0,142,133.277015,1200276,58.681578,1651,-12684.896484375,205.1357421875,13.861359999999994,0,58.448129,0,83,0
house_robber,0,fragments,212.09920899999634,15788.777701999992,0,1048576,936,0,71.298673,int-list-views-typed-sorted,0,143,125.464355,1200276,57.313228,1625,-14094.1865234375,197.3115234375,12.777531999999988,0,53.33285,0,87,0
house_robber,0,fragments,212.09920899999634,15906.645807999992,0,1048576,934,0,64.706077,int-list-views-typed-sorted,0,144,117.868106,1200276,51.971034,1620,-11010.3974609375,188.8037109375,11.536562999999992,0,52.364642,0,89,0
house_robber,0,fragments,212.09920899999634,16020.350296999992,0,1048576,928,0,62.993694,int-list-views-typed-sorted,0,145,113.704489,1200276,49.596883,1645,-12778.69140625,180.919921875,12.133953000000002,0,49.8035,0,95,0
house_robber,0,fragments,212.09920899999634,16136.372268999992,0,1048576,916,0,63.359904,int-list-views-typed-sorted,0,146,116.021972,1200276,50.069423,1639,-8410.1708984375,170.943359375,12.044398,0,51.802203,0,107,0
house_robber,0,fragments,212.09920899999634,16235.844884999991,0,1048576,941,0,50.521162,int-list-views-typed-sorted-direct-root,0,147,99.472616,1200276,36.690179,1650,-8834.0615234375,162.501953125,12.548163999999993,0,48.169626,0,82,0
house_robber,0,fragments,212.09920899999634,16332.78051299999,0,1048576,940,0,47.660868,int-list-views-typed-sorted-direct-root,0,148,96.935628,1200276,35.30914,1630,-12301.818359375,157.1044921875,11.213396999999999,0,48.486539,0,83,0
house_robber,0,fragments,212.09920899999634,16429.74999399999,0,1048576,925,0,50.466362,int-list-views-typed-sorted-direct-root,0,149,96.969481,1200276,37.175019,1621,-9633.3916015625,153.3759765625,11.977297999999994,0,45.682151,0,98,0
house_robber,0,fragments,212.09920899999634,16522.59663099999,0,1048576,917,0,48.021381,int-list-views-typed-sorted-direct-root,0,150,92.846637,1200276,35.044238,1615,-13000.4482421875,149.076171875,11.702874999999997,0,44.069423,0,106,0
house_robber,0,fragments,212.09920899999634,16614.23383299999,0,1048576,939,0,47.694344,int-list-views-typed-sorted-direct-root,0,151,91.637202,1200276,35.354784,1634,-15171.5908203125,143.798828125,11.108357999999999,0,43.193359,0,84,0
house_robber,0,fragments,212.09920899999634,16703.19285799999,0,1048576,933,0,46.0786,int-list-views-typed-sorted-direct-root,0,152,88.959025,1200276,33.360061,1621,-16439.8466796875,142.4833984375,11.520876000000001,0,42.017354,0,90,0
house_robber,0,fragments,212.09920899999634,16789.56985399999,0,1048576,943,0,46.360931,int-list-views-typed-sorted-direct-root,0,153,86.376996,1200276,34.657491,1642,-15249.892578125,142.1474609375,10.524768000000002,0,39.28411,0,80,0
house_robber,0,fragments,212.09920899999634,16876.65540299999,0,1048576,930,0,45.754224,int-list-views-typed-sorted-direct-root,0,154,87.085549,1200276,34.743071,1639,-12402.58984375,140.6640625,9.900858999999999,0,40.546416,0,93,0
house_robber,0,fragments,212.09920899999634,16962.73878299999,0,1048576,948,0,45.6926,int-list-views-typed-sorted-direct-root,0,155,86.08338,1200276,33.960851,1654,-13760.9658203125,138.140625,10.548018,0,39.638467,0,75,0
house_robber,0,fragments,212.09920899999634,17046.855083999988,0,1048576,940,0,44.708228,int-list-views-typed-sorted-direct-root,0,156,84.116301,1200276,33.838244,1648,-17873.552734375,136.05859375,9.759258999999997,0,38.640875,0,83,0
house_robber,0,fragments,212.09920899999634,17130.28175699999,0,1048576,939,0,43.950941,int-list-views-typed-sorted-direct-root,0,157,83.426673,1200276,32.752179,1632,-13200.6943359375,136.3505859375,10.107254000000001,0,38.632729,0,84,0
house_robber,0,fragments,212.09920899999634,17213.48848699999,0,1048576,932,0,45.117506,int-list-views-typed-sorted-direct-root,0,158,83.20673,1200276,33.501823,1637,-15448.9453125,133.9404296875,10.523274,0,37.283466,0,91,0
house_robber,0,fragments,212.09920899999634,17295.38637699999,0,1048576,944,0,43.699063,int-list-views-typed-sorted-direct-root,0,159,81.89789,1200276,32.980194,1654,-11454.8564453125,133.4384765625,9.630950000000006,0,37.487054,0,79,0
house_robber,0,fragments,212.09920899999634,17377.50693599999,0,1048576,957,0,44.062741,int-list-views-typed-sorted-direct-root,0,160,82.120559,1200276,33.301346,1662,-16128.94140625,132.4990234375,9.664060000000006,0,37.327366,0,66,0
house_robber,0,fragments,212.09920899999634,17460.18898299999,0,1048576,927,0,44.814282,int-list-views-typed-sorted-direct-root,0,161,82.682047,1200276,33.745425,1658,-19646.4208984375,132.4697265625,9.873744,0,37.123478,0,96,0
house_robber,0,fragments,212.09920899999634,17544.036211999988,0,1048576,924,0,46.121945,int-list-views-typed-sorted-direct-root,0,162,83.847229,1200276,34.653655,1650,-20960.607421875,131.056640625,10.254577999999995,0,36.997606,0,99,0
house_robber,0,fragments,212.09920899999634,17624.66858799999,0,1048576,942,0,43.618233,int-list-views-typed-sorted-direct-root,0,163,80.632376,1200276,32.597994,1650,-18752.8388671875,130.8291015625,9.844938999999993,0,36.156544,0,81,0
house_robber,0,fragments,212.09920899999634,17704.77872699999,0,1048576,932,0,43.412767,int-list-views-typed-sorted-direct-root,0,164,80.110139,1200276,32.09449,1639,-12599.3271484375,130.388671875,10.156034000000005,0,35.972397,0,91,0
house_robber,0,fragments,212.09920899999634,17788.38828099999,0,1048576,953,0,43.583052,int-list-views-typed-sorted-direct-root,0,165,83.609554,1200276,32.325065,1668,-17282.61328125,129.8046875,10.111096,0,39.077888,0,70,0
house_robber,0,fragments,212.09920899999634,17876.221548999987,0,1048576,938,0,44.79033,int-list-views-typed-sorted-direct-root,0,166,87.833268,1200276,33.420257,1656,-16020.4013671875,129.60546875,10.227060999999997,0,42.183351,0,85,0
house_robber,0,fragments,212.09920899999634,17957.49060599999,0,1048576,932,0,43.70404,int-list-views-typed-sorted-direct-root,0,167,81.269057,1200276,32.8424,1643,-19755.775390625,130.255859375,9.744361999999995,0,36.774952,0,91,0
house_robber,0,fragments,212.09920899999634,18038.61965999999,0,1048576,929,0,43.430882,int-list-views-typed-sorted-direct-root,0,168,81.129054,1200276,33.072106,1646,-13749.1787109375,130.25,9.26777,0,36.983336,0,94,0
house_robber,0,fragments,212.09920899999634,18119.26146099999,0,1048576,946,0,43.135979,int-list-views-typed-sorted-direct-root,0,169,80.641801,1200276,32.539914,1647,-11709.029296875,131.0048828125,9.509146999999999,0,36.75239,0,77,0
house_robber,0,fragments,212.09920899999634,18201.056383999992,0,1048576,953,0,43.726416,int-list-views-typed-sorted-direct-root,0,170,81.794923,1200276,32.89447,1631,-19929.1015625,131.3330078125,9.665752999999999,0,37.336327,0,70,0
house_robber,0,fragments,212.09920899999634,18283.19668299999,0,1048576,950,0,43.26001,int-list-views-typed-sorted-direct-root,0,171,82.140299,1200276,32.449961,1627,-15381.1162109375,133.103515625,9.688514000000001,0,38.175147,0,73,0
house_robber,0,fragments,212.09920899999634,18365.36289299999,0,1048576,950,0,44.893992,int-list-views-typed-sorted-direct-root,0,172,82.16621,1200276,32.312018,1630,-16897.2841796875,131.248046875,11.406769999999998,0,36.502329,0,73,0
house_robber,0,fragments,212.09920899999634,18444.52878399999,0,1048576,949,0,42.79437,int-list-views-typed-sorted-direct-root,0,173,79.165891,1200276,32.108116,1619,-16508.4765625,130.203125,9.570905000000003,0,35.628362,0,74,0
house_robber,0,fragments,212.09920899999634,18523.734651999992,0,1048576,945,0,42.519901,int-list-views-typed-sorted-direct-root,0,174,79.205868,1200276,31.95117,1631,-16942.2275390625,127.404296875,9.482497999999994,0,35.982403,0,78,0
house_robber,0,fragments,212.09920899999634,18602.493810999993,0,1048576,947,0,42.419798,int-list-views-typed-sorted-direct-root,0,175,78.759159,1200276,31.858555,1641,-17725.08984375,126.2802734375,9.448383999999997,0,35.621445,0,76,0
house_robber,0,fragments,212.09920899999634,18680.082920999994,0,1048576,938,0,41.762319,int-list-views-typed-sorted-direct-root,0,176,77.58911,1200276,31.456517,1656,-15567.087890625,126.1767578125,9.264567999999997,0,35.125162,0,85,0
house_robber,0,fragments,212.09920899999634,18758.203535999994,0,1048576,935,0,41.722469,int-list-views-typed-sorted-direct-root,0,177,78.120615,1200276,31.293508,1659,-17747.7724609375,127.87890625,9.359813999999998,0,35.678857,0,88,0
house_robber,0,fragments,212.09920899999634,18839.563541999993,0,1048576,938,0,44.541388,int-list-views-typed-sorted-direct-root,0,178,81.360006,1200276,33.275338,1658,-14038.759765625,130.486328125,10.104753999999998,0,36.09601,0,85,0
house_robber,0,fragments,212.09920899999634,18920.65939499999,0,1048576,946,0,43.059428,int-list-views-typed-sorted-direct-root,0,179,81.095853,1200276,31.858829,1641,-18038.248046875,127.12890625,10.118523999999997,0,37.212999,0,77,0
house_robber,0,fragments,212.09920899999634,19000.22285699999,0,1048576,939,0,42.753885,int-list-views-typed-sorted-direct-root,0,180,79.563462,1200276,31.313932,1643,-17330.6142578125,126.9462890625,10.365271999999997,0,35.784476,0,84,0
house_robber,0,fragments,212.09920899999634,19079.59224699999,0,1048576,957,0,42.626304,int-list-views-typed-sorted-direct-root,0,181,79.36939,1200276,31.508413,1649,-16926.9130859375,126.236328125,10.068313999999996,0,35.980128,0,66,0
house_robber,0,fragments,212.09920899999634,19159.70286799999,0,1048576,939,0,42.543815,int-list-views-typed-sorted-direct-root,0,182,80.110621,1200276,32.216912,1652,-18343.2119140625,126.423828125,9.253525000000003,0,36.797616,0,84,0
house_robber,0,fragments,212.09920899999634,19242.06729299999,0,1048576,936,0,43.669488,int-list-views-typed-sorted-direct-root,0,183,82.364425,1200276,32.029293,1644,-11634.4541015625,126.2548828125,10.504248,0,37.981471,0,87,0
house_robber,0,fragments,212.09920899999634,19323.84765999999,0,1048576,939,0,44.51217,int-list-views-typed-sorted-direct-root,0,184,81.780367,1200276,32.819927,1663,-14591.8525390625,122.74609375,10.450569999999999,0,36.543579,0,84,0
house_robber,0,fragments,212.09920899999634,19404.47256299999,0,1048576,943,0,43.07371,int-list-views-typed-sorted-direct-root,0,185,80.624903,1200276,32.020615,1643,-17224.7880859375,118.91796875,10.118995999999997,0,36.809381,0,80,0
house_robber,0,fragments,212.09920899999634,19482.42313499999,0,1048576,952,0,42.579474,int-list-views-typed-sorted-direct-root,0,186,77.950572,1200276,31.993206,1668,-15874.6728515625,117.380859375,9.647779,0,34.679381,0,71,0
house_robber,0,fragments,212.09920899999634,19559.63021599999,0,1048576,927,0,41.208751,int-list-views-typed-sorted-direct-root,0,187,77.207081,1200276,30.52306,1625,-16544.5283203125,116.8642578125,9.749302000000002,0,35.311089,0,96,0
house_robber,0,fragments,212.09920899999634,19635.96147899999,0,1048576,946,0,41.13701,int-list-views-typed-sorted-direct-root,0,188,76.331263,1200276,30.90236,1618,-17367.9287109375,114.0458984375,9.295571999999996,0,34.502973,0,77,0
house_robber,0,fragments,212.09920899999634,19710.86165499999,0,1048576,938,0,40.683332,int-list-views-typed-sorted-direct-root,0,189,74.900176,1200276,30.95321,1622,-20263.0126953125,116.515625,8.829767000000004,0,33.511579,0,85,0
house_robber,0,fragments,212.09920899999634,19785.64642999999,0,1048576,947,0,40.642875,int-list-views-typed-sorted-direct-root,0,190,74.784775,1200276,30.776347,1624,-20000.7412109375,114.958984375,8.903020999999999,0,33.451752,0,76,0
house_robber,0,fragments,212.09920899999634,19860.77836999999,0,1048576,945,0,42.182919,int-list-views-typed-sorted-direct-root,0,191,75.13194,1200276,32.500579,1649,-16545.51953125,113.84765625,8.778067999999996,0,32.260208,0,78,0
house_robber,0,fragments,212.09920899999634,19935.96742199999,0,1048576,941,0,41.428486,int-list-views-typed-sorted-direct-root,0,192,75.189052,1200276,31.340052,1637,-15022.8544921875,113.4306640625,9.126527000000003,0,32.983336,0,82,0
house_robber,0,fragments,212.09920899999634,20012.632552999992,0,1048576,932,0,41.550274,int-list-views-typed-sorted-direct-root,0,193,76.665131,1200276,31.533047,1632,-14222.1259765625,111.9677734375,9.078432000000001,0,34.27756,0,91,0
house_robber,0,fragments,212.09920899999634,20088.80742099999,0,1048576,930,0,42.552946,int-list-views-typed-sorted-direct-root,0,194,76.174868,1200276,31.602159,1642,-18559.4716796875,111.3896484375,10.031827999999999,0,32.697527,0,93,0
house_robber,0,fragments,212.09920899999634,20162.98066799999,0,1048576,936,0,40.835277,int-list-views-typed-sorted-direct-root,0,195,74.173247,1200276,30.409435,1635,-14885.11328125,110.5439453125,9.518976000000002,0,32.529737,0,87,0
house_robber,0,fragments,212.09920899999634,20238.68984799999,0,1048576,953,0,42.298271,int-list-views-typed-sorted-direct-root,0,196,75.70918,1200276,31.951289,1647,-20660.791015625,111.3984375,9.401766999999996,0,32.734178,0,70,0
house_robber,0,fragments,212.09920899999634,20312.71471599999,0,1048576,941,0,40.814027,int-list-views-typed-sorted-direct-root,0,197,74.024868,1200276,30.755654,1642,-19556.623046875,111.0390625,9.154716000000004,0,32.541907,0,82,0
house_robber,0,fragments,212.09920899999634,20386.759370999993,0,1048576,941,0,40.366414,int-list-views-typed-sorted-direct-root,0,198,74.044655,1200276,30.290948,1639,-21350.0390625,112.7978515625,9.140479999999997,0,32.999546,0,82,0
house_robber,0,fragments,212.09920899999634,20473.46024699999,0,1048576,940,0,53.143364,int-list-views-typed-sorted,0,199,86.700876,1200276,42.332361,1648,-19082.6630859375,113.0419921875,9.765903999999995,0,32.857273,0,83,0
house_robber,0,fragments,212.09920899999634,20548.92767099999,0,1048576,944,0,42.400989,int-list-views-typed-sorted-direct-root,0,200,75.467424,1200276,31.37728,1638,-21521.3544921875,111.201171875,9.974358,0,32.229561,0,79,0
house_robber,0,fragments,212.09920899999634,20623.67053099999,0,1048576,939,0,41.057823,int-list-views-typed-sorted-direct-root,0,201,74.74286,1200276,30.632147,1639,-20269.5654296875,111.8681640625,9.507099000000002,0,32.884604,0,84,0
house_robber,0,fragments,212.09920899999634,20699.44966599999,0,1048576,933,0,41.949353,int-list-views-typed-sorted-direct-root,0,202,75.779135,1200276,31.16254,1633,-23285.2724609375,112.2080078125,9.889239000000003,0,33.14385,0,90,0
house_robber,0,fragments,212.09920899999634,20774.63904899999,0,1048576,928,0,41.680419,int-list-views-typed-sorted-direct-root,0,203,75.189383,1200276,30.640422,1628,-19635.9345703125,114.4560546875,10.068729000000005,0,32.826749,0,95,0
house_robber,0,fragments,212.09920899999634,20849.95989399999,0,1048576,933,0,42.022089,int-list-views-typed-sorted-direct-root,0,204,75.320845,1200276,31.526813,1630,-18087.578125,114.052734375,9.582541000000003,0,32.622496,0,90,0
house_robber,0,fragments,212.09920899999634,20925.00034699999,0,1048576,930,0,40.818492,int-list-views-typed-sorted-direct-root,0,205,75.040453,1200276,30.45942,1611,-21596.251953125,112.8681640625,9.435977000000001,0,33.537848,0,93,0
house_robber,0,fragments,212.09920899999634,20998.04965999999,0,1048576,945,0,40.712886,int-list-views-typed-sorted-direct-root,0,206,73.049313,1200276,30.374959,1614,-23730.1064453125,113.580078125,9.403482999999996,0,31.597693,0,78,0
house_robber,0,fragments,212.09920899999634,21071.64231799999,0,1048576,939,0,41.356988,int-list-views-typed-sorted-direct-root,0,207,73.592658,1200276,31.051554,1617,-22154.33203125,113.416015625,9.302074000000003,0,31.491623,0,84,0
house_robber,0,fragments,212.09920899999634,21144.33328599999,0,1048576,937,0,40.680171,int-list-views-typed-sorted-direct-root,0,208,72.690968,1200276,31.055256,1642,-19186.365234375,114.5810546875,8.720455000000001,0,31.271333,0,86,0
house_robber,0,fragments,212.09920899999634,21218.14879699999,0,1048576,944,0,41.083029,int-list-views-typed-sorted-direct-root,0,209,73.815511,1200276,30.914448,1641,-25768.4208984375,115.4736328125,9.18875,0,32.00062,0,79,0
house_robber,0,fragments,212.09920899999634,21293.124492999992,0,1048576,931,0,41.425818,int-list-views-typed-sorted-direct-root,0,210,74.975696,1200276,30.958427,1628,-17610.25390625,114.435546875,9.488037000000002,0,32.844045,0,92,0
house_robber,0,fragments,212.09920899999634,21366.961980999993,0,1048576,922,0,40.678956,int-list-views-typed-sorted-direct-root,0,211,73.837488,1200276,30.980302,1596,-20389.2470703125,114.1796875,8.794238,0,32.458411,0,101,0
house_robber,0,fragments,212.09920899999634,21438.645205999994,0,1048576,930,0,40.284187,int-list-views-typed-sorted-direct-root,0,212,71.683225,1200276,30.559664,1621,-17918.767578125,113.1220703125,8.822887000000001,0,30.714201,0,93,0
house_robber,0,fragments,212.09920899999634,21510.628894999994,0,1048576,940,0,39.97681,int-list-views-typed-sorted-direct-root,0,213,71.983689,1200276,30.323488,1627,-21410.8017578125,112.779296875,8.756041000000002,0,31.29458,0,83,0
house_robber,0,fragments,212.09920899999634,21584.445256999996,0,1048576,935,0,41.981411,int-list-views-typed-sorted-direct-root,0,214,73.816362,1200276,32.268176,1631,-19942.5068359375,112.78515625,8.766261,0,31.121977,0,88,0
house_robber,0,fragments,212.09920899999634,21657.091478999995,0,1048576,936,0,40.535176,int-list-views-typed-sorted-direct-root,0,215,72.646222,1200276,30.936865,1661,-19788.1630859375,114.1328125,8.694847,0,31.429822,0,87,0
house_robber,0,fragments,212.09920899999634,21732.487201999997,0,1048576,930,0,40.913473,int-list-views-typed-sorted-direct-root,0,216,75.395723,1200276,30.517227,1639,-16837.1884765625,114.123046875,9.346366000000002,0,33.789023,0,93,0
house_robber,0,fragments,212.09920899999634,21808.348796,0,1048576,940,0,41.770715,int-list-views-typed-sorted-direct-root,0,217,75.861594,1200276,30.491645,1641,-20896.5224609375,114.6083984375,10.377019,0,33.193696,0,83,0
house_robber,0,fragments,212.09920899999634,21883.688992,0,1048576,940,0,42.38022,int-list-views-typed-sorted-direct-root,0,218,75.340196,1200276,31.689328,1637,-18490.7998046875,116.099609375,9.778121000000002,0,32.259139,0,83,0
house_robber,0,fragments,212.09920899999634,21956.710198,0,1048576,936,0,40.755193,int-list-views-typed-sorted-direct-root,0,219,73.021206,1200276,30.883584,1629,-22050.7197265625,115.3349609375,8.964087999999999,0,31.575124,0,87,0
house_robber,0,fragments,212.09920899999634,22029.805526,0,1048576,933,0,40.970682,int-list-views-typed-sorted-direct-root,0,220,73.095328,1200276,30.880481,1658,-20396.66796875,114.3759765625,9.169922999999995,0,31.330708,0,90,0
house_robber,0,fragments,212.09920899999634,22103.022806,0,1048576,941,0,41.011216,int-list-views-typed-sorted-direct-root,0,221,73.21728,1200276,30.725766,1655,-21761.150390625,115.3408203125,9.346882,0,31.418937,0,82,0
house_robber,0,fragments,212.09920899999634,22177.829366,0,1048576,942,0,41.175877,int-list-views-typed-sorted-direct-root,0,222,74.80656,1200276,31.018346,1642,-21177.0244140625,114.830078125,9.196207999999999,0,32.815131,0,81,0
house_robber,0,fragments,212.09920899999634,22252.217476,0,1048576,942,0,41.115889,int-list-views-typed-sorted-direct-root,0,223,74.38811,1200276,30.77405,1637,-21639.265625,114.4990234375,9.414881999999999,0,32.560634,0,81,0
house_robber,0,fragments,212.09920899999634,22328.365913,0,1048576,928,0,42.59201,int-list-views-typed-sorted-direct-root,0,224,76.148437,1200276,31.934314,1634,-19811.1669921875,114.6376953125,9.736235000000004,0,32.789716,0,95,0
house_robber,0,fragments,212.09920899999634,22401.267992,0,1048576,939,0,40.982954,int-list-views-typed-sorted-direct-root,0,225,72.902079,1200276,30.994491,1645,-25593.7197265625,112.73828125,9.050820999999997,0,31.237476,0,84,0
house_robber,0,fragments,212.09920899999634,22475.491188,0,1048576,940,0,41.749016,int-list-views-typed-sorted-direct-root,0,226,74.223196,1200276,32.057871,1638,-22161.025390625,112.771484375,8.794367,0,31.787256,0,83,0
house_robber,0,fragments,212.09920899999634,22549.183408,0,1048576,921,0,41.640092,int-list-views-typed-sorted-direct-root,0,227,73.69222,1200276,31.380996,1636,-24542.390625,113.5419921875,9.363485000000004,0,31.348131,0,102,0
house_robber,0,fragments,212.09920899999634,22622.772632,0,1048576,933,0,41.869656,int-list-views-typed-sorted-direct-root,0,228,73.589224,1200276,31.682743,1629,-24562.0478515625,112.654296875,9.245178999999997,0,30.954959,0,90,0
house_robber,0,fragments,212.09920899999634,22698.354493,0,1048576,941,0,43.719591,int-list-views-typed-sorted-direct-root,0,229,75.581861,1200276,33.31497,1629,-19935.5849609375,111.12890625,9.502494000000004,0,31.189915,0,82,0
house_robber,0,fragments,212.09920899999634,22769.506649,0,1048576,929,0,39.681269,int-list-views-typed-sorted-direct-root,0,230,71.152156,1200276,30.03763,1607,-20450.96484375,110.3271484375,8.752299999999998,0,30.795893,0,94,0
house_robber,0,fragments,212.09920899999634,22840.585439,0,1048576,934,0,40.031903,int-list-views-typed-sorted-direct-root,0,231,71.07879,1200276,29.89619,1622,-23073.451171875,108.3154296875,9.204403999999998,0,30.333048,0,89,0
house_robber,0,fragments,212.09920899999634,22911.141826,0,1048576,916,0,39.911435,int-list-views-typed-sorted-direct-root,0,232,70.556387,1200276,30.460079,1630,-20052.2802734375,109.9658203125,8.564879000000001,0,29.938652,0,107,0
house_robber,0,fragments,212.09920899999634,22982.380691,0,1048576,925,0,39.66727,int-list-views-typed-sorted-direct-root,0,233,71.238865,1200276,30.154538,1626,-17851.919921875,109.693359375,8.614647,0,30.915991,0,98,0
house_robber,0,fragments,212.09920899999634,23055.90439,0,1048576,933,0,40.75883,int-list-views-typed-sorted-direct-root,0,234,73.523699,1200276,30.378362,1629,-24234.5859375,109.78515625,9.399815000000002,0,31.948673,0,90,0
house_robber,0,fragments,212.09920899999634,23129.461866999998,0,1048576,937,0,41.249043,int-list-views-typed-sorted-direct-root,0,235,73.557477,1200276,30.576779,1642,-18275.4951171875,108.8349609375,9.721768,0,31.623635,0,86,0
house_robber,0,fragments,212.09920899999634,23202.511678,0,1048576,942,0,41.470337,int-list-views-typed-sorted-direct-root,0,236,73.049811,1200276,30.610643,1635,-19641.451171875,108.9052734375,9.954700000000004,0,30.902733,0,81,0
house_robber,0,fragments,212.09920899999634,23273.753087999998,0,1048576,921,0,40.401405,int-list-views-typed-sorted-direct-root,0,237,71.24141,1200276,30.300187,1636,-19888.8505859375,108.9521484375,9.194331999999996,0,30.104023,0,102,0
house_robber,0,fragments,212.09920899999634,23347.071567,0,1048576,929,0,40.288204,int-list-views-typed-sorted-direct-root,0,238,73.318479,1200276,30.285665,1610,-21186.4736328125,108.9775390625,9.116729000000001,0,32.350955,0,94,0
house_robber,0,fragments,212.09920899999634,23419.443984999998,0,1048576,930,0,40.375982,int-list-views-typed-sorted-direct-root,0,239,72.372418,1200276,30.160849,1600,-18883.71484375,106.75390625,9.316918000000003,0,31.311861,0,93,0
house_robber,0,fragments,212.09920899999634,23491.214727,0,1048576,930,0,40.466361,int-list-views-typed-sorted-direct-root,0,240,71.770742,1200276,30.447209,1619,-19140.5859375,104.638671875,9.097850999999999,0,30.583995,0,93,0
house_robber,0,fragments,212.09920899999634,23562.766598,0,1048576,940,0,40.554875,int-list-views-typed-sorted-direct-root,0,241,71.551871,1200276,30.361386,1634,-25925.8095703125,106.1328125,9.312440000000004,0,30.29044,0,83,0
house_robber,0,fragments,212.09920899999634,23632.428154999998,0,1048576,942,0,39.956538,int-list-views-typed-sorted-direct-root,0,242,69.661557,1200276,29.970431,1620,-20143.0966796875,105.427734375,9.099418000000002,0,29.032852,0,81,0
house_robber,0,fragments,212.09920899999634,23702.914942,0,1048576,931,0,39.887629,int-list-views-typed-sorted-direct-root,0,243,70.486787,1200276,30.392833,1613,-14502.8427734375,105.37109375,8.597710999999997,0,29.896046,0,92,0
house_robber,0,fragments,212.09920899999634,23773.735319,0,1048576,934,0,39.623743,int-list-views-typed-sorted-direct-root,0,244,70.820377,1200276,29.515834,1632,-15120.9072265625,104.4765625,9.171897999999999,0,30.44145,0,89,0
house_robber,0,fragments,212.09920899999634,23846.158585,0,1048576,925,0,41.187141,int-list-views-typed-sorted-direct-root,0,245,72.423266,1200276,30.230464,1640,-20399.1962890625,104.9814453125,10.074300999999995,0,30.335074,0,98,0
house_robber,0,fragments,212.09920899999634,23917.542622,0,1048576,926,0,41.305104,int-list-views-typed-sorted-direct-root,0,246,71.384037,1200276,30.737484,1637,-19994.369140625,105.0400390625,9.596821000000002,0,29.315695,0,97,0
house_robber,0,fragments,212.09920899999634,23989.746735,0,1048576,918,0,40.296114,int-list-views-typed-sorted-direct-root,0,247,72.204113,1200276,30.056036,1630,-15499.5361328125,106.12109375,9.243802000000004,0,31.116308,0,105,0
house_robber,0,fragments,212.09920899999634,24062.552330000002,0,1048576,930,0,41.04478,int-list-views-typed-sorted-direct-root,0,248,72.805595,1200276,30.145136,1633,-24335.29296875,107.68359375,9.966769000000001,0,30.981072,0,93,0
house_robber,0,fragments,212.09920899999634,24134.657793000002,0,1048576,939,0,41.841148,int-list-views-typed-sorted-direct-root,0,249,72.105463,1200276,30.291995,1624,-23431.4541015625,106.58203125,10.617785999999994,0,29.594457,0,84,0
house_robber,0,fragments,212.09920899999634,24204.649116,0,1048576,930,0,39.420484,int-list-views-typed-sorted-direct-root,0,250,69.991323,1200276,29.938201,1608,-19399.505859375,107.4755859375,8.584388999999998,0,29.875629,0,93,0
house_robber,0,fragments,212.09920899999634,24285.132845,0,1048576,931,0,50.266866,int-list-views-typed-sorted,0,251,80.483729,1200276,40.906324,1627,-19132.982421875,107.2490234375,8.475830999999998,0,29.538502,0,92,0
house_robber,0,fragments,212.09920899999634,24356.622212,0,1048576,918,0,40.179327,int-list-views-typed-sorted-direct-root,0,252,71.489367,1200276,30.061308,1619,-12779.5771484375,106.384765625,9.199549,0,30.635047,0,105,0
house_robber,0,fragments,212.09920899999634,24426.529521999997,0,1048576,916,0,39.488115,int-list-views-typed-sorted-direct-root,0,253,69.90731,1200276,29.58005,1633,-22385.6796875,105.7099609375,9.029388999999998,0,29.644424,0,107,0
house_robber,0,fragments,212.09920899999634,24498.872901,0,1048576,926,0,40.189437,int-list-views-typed-sorted-direct-root,0,254,72.343379,1200276,30.203426,1629,-20489.642578125,107.5498046875,9.007703999999995,0,31.462064,0,97,0
house_robber,0,fragments,212.09920899999634,24570.251252,0,1048576,935,0,40.758584,int-list-views-typed-sorted-direct-root,0,255,71.378351,1200276,30.244487,1648,-20098.55859375,108.408203125,9.476468999999998,0,29.901989,0,88,0
house_robber,1,fragments,211.14495899999747,279.18945099999746,-8503,1048576,884,0,42.620874,int-list-views-typed-sorted-direct-root,0,0,68.044492,891720,32.955038,1717,-117310.05859375,78.5791015625,8.529041000000003,0,24.678224,0,139,0
house_robber,1,fragments,211.14495899999747,331.8222119999975,-8503,1048576,810,0,38.449256,int-list-views-typed-sorted-direct-root,0,1,52.632761,892024,30.569798,1591,-74529.0615234375,49.28125,7.026878999999997,0,13.652121,0,213,0
house_robber,1,fragments,211.14495899999747,377.6590969999975,-8503,1048576,771,0,35.703196,int-list-views-typed-sorted-direct-root,0,2,45.836885,892080,29.053922,1494,-62494.5263671875,38.9072265625,5.886495999999999,0,9.678124,0,252,0
house_robber,1,fragments,211.14495899999747,419.6815879999975,-8503,1048576,768,0,31.749488,int-list-views-typed-sorted-direct-root,0,3,42.022491,892180,25.566418,1479,-61965.59765625,44.3310546875,5.466353000000001,0,9.865083,0,255,0
house_robber,1,fragments,211.14495899999747,464.1261989999975,-8501,1048576,809,0,33.024718,int-list-views-typed-sorted-direct-root,0,4,44.444611,892248,26.103263,1463,-56734.169921875,48.25,6.1564239999999995,0,11.014543,0,214,0
house_robber,1,fragments,211.14495899999747,508.0310089999975,-7606,1048576,801,0,31.816391,int-list-views-typed-sorted-direct-root,0,5,43.90481,892292,24.900089,1520,-51659.150390625,53.0166015625,6.168915,0,11.660276,0,222,0
house_robber,1,fragments,211.14495899999747,555.1491489999975,-7574,1048576,865,0,32.805162,int-list-views-typed-sorted-direct-root,0,6,47.11814,892440,25.253742,1523,-52206.302734375,60.873046875,6.732423000000003,0,13.845682,0,158,0
house_robber,1,fragments,211.14495899999747,606.1305899999975,-7468,1048576,906,0,34.057749,int-list-views-typed-sorted-direct-root,0,7,50.981441,892804,26.228701,1573,-51113.1748046875,62.998046875,7.001656000000002,0,16.449538,0,117,0
house_robber,1,fragments,211.14495899999747,657.7778159999975,-7468,1048576,890,0,33.853038,int-list-views-typed-sorted-direct-root,0,8,51.647226,893124,25.859926,1574,-47510.66796875,67.1162109375,7.163330999999996,0,17.313655,0,133,0
house_robber,1,fragments,211.14495899999747,712.0525249999976,-7468,1048576,887,0,35.943627,int-list-views-typed-sorted-direct-root,0,9,54.274709,893348,27.820632,1587,-48058.943359375,71.951171875,7.28382,0,17.847665,0,136,0
house_robber,1,fragments,211.14495899999747,767.9688799999975,-7468,1048576,918,0,35.597275,int-list-views-typed-sorted-direct-root,0,10,55.916355,893736,27.224718,1599,-34607.00390625,76.2236328125,7.5289470000000005,0,19.816693,0,105,0
house_robber,1,fragments,211.14495899999747,824.0039959999975,-7361,1048576,899,0,35.625947,int-list-views-typed-sorted-direct-root,0,11,56.035116,893988,27.045482,1582,-41346.3984375,76.994140625,7.739634,0,19.905628,0,124,0
house_robber,1,fragments,211.14495899999747,880.7873749999975,-7361,1048576,903,0,35.302195,int-list-views-typed-sorted-direct-root,0,12,56.783379,894192,26.761712,1596,-32454.51171875,77.6875,7.667507999999998,0,20.955498,0,120,0
house_robber,1,fragments,211.14495899999747,937.6602529999975,-7361,1048576,912,0,36.050533,int-list-views-typed-sorted-direct-root,0,13,56.872878,894400,27.215825,1606,-38656.140625,81.048828125,7.9999519999999995,0,20.292744,0,111,0
house_robber,1,fragments,211.14495899999747,995.9061069999975,-7361,1048576,910,0,36.487184,int-list-views-typed-sorted-direct-root,0,14,58.245854,894548,27.784777,1615,-36784.7041015625,84.7080078125,7.839896999999997,0,21.191505,0,113,0
house_robber,1,fragments,211.14495899999747,1056.0079799999976,-7275,1048576,906,0,36.077147,int-list-views-typed-sorted-direct-root,0,15,60.101873,894660,27.320918,1607,-35107.8642578125,87.189453125,7.886193999999998,0,23.474469,0,117,0
house_robber,1,fragments,211.14495899999747,1117.0446549999976,-7275,1048576,917,0,36.704062,int-list-views-typed-sorted-direct-root,0,16,61.036675,894904,27.536877,1624,-37227.7900390625,91.1357421875,8.300831999999996,0,23.771558,0,106,0
house_robber,1,fragments,211.14495899999747,1178.7413649999976,-7275,1048576,935,0,36.053911,int-list-views-typed-sorted-direct-root,0,17,61.69671,895524,26.649521,1619,-32021.7041015625,93.2314453125,8.541023999999998,0,25.086044,0,88,0
house_robber,1,fragments,211.14495899999747,1240.7371429999976,-7271,1048576,912,0,37.143935,int-list-views-typed-sorted-direct-root,0,18,61.995778,895804,27.48518,1605,-33549.453125,93.3720703125,8.768749,0,24.265272,0,111,0
house_robber,1,fragments,211.14495899999747,1302.1691609999975,-7271,1048576,922,0,35.683315,int-list-views-typed-sorted-direct-root,0,19,61.432018,896012,26.546219,1599,-35211.3173828125,94.2685546875,8.271660999999998,0,25.176641,0,101,0
house_robber,1,fragments,211.14495899999747,1364.1857349999975,-7271,1048576,906,0,36.291263,int-list-views-typed-sorted-direct-root,0,20,62.016574,896200,26.816977,1623,-34022.58984375,95.3935546875,8.599994999999998,0,25.142669,0,117,0
house_robber,1,fragments,211.14495899999747,1427.2122299999976,-7271,1048576,932,0,36.355613,int-list-views-typed-sorted-direct-root,0,21,63.026495,896592,26.798502,1608,-29199.759765625,99.4697265625,8.685592999999997,0,26.093329,0,91,0
house_robber,1,fragments,211.14495899999747,1491.6010979999976,-7271,1048576,927,0,37.268163,int-list-views-typed-sorted-direct-root,0,22,64.388868,897236,27.44088,1620,-35857.3046875,102.9775390625,8.942606999999999,0,26.534388,0,96,0
house_robber,1,fragments,211.14495899999747,1555.9197989999975,-7271,1048576,942,0,36.998301,int-list-views-typed-sorted-direct-root,0,23,64.318701,897392,27.174403,1635,-26529.58984375,105.962890625,8.931173000000001,0,26.730654,0,81,0
house_robber,1,fragments,211.14495899999747,1621.0965389999974,-7247,1048576,936,0,37.190986,int-list-views-typed-sorted-direct-root,0,24,65.17674,897828,27.219797,1643,-28484.25,110.8408203125,9.066146000000003,0,27.403367,0,87,0
house_robber,1,fragments,211.14495899999747,1694.4039029999974,-7247,1048576,938,0,38.441812,int-list-views-typed-sorted-direct-root,0,25,73.307364,898948,27.979718,1622,-27831.4111328125,114.5595703125,9.511283,0,34.164165,0,85,0
house_robber,1,fragments,211.14495899999747,1780.1242309999975,-7232,1048576,947,0,51.455245,int-list-views-typed-sorted-direct-root,0,26,85.720328,900416,27.89051,1612,-24249.12109375,119.7802734375,22.235861,0,32.979958,0,76,0
house_robber,1,fragments,211.14495899999747,1847.8275059999976,-7210,1048576,935,0,39.02021,int-list-views-typed-sorted-direct-root,0,27,67.703275,903016,28.025873,1612,-23683.4599609375,125.9541015625,10.056309,0,28.016815,0,88,0
house_robber,1,fragments,211.14495899999747,1915.2259759999977,-7210,1048576,933,0,38.34802,int-list-views-typed-sorted-direct-root,0,28,67.39847,907436,28.319269,1618,-22579.4970703125,132.5732421875,8.996248,0,28.362563,0,90,0
house_robber,1,fragments,211.14495899999747,1984.3164629999976,-7210,1048576,949,0,39.665737,int-list-views-typed-sorted-direct-root,0,29,69.090487,912096,28.627102,1645,-25051.556640625,138.4052734375,9.936368999999997,0,28.74941,0,74,0
house_robber,1,fragments,211.14495899999747,2055.6098889999976,-7210,1048576,930,0,39.445227,int-list-views-typed-sorted-direct-root,0,30,71.293426,915104,28.830759,1643,-21689.384765625,142.8310546875,9.522404000000005,0,31.175897,0,93,0
house_robber,1,fragments,211.14495899999747,2130.0676659999976,-7101,1048576,932,0,41.097622,int-list-views-typed-sorted-direct-root,0,31,74.457777,919596,29.734693,1633,-23524.2900390625,145.3212890625,10.223408000000004,0,32.707714,0,91,0
house_robber,1,fragments,211.14495899999747,2205.384327999998,-6973,1048576,941,0,40.723037,int-list-views-typed-sorted-direct-root,0,32,75.316662,922488,29.239116,1636,-19362.3330078125,148.0361328125,10.383429999999999,0,33.925558,0,82,0
house_robber,1,fragments,211.14495899999747,2282.1278609999977,-6378,1048576,936,0,41.702666,int-list-views-typed-sorted-direct-root,0,33,76.743533,925204,29.713986,1622,-19281.201171875,151.0341796875,10.889769999999999,0,34.390237,0,87,0
house_robber,1,fragments,211.14495899999747,2360.0579119999975,-6378,1048576,934,0,42.361819,int-list-views-typed-sorted-direct-root,0,34,77.930051,927460,30.633313,1632,-17435.0966796875,150.73828125,10.604941999999998,0,34.856613,0,89,0
house_robber,1,fragments,211.14495899999747,2437.6242329999973,-6378,1048576,945,0,41.764489,int-list-views-typed-sorted-direct-root,0,35,77.566321,930168,30.053041,1638,-19215.1669921875,151.2919921875,10.476141999999998,0,35.136071,0,78,0
house_robber,1,fragments,211.14495899999747,2528.4331629999974,-6378,1048576,951,0,55.460179,int-list-views-typed-sorted,0,36,90.80893,932000,43.781495,1640,-19681.6005859375,151.693359375,10.566342999999993,0,34.653936,0,72,0
house_robber,1,fragments,211.14495899999747,2617.2145969999974,-6378,1048576,939,0,53.136078,int-list-views-typed-sorted,0,37,88.781434,934784,41.240033,1644,-19901.916015625,153.2197265625,10.747182999999996,0,34.983399,0,84,0
house_robber,1,fragments,211.14495899999747,2707.5824049999974,-6374,1048576,956,0,52.699055,int-list-views-typed-sorted,0,38,90.367808,939068,41.011656,1637,-24680.7421875,156.671875,10.583668,0,36.891867,0,67,0
house_robber,1,fragments,211.14495899999747,2798.6713859999973,-6072,1048576,952,0,53.516393,int-list-views-typed-sorted,0,39,91.088981,940792,42.022108,1646,-21778.81640625,162.095703125,10.364443000000005,0,36.909394,0,71,0
house_robber,1,fragments,211.14495899999747,2890.117542999997,-6072,1048576,939,0,54.372114,int-list-views-typed-sorted,0,40,91.446157,943440,42.465935,1672,-19451.0830078125,164.2744140625,10.771310000000003,0,36.402598,0,84,0
house_robber,1,fragments,211.14495899999747,2984.924325999997,-6072,1048576,942,0,54.307238,int-list-views-typed-sorted,0,41,94.806783,946992,42.71904,1620,-20308.734375,170.8828125,10.34265,0,39.833461,0,81,0
house_robber,1,fragments,211.14495899999747,3080.6235559999973,-6072,1048576,958,0,55.649738,int-list-views-typed-sorted,0,42,95.69923,951060,43.627289,1634,-19880.0244140625,181.296875,10.900779,0,39.367599,0,65,0
house_robber,1,fragments,211.14495899999747,3179.9737499999974,-6072,1048576,941,0,58.156972,int-list-views-typed-sorted,0,43,99.350194,954652,45.857669,1620,-14813.3466796875,188.7431640625,11.180880000000005,0,40.509301,0,82,0
house_robber,1,fragments,211.14495899999747,3280.7611759999972,-6072,1048576,945,0,59.531054,int-list-views-typed-sorted,0,44,100.787426,959204,47.256536,1614,-17332.1611328125,195.3515625,11.095669000000001,0,40.502372,0,78,0
house_robber,1,fragments,211.14495899999747,3382.4573149999974,-6045,1048576,950,0,56.751577,int-list-views-typed-sorted,0,45,101.696139,965612,44.600607,1650,-14555.828125,201.287109375,11.008330999999995,0,44.238346,0,73,0
house_robber,1,fragments,211.14495899999747,3489.567833999997,-6045,1048576,955,0,59.552645,int-list-views-typed-sorted,0,46,107.110519,972264,46.77732,1637,-17262.01953125,202.8251953125,11.560178999999996,0,46.768008,0,68,0
house_robber,1,fragments,211.14495899999747,3595.815337999997,-5945,1048576,932,0,59.940449,int-list-views-typed-sorted,0,47,106.247504,975824,46.590125,1611,-16397.6640625,207.2236328125,12.173515000000002,0,45.531925,0,91,0
house_robber,1,fragments,211.14495899999747,3702.978350999997,-5945,1048576,945,0,60.355011,int-list-views-typed-sorted,0,48,107.163013,978556,47.551127,1619,-15554.3896484375,211.7587890625,11.63397,0,46.064839,0,78,0
house_robber,1,fragments,211.14495899999747,3816.732712999997,-5945,1048576,968,0,65.018851,int-list-views-typed-sorted,0,49,113.754362,982736,52.290117,1640,-16739.623046875,218.3994140625,11.553973000000001,0,47.987231,0,55,0
house_robber,1,fragments,211.14495899999747,3929.741704999997,-5941,1048576,937,0,62.800944,int-list-views-typed-sorted,0,50,113.008992,986748,49.107682,1620,-15550.8779296875,226.1484375,12.389201999999997,0,49.476672,0,86,0
house_robber,1,fragments,211.14495899999747,4047.306176999997,-5600,1048576,948,0,65.255969,int-list-views-typed-sorted,0,51,117.564472,993168,51.986865,1632,-13882.7421875,233.58984375,11.993725999999995,0,51.566678,0,75,0
house_robber,1,fragments,211.14495899999747,4168.099779999997,-5600,1048576,957,0,67.49157,int-list-views-typed-sorted,0,52,120.793603,1000824,53.176385,1627,-14851.41015625,243.732421875,13.007224999999995,0,52.542111,0,66,0
house_robber,1,fragments,211.14495899999747,4299.846145999997,-5600,1048576,939,0,74.938036,int-list-views-typed-sorted,0,53,131.746366,1010780,61.067288,1623,-13478.130859375,254.5546875,12.500962999999992,0,56.070839,0,84,0
house_robber,1,fragments,211.14495899999747,4440.108396999997,-5600,1048576,939,0,81.184155,int-list-views-typed-sorted,0,54,140.262251,1016900,66.375431,1628,-12324.1416015625,256.3359375,13.394641000000004,0,58.261561,0,84,0
house_robber,1,fragments,211.14495899999747,4583.869336999997,-5535,1048576,940,0,81.206685,int-list-views-typed-sorted,0,55,143.76094,1024892,65.809407,1619,-14242.0146484375,263.2548828125,14.016048999999994,0,61.769702,0,83,0
house_robber,1,fragments,211.14495899999747,4726.522883999997,-5516,1048576,950,0,82.929876,int-list-views-typed-sorted,0,56,142.653547,1032300,66.791266,1630,-12908.583984375,267.2255859375,14.66294699999999,0,58.871698,0,73,0
house_robber,1,fragments,211.14495899999747,4873.074855999997,-5516,1048576,945,0,86.323013,int-list-views-typed-sorted,0,57,146.551972,1037240,71.181904,1625,-12846.9892578125,271.0625,13.732783000000008,0,59.380965,0,78,0
house_robber,1,fragments,211.14495899999747,5030.766418999998,-5309,1048576,934,0,90.821645,int-list-views-typed-sorted,0,58,157.691563,1041876,75.65195,1622,-13325.572265625,276.79296875,13.74095300000001,0,65.95383,0,89,0
house_robber,1,fragments,211.14495899999747,5193.9415089999975,-5206,1048576,927,0,97.714455,int-list-views-typed-sorted,0,59,163.17509,1045228,80.601728,1620,-12875.673828125,282.7451171875,15.624192000000004,0,64.458084,0,96,0
house_robber,1,fragments,211.14495899999747,5361.563905999998,-4879,1048576,953,0,100.293823,int-list-views-typed-sorted,0,60,167.622397,1048920,83.91985,1618,-16678.693359375,286.8564453125,14.890689,0,66.468969,0,70,0
house_robber,1,fragments,211.14495899999747,5535.863227999997,-4507,1048576,943,0,104.870709,int-list-views-typed-sorted,0,61,174.299322,1053344,88.269087,1621,-11709.0146484375,293.8935546875,15.131288000000001,0,68.427559,0,80,0
house_robber,1,fragments,211.14495899999747,5708.591130999997,-4415,1048576,938,0,103.05916,int-list-views-typed-sorted,0,62,172.727903,1057320,84.957306,1609,-14269.3544921875,296.4365234375,16.613982,0,68.835141,0,85,0
house_robber,1,fragments,211.14495899999747,5876.539706999997,-4368,1048576,943,0,98.742154,int-list-views-typed-sorted,0,63,167.948576,1060292,81.821113,1615,-13285.1083984375,302.5927734375,15.470193,0,68.366464,0,80,0
house_robber,1,fragments,211.14495899999747,6052.320344999997,-4368,1048576,944,0,104.705225,int-list-views-typed-sorted,0,64,175.780638,1066028,87.16711,1624,-13811.4501953125,307.3623046875,15.979101999999997,0,70.174334,0,79,0
house_robber,1,fragments,211.14495899999747,6225.099968999997,-4368,1048576,960,0,100.446612,int-list-views-typed-sorted,0,65,172.779624,1070888,83.543297,1646,-13262.916015625,304.6337890625,15.388397000000001,0,71.50566,0,63,0
house_robber,1,fragments,211.14495899999747,6396.437224999997,-3971,1048576,945,0,99.55242,int-list-views-typed-sorted,0,66,171.337256,1077584,82.183595,1647,-12849.6767578125,302.837890625,15.802566999999991,0,70.954823,0,78,0
house_robber,1,fragments,211.14495899999747,6561.967209999997,-3971,1048576,941,0,91.826103,int-list-views-typed-sorted,0,67,165.529985,1082196,74.819162,1639,-17808.83203125,294.7177734375,15.490892000000008,0,72.869212,0,82,0
house_robber,1,fragments,211.14495899999747,6726.755136999997,-3786,1048576,949,0,93.856495,int-list-views-typed-sorted,0,68,164.787927,1084608,74.557153,1636,-9911.1923828125,291.85546875,17.481219999999993,0,69.883282,0,74,0
house_robber,1,fragments,211.14495899999747,6879.309190999998,-3595,1048576,942,0,85.91189,int-list-views-typed-sorted,0,69,152.554054,1085416,68.720661,1642,-14554.306640625,293.3017578125,15.681912000000004,0,65.749772,0,81,0
house_robber,1,fragments,211.14495899999747,7029.521802999998,-3595,1048576,950,0,79.086538,int-list-views-typed-sorted,0,70,150.212612,1087360,63.17416,1647,-12418.6171875,290.03125,14.447876,0,70.242722,0,73,0
house_robber,1,fragments,211.14495899999747,7178.330062999998,-3391,1048576,944,0,78.520083,int-list-views-typed-sorted,0,71,148.80826,1088164,62.647555,1622,-13666.8701171875,287.7373046875,14.400902000000006,0,69.41422,0,79,0
house_robber,1,fragments,211.14495899999747,7328.871305999997,-3391,1048576,950,0,79.462095,int-list-views-typed-sorted,0,72,150.541243,1089196,62.778943,1635,-11862.572265625,287.771484375,15.239636999999998,0,70.24043,0,73,0
house_robber,1,fragments,211.14495899999747,7478.1376409999975,-3376,1048576,951,0,78.138664,int-list-views-typed-sorted,0,73,149.266335,1089584,61.612054,1651,-15451.0439453125,287.3408203125,15.054487000000005,0,70.319786,0,72,0
house_robber,1,fragments,211.14495899999747,7637.570910999997,-3376,1048576,955,0,88.187188,int-list-views-typed-sorted,0,74,159.43327,1089944,72.208697,1654,-12396.8642578125,281.77734375,14.499484000000006,0,70.410157,0,68,0
house_robber,1,fragments,211.14495899999747,7797.416667999997,-3125,1048576,951,0,89.935863,int-list-views-typed-sorted,0,75,159.845757,1092664,73.521827,1659,-11769.6455078125,283.0341796875,14.990106000000004,0,69.041098,0,72,0
house_robber,1,fragments,211.14495899999747,7964.666967999997,-3031,1048576,936,0,97.818411,int-list-views-typed-sorted,0,76,167.2503,1094636,81.391231,1665,-14516.9814453125,279.2578125,14.988482999999999,0,68.632274,0,87,0
house_robber,1,fragments,211.14495899999747,8126.337723999997,-3011,1048576,942,0,92.416696,int-list-views-typed-sorted,0,77,161.670756,1094772,75.884188,1615,-13224.8798828125,282.9287109375,15.026463000000001,0,68.325502,0,81,0
house_robber,1,fragments,211.14495899999747,8292.687788999998,-3011,1048576,940,0,97.033659,int-list-views-typed-sorted,0,78,166.350065,1095012,80.570393,1648,-10270.9521484375,287.056640625,15.001547999999996,0,68.340879,0,83,0
house_robber,1,fragments,211.14495899999747,8466.136799999998,-3011,1048576,959,0,102.298289,int-list-views-typed-sorted,0,79,173.449011,1095296,85.86936,1635,-12048.4228515625,286.13671875,14.969920999999994,0,70.261813,0,64,0
house_robber,1,fragments,211.14495899999747,8635.964772999998,-3011,1048576,950,0,100.925183,int-list-views-typed-sorted,0,80,169.827973,1096292,84.341497,1638,-14019.3515625,290.4169921875,15.159393000000005,0,68.098634,0,73,0
house_robber,1,fragments,211.14495899999747,8806.540023999998,-3011,1048576,952,0,103.548882,int-list-views-typed-sorted,0,81,170.575251,1097164,86.93605,1660,-11099.0673828125,297.416015625,15.143794000000003,0,66.199812,0,71,0
house_robber,1,fragments,211.14495899999747,8994.858404999997,-2900,1048576,958,0,112.542205,int-list-views-typed-sorted,0,82,188.318381,1098788,96.744672,1653,-9959.0390625,311.2158203125,14.354708999999996,0,74.909222,0,65,0
house_robber,1,fragments,211.14495899999747,9187.064322999997,-2900,1048576,961,0,117.924664,int-list-views-typed-sorted,0,83,192.205918,1102244,99.964048,1641,-11386.302734375,332.6298828125,16.466876000000006,0,73.459109,0,62,0
house_robber,1,fragments,211.14495899999747,9403.763191999997,-2815,1048576,935,0,132.913649,int-list-views-typed-sorted,0,84,216.698869,1112380,115.963553,1617,-10149.318359375,344.939453125,15.364477999999997,0,82.894736,0,88,0
house_robber,1,fragments,211.14495899999747,9626.255092999996,-2751,1048576,947,0,136.753989,int-list-views-typed-sorted,0,85,222.491901,1122656,118.717144,1640,-8847.6064453125,353.4072265625,16.384608999999976,0,84.78278,0,76,0
house_robber,1,fragments,211.14495899999747,9859.405948999996,-1480,1048576,965,0,144.174337,int-list-views-typed-sorted,0,86,233.150856,1135140,124.863126,1650,-7615.958984375,364.6279296875,17.632139000000002,0,88.146782,0,58,0
house_robber,1,fragments,211.14495899999747,10088.712365999996,-1480,1048576,946,0,145.594453,int-list-views-typed-sorted,0,87,229.306417,1140484,126.699069,1648,-7643.654296875,358.724609375,17.29333299999999,0,82.85844,0,77,0
house_robber,1,fragments,211.14495899999747,10321.218507999996,-1480,1048576,948,0,143.672793,int-list-views-typed-sorted,0,88,232.506142,1145900,126.170265,1624,-8143.4326171875,356.509765625,15.901354000000026,0,87.979542,0,75,0
house_robber,1,fragments,211.14495899999747,10556.959548999996,-1480,1048576,947,0,148.638634,int-list-views-typed-sorted,0,89,235.741041,1149928,129.124435,1640,-9046.873046875,355.5615234375,17.80589900000001,0,86.197709,0,76,0
house_robber,1,fragments,211.14495899999747,10783.921760999996,-1463,1048576,941,0,138.230792,int-list-views-typed-sorted,0,90,226.962212,1152484,119.981837,1632,-9171.4296875,353.390625,16.590801,0,87.824354,0,82,0
house_robber,1,fragments,211.14495899999747,11012.610369999997,-1463,1048576,958,0,143.656013,int-list-views-typed-sorted,0,91,228.688609,1154416,124.622679,1631,-7804.189453125,349.603515625,17.24668399999999,0,84.160512,0,65,0
house_robber,1,fragments,211.14495899999747,11251.113194999996,-1463,1048576,954,0,147.300672,int-list-views-typed-sorted,0,92,238.502825,1158464,128.73662,1617,-9856.5810546875,366.9248046875,16.934995,0,90.292862,0,69,0
house_robber,1,fragments,211.14495899999747,11498.165851999996,-776,1048576,941,0,155.028254,int-list-views-typed-sorted,0,93,247.052657,1165308,135.062296,1624,-8450.17578125,388.6484375,18.261433000000018,0,91.137925,0,82,0
house_robber,1,fragments,211.14495899999747,11747.147326999997,-776,1048576,950,0,157.224576,int-list-views-typed-sorted,0,94,248.981475,1170640,136.429189,1654,-5966.2255859375,401.9365234375,18.977392000000016,0,90.938283,0,73,0
house_robber,1,fragments,211.14495899999747,12011.552176999998,-776,1048576,971,0,164.603928,int-list-views-typed-sorted,0,95,264.40485,1181308,144.442193,1665,-7895.2001953125,434.1953125,18.324337999999983,0,98.985567,0,52,0
house_robber,1,fragments,211.14495899999747,12283.309255999997,-776,1048576,951,0,165.577277,int-list-views-typed-sorted,0,96,271.757079,1196644,143.513271,1635,-6369.9599609375,454.4296875,20.121118999999997,0,105.294548,0,72,0
house_robber,1,fragments,211.14495899999747,12545.939271999996,-776,1048576,953,0,161.187813,int-list-views-typed-sorted,0,97,262.630016,1206588,138.416499,1628,-7697.5390625,460.140625,20.809607000000007,0,100.566898,0,70,0
house_robber,1,fragments,211.14495899999747,12799.297668999996,-775,1048576,945,0,147.193117,int-list-views-typed-sorted,0,98,253.358397,1211424,126.112831,1635,-8806.65234375,456.11328125,19.007340999999993,0,105.272423,0,78,0
house_robber,1,fragments,211.14495899999747,13041.614816999996,-775,1048576,933,0,142.327484,int-list-views-typed-sorted,0,99,242.317148,1213960,119.978585,1629,-3949.298828125,454.6220703125,20.355764,0,99.112049,0,90,0
house_robber,1,fragments,211.14495899999747,13284.022889999997,-756,1048576,944,0,135.869374,int-list-views-typed-sorted,0,100,242.408073,1218800,114.565881,1641,-5390.8046875,449.34375,19.37367499999999,0,105.494338,0,79,0
house_robber,1,fragments,211.14495899999747,13527.928251999996,-756,1048576,954,0,139.848272,int-list-views-typed-sorted,0,101,243.905362,1221516,117.261253,1658,-5785.306640625,444.1904296875,20.741224000000013,0,103.167628,0,69,0
house_robber,1,fragments,211.14495899999747,13770.242465999996,-718,1048576,949,0,141.807705,int-list-views-typed-sorted,0,102,242.314214,1222768,119.646667,1635,-5317.931640625,429.138671875,20.200310999999992,0,99.607117,0,74,0
house_robber,1,fragments,211.14495899999747,14001.723039999995,-269,1048576,950,0,132.262642,int-list-views-typed-sorted,0,103,231.480574,1223240,112.39325,1645,-7729.3291015625,418.337890625,18.093649000000003,0,98.320648,0,73,0
house_robber,1,fragments,211.14495899999747,14243.932547999995,-269,1048576,949,0,141.301916,int-list-views-typed-sorted,0,104,242.209508,1223804,120.105837,1641,-7642.7666015625,409.5029296875,19.315676000000014,0,100.014006,0,74,0
house_robber,1,fragments,211.14495899999747,14475.677595999996,-200,1048576,953,0,135.793689,int-list-views-typed-sorted,0,105,231.745048,1224076,115.484496,1651,-7343.7958984375,401.0458984375,18.512307999999997,0,95.117903,0,70,0
house_robber,1,fragments,211.14495899999747,14702.898406999995,-140,1048576,958,0,130.289675,int-list-views-typed-sorted,0,106,227.220811,1225940,110.314383,1651,-7143.0810546875,398.0927734375,18.237034999999985,0,96.093637,0,65,0
house_robber,1,fragments,211.14495899999747,14926.444875999996,-45,1048576,951,0,128.807748,int-list-views-typed-sorted,0,107,223.546469,1226268,108.29009,1638,-3699.130859375,397.1904296875,18.783176999999995,0,93.787048,0,72,0
house_robber,1,fragments,211.14495899999747,15152.252168999996,-45,1048576,946,0,129.53479,int-list-views-typed-sorted,0,108,225.807293,1227112,109.3489,1630,-4851.7958984375,398.9599609375,18.31250399999999,0,95.416449,0,77,0
house_robber,1,fragments,211.14495899999747,15385.954864999996,-45,1048576,952,0,137.435212,int-list-views-typed-sorted,0,109,233.702696,1228984,116.334025,1631,-5784.453125,401.6416015625,19.217839000000012,0,95.398967,0,71,0
house_robber,1,fragments,211.14495899999747,15625.726682999995,-12,1048576,954,0,142.198485,int-list-views-typed-sorted,0,110,239.771818,1229736,122.195957,1640,-4934.9248046875,403.740234375,18.266110999999995,0,96.641401,0,69,0
house_robber,1,fragments,211.14495899999747,15868.079504999996,-12,1048576,949,0,145.549932,int-list-views-typed-sorted,0,111,242.352822,1230000,124.718328,1645,-7519.16015625,405.921875,18.985762000000015,0,95.897087,0,74,0
house_robber,1,fragments,211.14495899999747,16117.460810999995,-12,1048576,943,0,145.437817,int-list-views-typed-sorted,0,112,249.381306,1230508,126.68796,1636,-6360.2666015625,413.2470703125,17.034629000000002,0,103.047774,0,80,0
house_robber,1,fragments,211.14495899999747,16390.357932999996,-12,1048576,937,0,159.884721,int-list-views-typed-sorted,0,113,272.897122,1230840,138.924798,1630,-6350.5654296875,420.1533203125,19.106823000000002,0,112.095886,0,86,0
house_robber,1,fragments,211.14495899999747,16661.478845999995,-1,1048576,937,0,172.505132,int-list-views-typed-sorted,0,114,271.120913,1231116,151.837788,1617,-4485.626953125,423.1298828125,18.639127000000016,0,97.72583,0,86,0
house_robber,1,fragments,211.14495899999747,16929.366313999995,-1,1048576,955,0,167.687192,int-list-views-typed-sorted,0,115,267.887468,1231296,148.748741,1635,-4170.375,431.505859375,17.17578000000001,0,99.29476,0,68,0
house_robber,1,fragments,211.14495899999747,17205.862521999996,-1,1048576,926,0,169.13373,int-list-views-typed-sorted,0,116,276.496208,1231924,149.644972,1599,-4989.9072265625,437.1865234375,17.68172200000002,0,106.355218,0,97,0
house_robber,1,fragments,211.14495899999747,17480.988884999995,-1,1048576,949,0,168.326234,int-list-views-typed-sorted,0,117,275.126363,1232728,147.730747,1623,-6198.025390625,437.734375,18.717878000000013,0,105.845257,0,74,0
house_robber,1,fragments,211.14495899999747,17759.267668999993,0,1048576,939,0,165.30351,int-list-views-typed-sorted,0,118,278.278784,1233996,144.676922,1637,-2502.64453125,434.8330078125,18.77766899999999,0,111.968206,0,84,0
house_robber,1,fragments,211.14495899999747,18027.937690999992,0,1048576,944,0,164.984891,int-list-views-typed-sorted,0,119,268.670022,1234688,142.442629,1653,-3228.0634765625,422.9931640625,20.606271000000007,0,102.607851,0,79,0
house_robber,1,fragments,211.14495899999747,18293.47336599999,0,1048576,952,0,156.616729,int-list-views-typed-sorted,0,120,265.535675,1234772,136.583106,1640,-5360.8154296875,414.35546875,18.098384999999986,0,108.031948,0,71,0
house_robber,1,fragments,211.14495899999747,18543.58225699999,0,1048576,949,0,148.091825,int-list-views-typed-sorted,0,121,250.108891,1234952,126.70993,1658,-3591.712890625,406.9150390625,19.496733000000006,0,101.092614,0,74,0
house_robber,1,fragments,211.14495899999747,18793.101227999992,0,1048576,932,0,143.913978,int-list-views-typed-sorted,0,122,249.518971,1235104,124.247126,1612,-3480.083984375,405.2509765625,17.849517,0,104.716895,0,91,0
house_robber,1,fragments,211.14495899999747,19034.355052999992,0,1048576,949,0,141.810266,int-list-views-typed-sorted,0,123,241.253825,1235476,121.135827,1626,-7162.162109375,405.4248046875,18.836942999999998,0,98.532796,0,74,0
house_robber,1,fragments,211.14495899999747,19268.19183599999,0,1048576,934,0,133.249137,int-list-views-typed-sorted,0,124,233.836783,1235548,113.276456,1605,-6904.1943359375,388.3759765625,18.158608999999995,0,99.542233,0,89,0
house_robber,1,fragments,211.14495899999747,19488.75710499999,0,1048576,945,0,123.845236,int-list-views-typed-sorted,0,125,220.565269,1235564,104.285538,1652,-4168.5947265625,374.2587890625,17.819067000000004,0,95.814343,0,78,0
house_robber,1,fragments,211.14495899999747,19697.98181799999,0,1048576,924,0,120.096566,int-list-views-typed-sorted,0,126,209.224713,1235572,100.155322,1611,-5633.921875,352.623046875,18.262422,0,88.296661,0,99,0
house_robber,1,fragments,211.14495899999747,19890.04381399999,0,1048576,939,0,104.086254,int-list-views-typed-sorted,0,127,192.061996,1235576,86.38968,1633,-4582.4716796875,332.0712890625,16.105434,0,86.966661,0,84,0
house_robber,1,fragments,211.14495899999747,20074.877027999988,0,1048576,952,0,103.474781,int-list-views-typed-sorted,0,128,184.833214,1235588,84.972482,1653,-6342.8486328125,316.6806640625,16.956819,0,80.427257,0,71,0
house_robber,1,fragments,211.14495899999747,20252.542321999987,0,1048576,936,0,93.478504,int-list-views-typed-sorted,0,129,177.665294,1235596,76.335225,1635,-7106.01953125,304.4833984375,15.652595000000005,0,83.192403,0,87,0
house_robber,1,fragments,211.14495899999747,20424.999311999985,0,1048576,931,0,93.895263,int-list-views-typed-sorted,0,130,172.45699,1235604,76.204198,1620,-12434.86328125,284.5263671875,16.161504000000004,0,77.616884,0,92,0
house_robber,1,fragments,211.14495899999747,20585.979249999986,0,1048576,954,0,84.282925,int-list-views-typed-sorted,0,131,160.979938,1235612,67.46703,1625,-6982.302734375,260.958984375,15.140235000000006,0,75.633442,0,69,0
house_robber,1,fragments,211.14495899999747,20739.570684999984,0,1048576,930,0,85.262058,int-list-views-typed-sorted,0,132,153.591435,1235612,69.490481,1612,-10164.14453125,250.9599609375,14.220099999999993,0,67.380758,0,93,0
house_robber,1,fragments,211.14495899999747,20884.658601999985,0,1048576,928,0,82.395499,int-list-views-typed-sorted,0,133,145.087917,1235612,67.241046,1616,-7741.4833984375,234.6396484375,13.797284999999997,0,61.871925,0,95,0
house_robber,1,fragments,211.14495899999747,21026.715323999986,0,1048576,930,0,82.82077,int-list-views-typed-sorted,0,134,142.056722,1235612,69.412644,1641,-8230.626953125,224.9609375,12.143727000000002,0,58.315665,0,93,0
house_robber,1,fragments,211.14495899999747,21161.939891999988,0,1048576,939,0,76.57946,int-list-views-typed-sorted,0,135,135.224568,1235612,62.28584,1653,-7972.45703125,220.0439453125,12.990353999999991,0,57.82359,0,84,0
house_robber,1,fragments,211.14495899999747,21294.698723999987,0,1048576,933,0,74.755738,int-list-views-typed-sorted,0,136,132.758832,1235612,61.614538,1620,-10495.7890625,213.2724609375,11.934027999999998,0,57.208607,0,90,0
house_robber,1,fragments,211.14495899999747,21423.710875999986,0,1048576,931,0,74.090462,int-list-views-typed-sorted,0,137,129.012152,1235612,60.387004,1650,-9919.0927734375,207.3388671875,12.442232999999998,0,54.135759,0,92,0
house_robber,1,fragments,211.14495899999747,21555.781392999987,0,1048576,939,0,77.399395,int-list-views-typed-sorted,0,138,132.070517,1235612,63.807902,1631,-12234.009765625,207.904296875,12.369506000000001,0,53.893497,0,84,0
house_robber,1,fragments,211.14495899999747,21682.961465999986,0,1048576,937,0,73.510793,int-list-views-typed-sorted,0,139,127.180073,1235612,60.6038,1641,-6674.3349609375,202.2158203125,11.694684000000002,0,52.876072,0,86,0
house_robber,1,fragments,211.14495899999747,21808.094180999986,0,1048576,955,0,73.235854,int-list-views-typed-sorted,0,140,125.132715,1235616,60.741688,1662,-10192.3408203125,199.103515625,11.271115,0,51.127311,0,68,0
house_robber,1,fragments,211.14495899999747,21934.142241999987,0,1048576,937,0,74.237531,int-list-views-typed-sorted,0,141,126.048061,1235616,61.65241,1637,-11876.1005859375,197.392578125,11.404834999999999,0,51.006413,0,86,0
house_robber,1,fragments,211.14495899999747,22061.952157999986,0,1048576,941,0,76.749056,int-list-views-typed-sorted,0,142,127.809916,1235616,64.181208,1630,-11579.080078125,192.8349609375,11.263919999999999,0,50.193917,0,82,0
house_robber,1,fragments,211.14495899999747,22187.600336999985,0,1048576,946,0,75.807966,int-list-views-typed-sorted,0,143,125.648179,1235616,63.447302,1648,-11788.7353515625,190.97265625,11.181849999999994,0,49.043929,0,77,0
house_robber,1,fragments,211.14495899999747,22308.091146999985,0,1048576,944,0,72.223824,int-list-views-typed-sorted,0,144,120.49081,1235616,60.028448,1655,-10580.88671875,188.8916015625,10.965347999999992,0,47.485427,0,79,0
house_robber,1,fragments,211.14495899999747,22429.631109999984,0,1048576,929,0,74.106114,int-list-views-typed-sorted,0,145,121.539963,1235616,61.679025,1666,-11088.3369140625,188.3232421875,11.270371000000008,0,46.639803,0,94,0
house_robber,1,fragments,211.14495899999747,22552.133582999984,0,1048576,945,0,74.53637,int-list-views-typed-sorted,0,146,122.502473,1235616,62.109553,1637,-11327.8603515625,186.4755859375,11.254145000000001,0,47.083829,0,78,0
house_robber,1,fragments,211.14495899999747,22672.631061999986,0,1048576,944,0,72.147655,int-list-views-typed-sorted,0,147,120.497479,1235616,60.329493,1643,-11603.82421875,186.109375,10.618645000000008,0,47.516662,0,79,0
house_robber,1,fragments,211.14495899999747,22798.539587999985,0,1048576,939,0,79.65238,int-list-views-typed-sorted,0,148,125.908526,1235616,66.75682,1639,-11620.80078125,181.69140625,11.647473999999994,0,45.500362,0,84,0
house_robber,1,fragments,211.14495899999747,22920.197958999986,0,1048576,926,0,76.125453,int-list-views-typed-sorted,0,149,121.658371,1235616,64.21631,1662,-13471.884765625,179.626953125,10.750816999999989,0,44.774364,0,97,0
house_robber,1,fragments,211.14495899999747,23043.859339999988,0,1048576,944,0,75.932197,int-list-views-typed-sorted,0,150,123.661381,1235616,63.184777,1667,-11657.7197265625,176.275390625,11.524168000000003,0,46.974006,0,79,0
house_robber,1,fragments,211.14495899999747,23162.28131399999,0,1048576,949,0,73.932058,int-list-views-typed-sorted,0,151,118.421974,1235616,61.394418,1643,-10826.03515625,178.3193359375,11.328691999999991,0,43.710838,0,74,0
house_robber,1,fragments,211.14495899999747,23277.868418999988,0,1048576,954,0,71.063854,int-list-views-typed-sorted,0,152,115.587105,1235616,59.240964,1645,-13955.8935546875,171.9755859375,10.668920000000007,0,43.737557,0,69,0
house_robber,1,fragments,211.14495899999747,23390.19548299999,0,1048576,935,0,68.868688,int-list-views-typed-sorted,0,153,112.327064,1235616,57.150475,1645,-14028.4873046875,169.341796875,10.570741000000012,0,42.642325,0,88,0
house_robber,1,fragments,211.14495899999747,23503.340049999988,0,1048576,928,0,70.394341,int-list-views-typed-sorted,0,154,113.144567,1235616,58.970818,1638,-12869.5283203125,170.12109375,10.283184999999992,0,41.97391,0,95,0
house_robber,1,fragments,211.14495899999747,23619.978619999987,0,1048576,933,0,73.647427,int-list-views-typed-sorted,0,155,116.63857,1235616,61.280076,1622,-9255.1923828125,170.4306640625,11.132083999999992,0,42.046517,0,90,0
house_robber,1,fragments,211.14495899999747,23730.694691999986,0,1048576,943,0,69.005179,int-list-views-typed-sorted,0,156,110.716072,1235616,57.418537,1638,-11452.896484375,170.2158203125,10.421507000000002,0,40.968231,0,80,0
house_robber,1,fragments,211.14495899999747,23845.155841999986,0,1048576,936,0,71.233075,int-list-views-typed-sorted,0,157,114.46115,1235616,58.926142,1639,-9897.5546875,169.001953125,10.960221000000004,0,42.335132,0,87,0
house_robber,1,fragments,211.14495899999747,23957.631797999984,0,1048576,925,0,69.331527,int-list-views-typed-sorted,0,158,112.475956,1235616,57.480389,1622,-12128.2255859375,166.0576171875,10.557837999999991,0,42.402449,0,98,0
house_robber,1,fragments,211.14495899999747,24070.873216999986,0,1048576,938,0,70.50475,int-list-views-typed-sorted,0,159,113.241419,1235616,59.234226,1631,-9049.9453125,166.5732421875,10.129634000000003,0,41.965927,0,85,0
house_robber,1,fragments,211.14495899999747,24186.789033999987,0,1048576,939,0,73.141336,int-list-views-typed-sorted,0,160,115.915817,1235616,60.915987,1655,-7499.7685546875,164.85546875,10.990001999999993,0,42.022626,0,84,0
house_robber,1,fragments,211.14495899999747,24298.53332199999,0,1048576,909,0,69.834255,int-list-views-typed-sorted,0,161,111.744288,1235616,57.434114,1633,-8720.982421875,162.8583984375,11.220153999999997,0,41.186895,0,114,0
house_robber,1,fragments,211.14495899999747,24409.68550299999,0,1048576,918,0,70.559645,int-list-views-typed-sorted,0,162,111.152181,1235616,57.624109,1609,-9523.1376953125,158.5703125,11.71080900000001,0,39.844526,0,105,0
house_robber,1,fragments,211.14495899999747,24519.08353999999,0,1048576,935,0,67.327194,int-list-views-typed-sorted,0,163,109.398037,1235616,56.08133,1630,-7826.3896484375,155.984375,10.128763000000008,0,41.244941,0,88,0
house_robber,1,fragments,211.14495899999747,24628.47860399999,0,1048576,928,0,68.63962,int-list-views-typed-sorted,0,164,109.395064,1235616,56.282602,1639,-9816.25390625,155.904296875,11.060275999999998,0,39.972128,0,95,0
house_robber,1,fragments,211.14495899999747,24737.97084799999,0,1048576,944,0,67.745474,int-list-views-typed-sorted,0,165,109.492244,1235616,55.70562,1637,-10095.599609375,156.599609375,10.889993,0,41.037818,0,79,0
house_robber,1,fragments,211.14495899999747,24847.32296799999,0,1048576,926,0,67.99551,int-list-views-typed-sorted,0,166,109.35212,1235616,55.417788,1631,-8923.34375,151.134765625,11.386781999999995,0,40.491353,0,97,0
house_robber,1,fragments,211.14495899999747,24950.364894999988,0,1048576,936,0,64.155234,int-list-views-typed-sorted,0,167,103.041927,1235616,52.431213,1660,-11718.529296875,150.646484375,10.618772999999994,0,38.165748,0,87,0
house_robber,1,fragments,211.14495899999747,25056.150367999988,0,1048576,914,0,66.205931,int-list-views-typed-sorted,0,168,105.785473,1235616,54.468376,1628,-13322.736328125,147.802734375,10.611002000000004,0,38.826816,0,109,0
house_robber,1,fragments,211.14495899999747,25156.320651999988,0,1048576,930,0,60.996729,int-list-views-typed-sorted,0,169,100.170284,1235616,49.516978,1611,-12892.3193359375,145.2666015625,10.357372999999999,0,38.477613,0,93,0
house_robber,1,fragments,211.14495899999747,25256.00472699999,0,1048576,919,0,61.701433,int-list-views-typed-sorted,0,170,99.684075,1235616,50.413175,1610,-10562.5009765625,145.2197265625,10.185942000000002,0,37.292982,0,104,0
house_robber,1,fragments,211.14495899999747,25354.92540299999,0,1048576,935,0,61.35451,int-list-views-typed-sorted,0,171,98.920676,1235616,49.971342,1617,-13382.4951171875,144.1513671875,10.258642999999996,0,36.801029,0,88,0
house_robber,1,fragments,211.14495899999747,25456.03097199999,0,1048576,914,0,63.567073,int-list-views-typed-sorted,0,172,101.105569,1235616,52.25604,1629,-12764.4189453125,142.7109375,10.221259,0,36.842823,0,109,0
house_robber,1,fragments,211.14495899999747,25556.20463799999,0,1048576,926,0,63.345444,int-list-views-typed-sorted,0,173,100.173666,1235616,51.880567,1628,-12559.013671875,143.5068359375,10.355113000000003,0,36.082838,0,97,0
house_robber,1,fragments,211.14495899999747,25655.04380999999,0,1048576,920,0,61.275578,int-list-views-typed-sorted,0,174,98.839172,1235616,49.823485,1638,-12316.9033203125,142.56640625,10.267936000000006,0,36.864261,0,103,0
house_robber,1,fragments,211.14495899999747,25755.834480999987,0,1048576,917,0,63.529277,int-list-views-typed-sorted,0,175,100.790671,1235616,52.34644,1620,-10857.7587890625,142.1181640625,10.058939999999998,0,36.55376,0,106,0
house_robber,1,fragments,211.14495899999747,25857.745034999985,0,1048576,920,0,64.685855,int-list-views-typed-sorted,0,176,101.910554,1235616,53.552678,1629,-10566.705078125,139.576171875,10.045086000000005,0,36.465031,0,103,0
house_robber,1,fragments,211.14495899999747,25954.141015999987,0,1048576,910,0,60.636346,int-list-views-typed-sorted,0,177,96.395981,1235616,49.576897,1618,-12594.22265625,138.1455078125,9.968898000000003,0,34.968314,0,113,0
house_robber,1,fragments,211.14495899999747,26055.00100799999,0,1048576,911,0,65.0588,int-list-views-typed-sorted,0,178,100.859992,1235616,53.952302,1614,-15370.861328125,137.5712890625,10.022805000000007,0,35.107612,0,112,0
house_robber,1,fragments,211.14495899999747,26150.33806599999,0,1048576,925,0,59.76439,int-list-views-typed-sorted,0,179,95.337058,1235616,48.997172,1601,-13531.3154296875,139.15625,9.654233000000001,0,34.854384,0,98,0
house_robber,1,fragments,211.14495899999747,26249.557616999988,0,1048576,938,0,62.803345,int-list-views-typed-sorted,0,180,99.219551,1235616,51.56608,1629,-11892.7060546875,139.958984375,10.094387000000003,0,35.672198,0,85,0
house_robber,1,fragments,211.14495899999747,26352.315222999987,0,1048576,934,0,66.607125,int-list-views-typed-sorted,0,181,102.757606,1235616,54.422604,1628,-12422.5654296875,137.2890625,11.067510999999994,0,35.443309,0,89,0
house_robber,1,fragments,211.14495899999747,26454.361623999986,0,1048576,906,0,68.022243,int-list-views-typed-sorted,0,182,102.046401,1235616,56.83156,1597,-14065.1884765625,134.291015625,10.104274999999998,0,33.318721,0,117,0
house_robber,1,fragments,211.14495899999747,26549.676165999987,0,1048576,903,0,61.182032,int-list-views-typed-sorted,0,183,95.314542,1235616,50.76375,1611,-10319.1240234375,131.548828125,9.311033000000002,0,33.448732,0,120,0
house_robber,1,fragments,211.14495899999747,26643.517575999987,0,1048576,925,0,58.861573,int-list-views-typed-sorted,0,184,93.84141,1235616,48.113235,1627,-13237.154296875,132.7255859375,9.671893999999998,0,34.299395,0,98,0
house_robber,1,fragments,211.14495899999747,26741.704770999986,0,1048576,933,0,62.882024,int-list-views-typed-sorted,0,185,98.187195,1235616,51.480809,1636,-15111.9619140625,132.455078125,10.274624,0,34.574165,0,90,0
house_robber,1,fragments,211.14495899999747,26845.629727999985,0,1048576,921,0,68.550949,int-list-views-typed-sorted,0,186,103.924957,1235616,57.492212,1599,-13468.591796875,130.1494140625,9.983899000000008,0,34.67528,0,102,0
house_robber,1,fragments,211.14495899999747,26935.656522999987,0,1048576,910,0,57.75161,int-list-views-typed-sorted,0,187,90.026795,1235616,46.828087,1600,-8547.5556640625,129.82421875,9.846613999999997,0,31.563483,0,113,0
house_robber,1,fragments,211.14495899999747,27027.79444399999,0,1048576,914,0,57.79124,int-list-views-typed-sorted,0,188,92.137921,1235616,47.425282,1602,-11883.5439453125,128.126953125,9.302002000000003,0,33.628596,0,109,0
house_robber,1,fragments,211.14495899999747,27117.37992399999,0,1048576,915,0,55.788183,int-list-views-typed-sorted,0,189,89.58548,1235616,44.785903,1604,-14603.4345703125,129.158203125,10.089458999999998,0,33.046853,0,108,0
house_robber,1,fragments,211.14495899999747,27207.35286499999,0,1048576,908,0,55.579477,int-list-views-typed-sorted,0,190,89.972941,1235616,45.733772,1595,-13001.748046875,129.107421875,8.820498,0,33.685708,0,115,0
house_robber,1,fragments,211.14495899999747,27296.33151599999,0,1048576,921,0,56.613497,int-list-views-typed-sorted,0,191,88.978651,1235616,45.998623,1608,-9706.9619140625,129.513671875,9.514648,0,31.696327,0,102,0
house_robber,1,fragments,211.14495899999747,27385.318149999992,0,1048576,897,0,54.131638,int-list-views-typed-sorted,0,192,88.986634,1235616,43.85516,1587,-13132.56640625,131.587890625,9.202344000000005,0,34.121393,0,126,0
house_robber,1,fragments,211.14495899999747,27476.48946199999,0,1048576,933,0,55.778524,int-list-views-typed-sorted,0,193,91.171312,1235616,44.169677,1617,-11209.322265625,131.744140625,10.533870999999994,0,34.711011,0,90,0
house_robber,1,fragments,211.14495899999747,27568.140493999992,0,1048576,916,0,57.970448,int-list-views-typed-sorted,0,194,91.651032,1235616,46.039225,1627,-13092.01171875,131.462890625,10.773156,0,32.896056,0,107,0
house_robber,1,fragments,211.14495899999747,27659.470931999993,0,1048576,931,0,55.877688,int-list-views-typed-sorted,0,195,91.330438,1235616,45.417283,1604,-11397.3076171875,131.9296875,9.310802000000002,0,34.740262,0,92,0
house_robber,1,fragments,211.14495899999747,27747.886721999992,0,1048576,909,0,54.770353,int-list-views-typed-sorted,0,196,88.41579,1235616,43.664687,1617,-13763.7158203125,133.6064453125,9.994688,0,32.949227,0,114,0
house_robber,1,fragments,211.14495899999747,27838.662899999992,0,1048576,928,0,55.444954,int-list-views-typed-sorted,0,197,90.776178,1235616,44.902201,1619,-14245.9853515625,135.3193359375,9.460144000000001,0,34.601773,0,95,0
house_robber,1,fragments,211.14495899999747,27930.546512999994,0,1048576,932,0,56.174896,int-list-views-typed-sorted,0,198,91.883613,1235616,44.964772,1613,-11133.693359375,135.9091796875,10.124903,0,34.995602,0,91,0
house_robber,1,fragments,211.14495899999747,28024.122843999994,0,1048576,907,0,57.649678,int-list-views-typed-sorted,0,199,93.576331,1235616,46.804016,1617,-11787.8525390625,137.93359375,9.733362,0,35.252485,0,116,0
house_robber,1,fragments,211.14495899999747,28118.124332999992,0,1048576,913,0,57.762635,int-list-views-typed-sorted,0,200,94.001489,1235616,46.410462,1615,-10072.58984375,137.8955078125,10.245422000000005,0,35.534379,0,110,0
house_robber,1,fragments,211.14495899999747,28214.779066999992,0,1048576,921,0,60.450947,int-list-views-typed-sorted,0,201,96.654734,1235616,49.034496,1620,-13444.599609375,137.373046875,10.259225,0,35.5047,0,102,0
house_robber,1,fragments,211.14495899999747,28314.018484999993,0,1048576,934,0,62.823363,int-list-views-typed-sorted,0,202,99.239418,1235616,51.500794,1613,-10883.4794921875,137.95703125,10.203247000000001,0,35.675858,0,89,0
house_robber,1,fragments,211.14495899999747,28394.855423999994,0,1048576,916,0,45.071942,int-list-views-typed-sorted-direct-root,0,203,80.836939,1235616,33.862056,1631,-10609.193359375,138.0869140625,10.081218999999997,0,35.070076,0,107,0
house_robber,1,fragments,211.14495899999747,28479.523712999995,0,1048576,926,0,46.459497,int-list-views-typed-sorted-direct-root,0,204,84.668289,1235616,34.5861,1617,-10219.5029296875,139.033203125,10.757087000000002,0,37.498056,0,97,0
house_robber,1,fragments,211.14495899999747,28563.783497999993,0,1048576,940,0,45.622083,int-list-views-typed-sorted-direct-root,0,205,84.259785,1235616,34.315009,1603,-11893.9306640625,138.8681640625,10.189507000000003,0,37.802573,0,83,0
house_robber,1,fragments,211.14495899999747,28648.151901999994,0,1048576,919,0,46.503461,int-list-views-typed-sorted-direct-root,0,206,84.368404,1235616,35.550058,1632,-10696.865234375,136.79296875,9.869364000000004,0,37.13801,0,104,0
house_robber,1,fragments,211.14495899999747,28743.667335999995,0,1048576,925,0,58.920008,int-list-views-typed-sorted,0,207,95.515434,1235616,47.180183,1614,-15362.3212890625,136.802734375,10.673721000000006,0,35.862313,0,98,0
house_robber,1,fragments,211.14495899999747,28836.313636999996,0,1048576,936,0,56.758024,int-list-views-typed-sorted,0,208,92.646301,1235616,45.60658,1633,-13580.0517578125,137.005859375,10.020010999999997,0,35.142153,0,87,0
house_robber,1,fragments,211.14495899999747,28928.918661999996,0,1048576,922,0,56.0509,int-list-views-typed-sorted,0,209,92.605025,1235616,44.931606,1618,-11828.171875,137.3818359375,10.041485000000002,0,35.87481,0,101,0
house_robber,1,fragments,211.14495899999747,29021.510893999995,0,1048576,904,0,56.852266,int-list-views-typed-sorted,0,210,92.592232,1235616,45.79544,1596,-14161.0419921875,136.2138671875,9.979382999999999,0,35.058793,0,119,0
house_robber,1,fragments,211.14495899999747,29112.886193999995,0,1048576,938,0,55.475235,int-list-views-typed-sorted,0,211,91.3753,1235616,44.535635,1619,-9232.5615234375,138.84765625,9.817203999999997,0,35.210435,0,85,0
house_robber,1,fragments,211.14495899999747,29207.793970999996,0,1048576,927,0,56.719109,int-list-views-typed-sorted,0,212,94.907777,1235616,44.844723,1595,-10920.2998046875,139.1376953125,10.783608000000005,0,37.365227,0,96,0
house_robber,1,fragments,211.14495899999747,29307.408345999997,0,1048576,928,0,62.425839,int-list-views-typed-sorted,0,213,99.614375,1235616,50.063254,1631,-12616.1416015625,142.2734375,11.231917000000001,0,36.493939,0,95,0
house_robber,1,fragments,211.14495899999747,29413.130623999998,0,1048576,910,0,69.227616,int-list-views-typed-sorted,0,214,105.722278,1235616,57.846055,1630,-11416.869140625,144.2578125,10.260350999999991,0,35.760381,0,113,0
house_robber,1,fragments,211.14495899999747,29520.415437999996,0,1048576,925,0,69.611473,int-list-views-typed-sorted,0,215,107.284814,1235616,58.183062,1626,-12011.3251953125,147.318359375,10.285731000000007,0,36.966932,0,98,0
house_robber,1,fragments,211.14495899999747,29618.747660999998,0,1048576,926,0,59.456247,int-list-views-typed-sorted,0,216,98.332223,1235616,48.027988,1639,-10537.0361328125,146.330078125,10.332415,0,38.176795,0,97,0
house_robber,1,fragments,211.14495899999747,29721.745788999997,0,1048576,933,0,67.100869,int-list-views-typed-sorted,0,217,102.998128,1235616,55.97191,1639,-8089.8515625,143.3291015625,10.017813,0,35.184134,0,90,0
house_robber,1,fragments,211.14495899999747,29823.071418999996,0,1048576,909,0,66.354361,int-list-views-typed-sorted,0,218,101.32563,1235616,55.640928,1619,-11929.9921875,141.27734375,9.627753999999996,0,34.274517,0,114,0
house_robber,1,fragments,211.14495899999747,29927.886513999998,0,1048576,930,0,69.123762,int-list-views-typed-sorted,0,219,104.815095,1235616,57.963527,1610,-8337.2158203125,138.4833984375,9.994010999999993,0,34.953302,0,93,0
house_robber,1,fragments,211.14495899999747,30032.744574999997,0,1048576,910,0,70.28609,int-list-views-typed-sorted,0,220,104.858061,1235616,59.081171,1599,-14196.0390625,136.5966796875,10.076708000000004,0,33.820131,0,113,0
house_robber,1,fragments,211.14495899999747,30135.945040999995,0,1048576,921,0,69.215982,int-list-views-typed-sorted,0,221,103.200466,1235616,57.994056,1624,-9389.8056640625,135.7353515625,10.06146,0,33.243653,0,102,0
house_robber,1,fragments,211.14495899999747,30238.401968999995,0,1048576,903,0,68.289889,int-list-views-typed-sorted,0,222,102.456928,1235616,57.14419,1625,-11248.837890625,136.6435546875,10.022831,0,33.381018,0,120,0
house_robber,1,fragments,211.14495899999747,30341.980592999997,0,1048576,906,0,68.51948,int-list-views-typed-sorted,0,223,103.578624,1235616,57.631393,1617,-9998.7841796875,135.287109375,9.778882000000005,0,34.345434,0,117,0
house_robber,1,fragments,211.14495899999747,30449.196856999995,0,1048576,926,0,72.877905,int-list-views-typed-sorted,0,224,107.216264,1235616,61.323887,1633,-11494.9443359375,133.9638671875,10.409827999999997,0,33.538406,0,97,0
house_robber,1,fragments,211.14495899999747,30553.629314999995,0,1048576,931,0,70.327016,int-list-views-typed-sorted,0,225,104.432458,1235616,58.667194,1619,-13638.3759765625,135.1298828125,10.416201000000004,0,33.256097,0,92,0
house_robber,1,fragments,211.14495899999747,30655.010630999994,0,1048576,917,0,67.200835,int-list-views-typed-sorted,0,226,101.381316,1235616,56.660197,1633,-10077.6962890625,136.1083984375,9.468029999999995,0,33.469519,0,106,0
house_robber,1,fragments,211.14495899999747,30759.499665999992,0,1048576,903,0,69.855468,int-list-views-typed-sorted,0,227,104.489035,1235616,58.974937,1602,-11886.1103515625,136.5810546875,9.809227,0,33.934084,0,120,0
house_robber,1,fragments,211.14495899999747,30865.85045099999,0,1048576,917,0,71.479043,int-list-views-typed-sorted,0,228,106.350785,1235616,60.385666,1609,-12765.576171875,138.8408203125,9.997149000000011,0,34.116166,0,106,0
house_robber,1,fragments,211.14495899999747,30980.34210299999,0,1048576,925,0,79.016171,int-list-views-typed-sorted,0,229,114.491652,1235616,67.231232,1631,-14869.865234375,136.236328125,10.656970000000001,0,34.70898,0,98,0
house_robber,1,fragments,211.14495899999747,31079.871442999993,0,1048576,921,0,64.81482,int-list-views-typed-sorted,0,230,99.52934,1235616,53.725441,1616,-11463.68359375,134.541015625,9.910984,0,34.002561,0,102,0
house_robber,1,fragments,211.14495899999747,31200.909391999994,0,1048576,927,0,86.575774,int-list-views-typed-sorted,0,231,121.037949,1235616,75.539054,1625,-10417.4130859375,134.37890625,9.893190999999998,0,33.682313,0,96,0
house_robber,1,fragments,211.14495899999747,31310.433467999996,0,1048576,914,0,75.297134,int-list-views-typed-sorted,0,232,109.524076,1235616,63.908347,1627,-12781.9150390625,133.111328125,10.234506,0,33.524765,0,109,0
house_robber,1,fragments,211.14495899999747,31422.875317999995,0,1048576,919,0,78.659783,int-list-views-typed-sorted,0,233,112.44185,1235616,67.932805,1609,-13513.888671875,133.615234375,9.65298500000001,0,32.969791,0,104,0
house_robber,1,fragments,211.14495899999747,31529.699696999996,0,1048576,905,0,73.792393,int-list-views-typed-sorted,0,234,106.824379,1235616,62.782053,1584,-13177.2998046875,138.2587890625,9.919919000000004,0,32.341688,0,118,0
house_robber,1,fragments,211.14495899999747,31638.600516999995,0,1048576,942,0,75.40656,int-list-views-typed-sorted,0,235,108.90082,1235616,64.582502,1610,-14598.4951171875,137.85546875,9.745857999999995,0,32.721147,0,81,0
house_robber,1,fragments,211.14495899999747,31756.650811999996,0,1048576,911,0,85.573169,int-list-views-typed-sorted,0,236,118.050295,1235616,74.886764,1613,-15217.7099609375,135.640625,9.605445999999992,0,31.75321,0,112,0
house_robber,1,fragments,211.14495899999747,31868.090176999995,0,1048576,920,0,78.015975,int-list-views-typed-sorted,0,237,111.439365,1235616,67.280284,1623,-12610.759765625,130.1982421875,9.542791000000003,0,32.707372,0,103,0
house_robber,1,fragments,211.14495899999747,31976.919129999995,0,1048576,915,0,73.95442,int-list-views-typed-sorted,0,238,108.828953,1235616,62.826138,1623,-13748.0693359375,133.0126953125,10.030592999999993,0,34.129147,0,108,0
house_robber,1,fragments,211.14495899999747,32079.023981999995,0,1048576,926,0,70.88846,int-list-views-typed-sorted,0,239,102.104852,1235616,59.728435,1630,-10736.373046875,126.1513671875,10.073166,0,30.511278,0,97,0
house_robber,1,fragments,211.14495899999747,32168.358147999996,0,1048576,908,0,57.585527,int-list-views-typed-sorted,0,240,89.334166,1235616,47.849013,1627,-13717.771484375,126.8359375,8.829598999999998,0,31.023124,0,115,0
house_robber,1,fragments,211.14495899999747,32259.690351999994,0,1048576,937,0,57.988048,int-list-views-typed-sorted,0,241,91.332204,1235616,47.43126,1644,-13184.794921875,127.5068359375,9.626426999999996,0,32.667527,0,86,0
house_robber,1,fragments,211.14495899999747,32350.439054999995,0,1048576,926,0,56.654215,int-list-views-typed-sorted,0,242,90.748703,1235616,45.224604,1628,-12800.1318359375,131.0087890625,10.356379999999998,0,33.310352,0,97,0
house_robber,1,fragments,211.14495899999747,32444.860673999996,0,1048576,921,0,60.52728,int-list-views-typed-sorted,0,243,94.421619,1235616,48.754032,1605,-14487.787109375,131.888671875,10.608698,0,33.20514,0,102,0
house_robber,1,fragments,211.14495899999747,32536.147634999998,0,1048576,931,0,57.516876,int-list-views-typed-sorted,0,244,91.286961,1235616,46.016396,1624,-10084.890625,134.2890625,10.363949000000005,0,33.081754,0,92,0
house_robber,1,fragments,211.14495899999747,32630.076213999997,0,1048576,925,0,58.995306,int-list-views-typed-sorted,0,245,93.928579,1235616,47.969709,1631,-10820.65234375,134.080078125,9.951341000000001,0,34.248289,0,98,0
house_robber,1,fragments,211.14495899999747,32725.351579,0,1048576,933,0,60.565723,int-list-views-typed-sorted,0,246,95.275365,1235616,49.522195,1600,-14288.857421875,135.9599609375,9.915096000000002,0,34.025391,0,90,0
house_robber,1,fragments,211.14495899999747,32817.019348,0,1048576,921,0,57.089543,int-list-views-typed-sorted,0,247,91.667769,1235616,46.132803,1642,-12452.0068359375,133.4462890625,9.872460000000002,0,33.900332,0,102,0
house_robber,1,fragments,211.14495899999747,32909.95752,0,1048576,914,0,59.188354,int-list-views-typed-sorted,0,248,92.938172,1235616,48.198682,1606,-14702.830078125,133.3056640625,9.872716999999998,0,33.058222,0,109,0
house_robber,1,fragments,211.14495899999747,33005.45946300001,0,1048576,912,0,62.902641,int-list-views-typed-sorted,0,249,95.501943,1235616,52.540825,1605,-13291.8916015625,131.513671875,9.284271,0,31.917169,0,111,0
house_robber,1,fragments,211.14495899999747,33099.69124300001,0,1048576,929,0,60.193983,int-list-views-typed-sorted,0,250,94.23178,1235616,49.229751,1604,-14455.294921875,131.142578125,9.795507000000004,0,33.25899,0,94,0
house_robber,1,fragments,211.14495899999747,33191.91740200001,0,1048576,907,0,59.766146,int-list-views-typed-sorted,0,251,92.226159,1235616,49.021465,1592,-11873.2919921875,129.994140625,9.576067999999998,0,31.76734,0,116,0
house_robber,1,fragments,211.14495899999747,33285.42331500001,0,1048576,911,0,58.657779,int-list-views-typed-sorted,0,252,93.505913,1235616,47.532222,1586,-15779.56640625,129.068359375,9.885313000000002,0,34.101426,0,112,0
house_robber,1,fragments,211.14495899999747,33364.85890800001,0,1048576,914,0,46.838677,int-list-views-typed-sorted-direct-root,0,253,79.435593,1235616,36.009436,1593,-15789.1494140625,125.4130859375,9.761770999999998,0,31.913883,0,109,0
house_robber,1,fragments,211.14495899999747,33441.97212400001,0,1048576,921,0,45.659509,int-list-views-typed-sorted-direct-root,0,254,77.113216,1235616,35.050442,1626,-8819.4931640625,124.2734375,9.675797,0,30.719091,0,102,0
house_robber,1,fragments,211.14495899999747,33520.44025300001,0,1048576,915,0,46.150115,int-list-views-typed-sorted-direct-root,0,255,78.468129,1235616,36.077285,1635,-9911.7255859375,126.265625,9.158591999999999,0,31.663817,0,108,0
house_robber,2,fragments,205.32126399998742,269.2087449999874,-8503,1048576,894,0,42.340247,int-list-views-typed-sorted-direct-root,0,0,63.887481,890868,32.63114,1732,-117310.05859375,73.4501953125,8.581656999999995,0,20.827786,0,129,0
house_robber,2,fragments,205.32126399998742,320.9074839999874,-8479,1048576,805,0,38.681493,int-list-views-typed-sorted-direct-root,0,1,51.698739,891232,31.21068,1586,-77680.6142578125,47.3232421875,6.648502000000002,0,12.409998,0,218,0
house_robber,2,fragments,205.32126399998742,365.8882599999874,-8479,1048576,757,0,34.981661,int-list-views-typed-sorted-direct-root,0,2,44.980776,891400,28.885974,1514,-67610.8486328125,42.8984375,5.379800000000006,0,9.586861,0,266,0
house_robber,2,fragments,205.32126399998742,410.0091109999874,-8479,1048576,795,0,34.650503,int-list-views-typed-sorted-direct-root,0,3,44.120851,891440,28.677455,1508,-59999.2705078125,46.0283203125,5.245738999999997,0,9.08145,0,228,0
house_robber,2,fragments,205.32126399998742,453.2446859999874,-8479,1048576,826,0,32.315558,int-list-views-typed-sorted-direct-root,0,4,43.235575,891508,25.777807,1531,-55399.580078125,52.9658203125,5.663541000000004,0,10.547846,0,197,0
house_robber,2,fragments,205.32126399998742,497.5652269999874,-8479,1048576,840,0,31.836821,int-list-views-typed-sorted-direct-root,0,5,44.320541,891596,24.765775,1536,-55584.1298828125,59.498046875,6.2012719999999995,0,12.096263,0,183,0
house_robber,2,fragments,205.32126399998742,545.7677309999874,-8479,1048576,887,0,34.517272,int-list-views-typed-sorted-direct-root,0,6,48.202504,891692,26.973663,1561,-47150.9609375,63.041015625,6.717526999999997,0,13.169437,0,136,0
house_robber,2,fragments,205.32126399998742,593.3204279999874,-8479,1048576,904,0,33.490387,int-list-views-typed-sorted-direct-root,0,7,47.552697,891924,26.031348,1589,-51019.4873046875,65.7041015625,6.643003999999999,0,13.619959,0,119,0
house_robber,2,fragments,205.32126399998742,642.4398679999874,-8479,1048576,886,0,33.23692,int-list-views-typed-sorted-direct-root,0,8,49.11944,892288,26.121468,1594,-52227.048828125,69.1123046875,6.295609999999998,0,15.443763,0,137,0
house_robber,2,fragments,205.32126399998742,695.2786889999875,-8479,1048576,903,0,33.656408,int-list-views-typed-sorted-direct-root,0,9,52.838821,892476,25.898923,1579,-44140.85546875,74.70703125,6.94903,0,18.709811,0,120,0
house_robber,2,fragments,205.32126399998742,751.2517949999875,-7376,1048576,887,0,35.020356,int-list-views-typed-sorted-direct-root,0,10,55.973106,892872,26.33749,1556,-44651.1787109375,77.1259765625,7.8015370000000015,0,20.466008,0,136,0
house_robber,2,fragments,205.32126399998742,808.7577449999875,-7361,1048576,920,0,35.168278,int-list-views-typed-sorted-direct-root,0,11,57.50595,893260,26.40624,1592,-41394.26953125,80.287109375,7.887752,0,21.814833,0,103,0
house_robber,2,fragments,205.32126399998742,867.3622609999875,-7340,1048576,914,0,35.607728,int-list-views-typed-sorted-direct-root,0,12,58.604516,893792,26.451124,1580,-38951.6083984375,84.73046875,8.277642000000004,0,22.473707,0,109,0
house_robber,2,fragments,205.32126399998742,927.2674779999875,-7340,1048576,928,0,35.724131,int-list-views-typed-sorted-direct-root,0,13,59.905217,894212,26.734633,1577,-33384.2412109375,84.80078125,8.116815000000003,0,23.593757,0,95,0
house_robber,2,fragments,205.32126399998742,986.7038149999875,-7340,1048576,913,0,35.59374,int-list-views-typed-sorted-direct-root,0,14,59.436337,894532,26.682867,1582,-32930.1650390625,87.0224609375,8.021943999999996,0,23.288076,0,110,0
house_robber,2,fragments,205.32126399998742,1050.3452239999874,-7340,1048576,932,0,36.910935,int-list-views-typed-sorted-direct-root,0,15,63.641409,894892,27.123536,1613,-30719.7607421875,87.5654296875,8.910332999999998,0,25.986491,0,91,0
house_robber,2,fragments,205.32126399998742,1113.4408759999874,-7340,1048576,935,0,36.95859,int-list-views-typed-sorted-direct-root,0,16,63.095652,895196,27.077439,1621,-34646.359375,90.068359375,8.922120000000001,0,25.350615,0,88,0
house_robber,2,fragments,205.32126399998742,1176.3239869999875,-7340,1048576,933,0,36.830885,int-list-views-typed-sorted-direct-root,0,17,62.883111,896032,27.144649,1614,-31852.9970703125,95.16796875,8.815427000000001,0,25.45022,0,90,0
house_robber,2,fragments,205.32126399998742,1241.3080249999875,-7340,1048576,931,0,36.909356,int-list-views-typed-sorted-direct-root,0,18,64.984038,896684,27.455546,1613,-28408.56640625,99.8369140625,8.522578000000005,0,27.48214,0,92,0
house_robber,2,fragments,205.32126399998742,1308.4442649999876,-7340,1048576,934,0,38.292758,int-list-views-typed-sorted-direct-root,0,19,67.13624,897904,28.360101,1617,-34555.2890625,102.6611328125,9.043559000000002,0,28.263794,0,89,0
house_robber,2,fragments,205.32126399998742,1373.5059219999875,-7336,1048576,930,0,37.782043,int-list-views-typed-sorted-direct-root,0,20,65.061657,898224,28.234861,1655,-25475.5400390625,103.48828125,8.633537000000004,0,26.679156,0,93,0
house_robber,2,fragments,205.32126399998742,1440.0714069999876,-7336,1048576,933,0,37.102771,int-list-views-typed-sorted-direct-root,0,21,66.565485,898880,27.423815,1667,-26130.3076171875,102.9287109375,8.774674999999995,0,28.86141,0,90,0
house_robber,2,fragments,205.32126399998742,1507.5545539999875,-7302,1048576,929,0,37.707582,int-list-views-typed-sorted-direct-root,0,22,67.483147,899420,27.513348,1628,-26201.7333984375,105.599609375,9.273430000000005,0,29.161125,0,94,0
house_robber,2,fragments,205.32126399998742,1613.9204829999876,-7291,1048576,921,0,37.631387,int-list-views-typed-sorted-direct-root,0,23,106.365929,900236,27.497631,1635,-23729.6181640625,107.8818359375,9.222465999999994,0,68.091017,0,102,0
house_robber,2,fragments,205.32126399998742,1686.8106249999876,-7291,1048576,932,0,43.45742,int-list-views-typed-sorted-direct-root,0,24,72.890142,900768,27.594304,1628,-21223.1279296875,110.2763671875,14.748905,0,28.590189,0,91,0
house_robber,2,fragments,205.32126399998742,1750.9069639999875,-7182,1048576,932,0,37.193164,int-list-views-typed-sorted-direct-root,0,25,64.096339,901300,27.452128,1620,-24968.3056640625,112.826171875,8.821836000000001,0,26.244072,0,91,0
house_robber,2,fragments,205.32126399998742,1814.9955779999875,-7182,1048576,934,0,38.110797,int-list-views-typed-sorted-direct-root,0,26,64.088614,902480,27.51569,1643,-24669.0029296875,116.01953125,9.676936999999999,0,25.38859,0,89,0
house_robber,2,fragments,205.32126399998742,1878.9407529999876,-7145,1048576,951,0,36.742394,int-list-views-typed-sorted-direct-root,0,27,63.945175,903828,27.155021,1633,-23880.7294921875,117.94921875,8.640412999999995,0,26.635398,0,72,0
house_robber,2,fragments,205.32126399998742,1943.7688889999877,-7145,1048576,941,0,37.812284,int-list-views-typed-sorted-direct-root,0,28,64.828136,904476,27.662912,1628,-24293.7421875,116.8935546875,9.255389000000001,0,26.431667,0,82,0
house_robber,2,fragments,205.32126399998742,2008.9237359999877,-7145,1048576,936,0,37.606079,int-list-views-typed-sorted-direct-root,0,29,65.154847,905824,27.664147,1602,-25530.7890625,117.66015625,8.994750999999999,0,26.972687,0,87,0
house_robber,2,fragments,205.32126399998742,2073.7908739999875,-7145,1048576,949,0,37.381711,int-list-views-typed-sorted-direct-root,0,30,64.867138,906324,27.888349,1627,-23131.5068359375,120.380859375,8.594215,0,26.895084,0,74,0
house_robber,2,fragments,205.32126399998742,2140.4216999999876,-7145,1048576,944,0,37.884546,int-list-views-typed-sorted-direct-root,0,31,66.630826,907964,27.707444,1635,-19458.6220703125,122.7822265625,9.235280000000001,0,28.120214,0,79,0
house_robber,2,fragments,205.32126399998742,2208.4839159999874,-7145,1048576,934,0,38.583542,int-list-views-typed-sorted-direct-root,0,32,68.062216,909340,28.213222,1625,-20393.1298828125,124.7021484375,9.455083000000002,0,28.892334,0,89,0
house_robber,2,fragments,205.32126399998742,2278.3731479999874,-6948,1048576,930,0,39.872584,int-list-views-typed-sorted-direct-root,0,33,69.889232,910392,29.325385,1628,-18598.7470703125,127.9208984375,9.433613999999999,0,29.395388,0,93,0
house_robber,2,fragments,205.32126399998742,2348.3833619999873,-6948,1048576,931,0,40.069582,int-list-views-typed-sorted-direct-root,0,34,70.010214,913492,29.465144,1627,-20694.744140625,132.279296875,9.524537999999996,0,29.244714,0,92,0
house_robber,2,fragments,205.32126399998742,2433.2146369999873,-6451,1048576,938,0,53.623647,int-list-views-typed-sorted,0,35,84.831275,915196,43.06782,1644,-18615.7353515625,134.1923828125,9.462987,0,30.541162,0,85,0
house_robber,2,fragments,205.32126399998742,2515.4552249999874,-5871,1048576,932,0,51.770492,int-list-views-typed-sorted,0,36,82.240588,918036,40.641864,1640,-19283.7783203125,137.2607421875,10.044820999999997,0,29.668068,0,91,0
house_robber,2,fragments,205.32126399998742,2598.7947839999874,-5871,1048576,930,0,52.81577,int-list-views-typed-sorted,0,37,83.339559,919916,42.183539,1642,-18547.5791015625,141.5166015625,9.532346,0,29.883417,0,93,0
house_robber,2,fragments,205.32126399998742,2683.8025569999872,-5871,1048576,937,0,52.382967,int-list-views-typed-sorted,0,38,85.007773,923340,41.733544,1626,-17538.9736328125,145.9453125,9.541948999999999,0,31.956267,0,86,0
house_robber,2,fragments,205.32126399998742,2775.002982999987,-5862,1048576,945,0,55.083003,int-list-views-typed-sorted,0,39,91.200426,925968,43.295027,1634,-18571.494140625,149.115234375,10.612711999999995,0,35.378974,0,78,0
house_robber,2,fragments,205.32126399998742,2870.179491999987,-5862,1048576,939,0,59.274968,int-list-views-typed-sorted,0,40,95.176509,928072,46.848679,1625,-19485.470703125,151.2490234375,11.252419,0,35.221941,0,84,0
house_robber,2,fragments,205.32126399998742,2964.547950999987,-5260,1048576,948,0,57.017136,int-list-views-typed-sorted,0,41,94.368459,932200,44.712023,1632,-15558.5302734375,156.892578125,11.074587000000003,0,36.576193,0,75,0
house_robber,2,fragments,205.32126399998742,3059.055278999987,-5260,1048576,951,0,58.343537,int-list-views-typed-sorted,0,42,94.507328,936268,45.567104,1606,-18250.677734375,163.173828125,11.580488999999995,0,35.471289,0,72,0
house_robber,2,fragments,205.32126399998742,3154.074466999987,-5260,1048576,943,0,57.314264,int-list-views-typed-sorted,0,43,95.019188,939476,45.895304,1630,-15337.822265625,168.927734375,10.293736000000003,0,36.966205,0,80,0
house_robber,2,fragments,205.32126399998742,3253.4549989999873,-5260,1048576,941,0,59.283238,int-list-views-typed-sorted,0,44,99.380532,942604,46.887896,1641,-21900.5576171875,173.009765625,11.244720999999998,0,39.380776,0,82,0
house_robber,2,fragments,205.32126399998742,3354.7934969999874,-5260,1048576,938,0,58.640169,int-list-views-typed-sorted,0,45,101.338498,947924,45.863483,1616,-16325.0703125,180.20703125,11.674275999999997,0,41.874413,0,85,0
house_robber,2,fragments,205.32126399998742,3454.5669289999873,-5259,1048576,938,0,60.227203,int-list-views-typed-sorted,0,46,99.773432,952364,46.675413,1623,-13438.884765625,187,12.296248000000002,0,38.664824,0,85,0
house_robber,2,fragments,205.32126399998742,3558.8459569999873,-5259,1048576,929,0,60.288932,int-list-views-typed-sorted,0,47,104.279028,956628,47.925558,1601,-15320.2158203125,191.609375,11.148471000000004,0,43.259557,0,94,0
house_robber,2,fragments,205.32126399998742,3663.5002819999872,-5215,1048576,945,0,60.31963,int-list-views-typed-sorted,0,48,104.654325,959320,47.160424,1625,-13716.33984375,195.1357421875,12.000667999999997,0,43.584913,0,78,0
house_robber,2,fragments,205.32126399998742,3766.5459119999873,-5215,1048576,939,0,60.189808,int-list-views-typed-sorted,0,49,103.04563,963888,46.233043,1599,-13981.998046875,199.42578125,12.781773999999999,0,42.157111,0,84,0
house_robber,2,fragments,205.32126399998742,3871.1164639999874,-5051,1048576,921,0,59.277749,int-list-views-typed-sorted,0,50,104.570552,965752,46.587278,1587,-13781.0263671875,199.4423828125,11.488785999999998,0,44.551899,0,102,0
house_robber,2,fragments,205.32126399998742,3974.5324229999874,-5051,1048576,953,0,58.258233,int-list-views-typed-sorted,0,51,103.415959,969104,44.757871,1624,-17205.6875,199.845703125,12.309051999999994,0,44.447396,0,70,0
house_robber,2,fragments,205.32126399998742,4082.9014789999874,-5051,1048576,924,0,61.340799,int-list-views-typed-sorted,0,52,108.369056,972852,47.755779,1614,-14715.8837890625,201.13671875,12.370550999999995,0,46.300919,0,99,0
house_robber,2,fragments,205.32126399998742,4189.965989999987,-5051,1048576,937,0,58.849151,int-list-views-typed-sorted,0,53,107.064511,974244,45.517738,1606,-12917.2705078125,197.5078125,12.145779000000001,0,47.330621,0,86,0
house_robber,2,fragments,205.32126399998742,4296.011094999987,-4162,1048576,932,0,61.415769,int-list-views-typed-sorted,0,54,106.045105,975556,47.274059,1623,-15130.9560546875,199.0478515625,12.926065,0,43.831029,0,91,0
house_robber,2,fragments,205.32126399998742,4410.475241999987,-4145,1048576,941,0,65.769222,int-list-views-typed-sorted,0,55,114.464147,978432,52.876568,1605,-14045.244140625,203.0400390625,11.6966,0,47.946481,0,82,0
house_robber,2,fragments,205.32126399998742,4521.486340999987,-4145,1048576,940,0,62.305762,int-list-views-typed-sorted,0,56,111.011099,979724,47.670934,1615,-15360.302734375,205.90234375,13.287421,0,47.942984,0,83,0
house_robber,2,fragments,205.32126399998742,4629.087171999987,-4145,1048576,944,0,58.225832,int-list-views-typed-sorted,0,57,107.600831,982308,44.748104,1640,-10971.486328125,208.369140625,12.225838,0,48.550927,0,79,0
house_robber,2,fragments,205.32126399998742,4738.254002999987,-4145,1048576,923,0,59.0664,int-list-views-typed-sorted,0,58,109.166831,985976,45.208267,1624,-9811.9580078125,208.4345703125,12.577662,0,49.37795,0,100,0
house_robber,2,fragments,205.32126399998742,4846.646539999987,-1836,1048576,932,0,59.862201,int-list-views-typed-sorted,0,59,108.392537,987288,45.648205,1612,-10355.525390625,196.0107421875,13.015871,0,47.778223,0,91,0
house_robber,2,fragments,205.32126399998742,4950.462405999987,-1836,1048576,930,0,57.61953,int-list-views-typed-sorted,0,60,103.815866,988060,44.201276,1633,-13641.2373046875,187.4306640625,12.244637999999995,0,45.500588,0,93,0
house_robber,2,fragments,205.32126399998742,5058.748448999987,-1836,1048576,940,0,62.082089,int-list-views-typed-sorted,0,61,108.286043,989340,48.743972,1648,-13835.2587890625,189.73046875,12.144318000000005,0,45.505956,0,83,0
house_robber,2,fragments,205.32126399998742,5167.1398329999865,-1836,1048576,939,0,60.72536,int-list-views-typed-sorted,0,62,108.391384,989864,47.549788,1646,-13700.431640625,195.71484375,11.967152000000002,0,46.913685,0,84,0
house_robber,2,fragments,205.32126399998742,5265.153602999986,-1836,1048576,938,0,49.317633,int-list-views-typed-sorted-direct-root,0,63,98.01377,992412,35.019001,1628,-13114.126953125,205.07421875,13.045386000000002,0,47.85257,0,85,0
house_robber,2,fragments,205.32126399998742,5373.229053999986,-1280,1048576,922,0,59.883061,int-list-views-typed-sorted,0,64,108.075451,994172,46.149651,1628,-12830.703125,223.9599609375,12.496203999999997,0,47.396646,0,101,0
house_robber,2,fragments,205.32126399998742,5495.499654999986,-936,1048576,926,0,66.586676,int-list-views-typed-sorted,0,65,122.270601,998792,52.083029,1632,-11602.2724609375,241.3291015625,13.084224999999996,0,54.952268,0,97,0
house_robber,2,fragments,205.32126399998742,5619.571700999986,-936,1048576,940,0,68.160041,int-list-views-typed-sorted,0,66,124.072046,1007176,52.740516,1632,-10462.7890625,255.853515625,14.074874000000007,0,55.155907,0,83,0
house_robber,2,fragments,205.32126399998742,5750.235429999986,0,1048576,938,0,69.734962,int-list-views-typed-sorted,0,67,130.663729,1019884,53.595002,1632,-11298.740234375,268.037109375,14.651636999999997,0,60.14689,0,85,0
house_robber,2,fragments,205.32126399998742,5883.413972999986,0,1048576,933,0,68.813971,int-list-views-typed-sorted,0,68,133.178543,1029816,52.30869,1619,-12824.8544921875,276.12890625,15.051737999999997,0,63.580538,0,90,0
house_robber,2,fragments,205.32126399998742,6020.895285999986,0,1048576,948,0,70.162297,int-list-views-typed-sorted,0,69,137.481313,1038512,53.363121,1600,-11473.2607421875,279.099609375,15.349301,0,66.53243,0,75,0
house_robber,2,fragments,205.32126399998742,6157.541589999986,0,1048576,948,0,71.442249,int-list-views-typed-sorted,0,70,136.646304,1042628,53.92692,1648,-11509.0146484375,280.1591796875,15.998736000000003,0,64.392252,0,75,0
house_robber,2,fragments,205.32126399998742,6295.753480999986,0,1048576,948,0,70.929703,int-list-views-typed-sorted,0,71,138.211891,1051668,53.032416,1631,-12720.748046875,279.0146484375,16.383777000000002,0,66.372753,0,75,0
house_robber,2,fragments,205.32126399998742,6433.535739999986,0,1048576,952,0,70.143323,int-list-views-typed-sorted,0,72,137.782259,1056928,52.893914,1622,-9760.3525390625,268.03515625,15.736597999999997,0,66.792429,0,71,0
house_robber,2,fragments,205.32126399998742,6567.777292999986,0,1048576,941,0,69.611821,int-list-views-typed-sorted,0,73,134.241553,1060604,52.848417,1618,-10493.7119140625,263.044921875,15.286444000000007,0,63.808315,0,82,0
house_robber,2,fragments,205.32126399998742,6698.166006999985,0,1048576,927,0,66.914963,int-list-views-typed-sorted,0,74,130.388714,1062344,50.77943,1607,-13046.3564453125,261.529296875,14.708985999999998,0,62.672707,0,96,0
house_robber,2,fragments,205.32126399998742,6831.906884999985,0,1048576,936,0,70.572203,int-list-views-typed-sorted,0,75,133.740878,1063172,54.278968,1608,-14714.6982421875,254.7890625,14.886544000000008,0,62.377319,0,87,0
house_robber,2,fragments,205.32126399998742,6962.138729999985,0,1048576,945,0,71.635217,int-list-views-typed-sorted,0,76,130.231845,1064088,55.514311,1643,-13787.212890625,256.1298828125,14.645198999999998,0,57.69061,0,78,0
house_robber,2,fragments,205.32126399998742,7089.035388999985,0,1048576,945,0,66.086984,int-list-views-typed-sorted,0,77,126.896659,1064508,51.233879,1660,-11526.0732421875,252.291015625,13.465118000000002,0,60.019773,0,78,0
house_robber,2,fragments,205.32126399998742,7214.272948999985,0,1048576,947,0,63.085744,int-list-views-typed-sorted,0,78,125.23756,1065480,47.793225,1637,-14973.5859375,262.9404296875,13.861678999999995,0,61.294703,0,76,0
house_robber,2,fragments,205.32126399998742,7337.7488149999845,0,1048576,958,0,59.122055,int-list-views-typed-sorted,0,79,123.475866,1068232,43.637025,1643,-11767.205078125,270.6376953125,14.034699,0,63.549451,0,65,0
house_robber,2,fragments,205.32126399998742,7459.878225999984,0,1048576,958,0,58.268127,int-list-views-typed-sorted,0,80,122.129411,1069848,42.542446,1652,-11818.310546875,269.099609375,14.213022,0,63.048947,0,65,0
house_robber,2,fragments,205.32126399998742,7585.247635999985,0,1048576,939,0,59.513412,int-list-views-typed-sorted,0,81,125.36941,1071616,43.550361,1627,-14276.486328125,269.3134765625,14.501937999999999,0,65.062844,0,84,0
house_robber,2,fragments,205.32126399998742,7707.737686999984,0,1048576,946,0,58.792668,int-list-views-typed-sorted,0,82,122.490051,1072344,42.717977,1647,-11111.04296875,275.0009765625,14.681164999999998,0,62.778053,0,77,0
house_robber,2,fragments,205.32126399998742,7833.548192999984,0,1048576,932,0,58.816419,int-list-views-typed-sorted,0,83,125.810506,1075892,42.860344,1650,-10996.2841796875,268.9677734375,14.468381000000004,0,66.159035,0,91,0
house_robber,2,fragments,205.32126399998742,7957.544195999984,0,1048576,936,0,60.876966,int-list-views-typed-sorted,0,84,123.996003,1077892,44.616677,1639,-12184.583984375,263.75,14.792084000000003,0,62.293547,0,87,0
house_robber,2,fragments,205.32126399998742,8079.571415999984,0,1048576,942,0,58.260758,int-list-views-typed-sorted,0,85,122.02722,1078352,43.066754,1623,-10787.2802734375,253.931640625,13.752525,0,62.929111,0,81,0
house_robber,2,fragments,205.32126399998742,8189.7363359999845,0,1048576,943,0,48.192776,int-list-views-typed-sorted-direct-root,0,86,110.16492,1079620,32.029311,1638,-9670.7822265625,242.5654296875,14.673421000000003,0,61.193312,0,80,0
house_robber,2,fragments,205.32126399998742,8298.477288999984,0,1048576,951,0,47.677846,int-list-views-typed-sorted-direct-root,0,87,108.740953,1079800,33.432991,1631,-10134.7919921875,232.6923828125,12.824115,0,60.261589,0,72,0
house_robber,2,fragments,205.32126399998742,8404.349038999984,0,1048576,954,0,46.914361,int-list-views-typed-sorted-direct-root,0,88,105.87175,1080192,32.01005,1650,-11448.353515625,226.93359375,13.472976999999998,0,58.129164,0,69,0
house_robber,2,fragments,205.32126399998742,8511.274949999985,0,1048576,953,0,47.335896,int-list-views-typed-sorted-direct-root,0,89,106.925911,1080216,32.54915,1640,-10429.3515625,223.744140625,13.457344999999998,0,58.822558,0,70,0
house_robber,2,fragments,205.32126399998742,8626.468303999984,0,1048576,949,0,57.022227,int-list-views-typed-sorted,0,90,115.193354,1080280,42.348025,1638,-9799.1220703125,220.767578125,13.282763000000003,0,57.335336,0,74,0
house_robber,2,fragments,205.32126399998742,8737.397022999983,0,1048576,927,0,58.088671,int-list-views-typed-sorted,0,91,110.928719,1080316,43.504972,1631,-9543.6494140625,219.0458984375,13.267058999999996,0,52.021963,0,96,0
house_robber,2,fragments,205.32126399998742,8849.555707999983,0,1048576,941,0,56.440806,int-list-views-typed-sorted,0,92,112.158685,1080352,43.04672,1637,-10303.828125,215.890625,12.192766000000004,0,54.922207,0,82,0
house_robber,2,fragments,205.32126399998742,8960.592826999984,0,1048576,943,0,56.863233,int-list-views-typed-sorted,0,93,111.037119,1080456,42.745576,1650,-9939.548828125,212.990234375,12.922125000000003,0,53.399746,0,80,0
house_robber,2,fragments,205.32126399998742,9072.875775999984,0,1048576,942,0,57.59896,int-list-views-typed-sorted,0,94,112.282949,1080884,44.360111,1647,-8379.3876953125,215.4296875,12.047121999999995,0,53.798862,0,81,0
house_robber,2,fragments,205.32126399998742,9184.546574999984,0,1048576,933,0,56.985556,int-list-views-typed-sorted,0,95,111.670799,1080932,42.825665,1635,-12314.4326171875,217.4677734375,12.898678000000002,0,53.926921,0,90,0
house_robber,2,fragments,205.32126399998742,9294.661542999984,0,1048576,928,0,56.313232,int-list-views-typed-sorted,0,96,110.114968,1080952,42.516742,1640,-8688.26171875,213.4765625,12.569122999999998,0,53.047058,0,95,0
house_robber,2,fragments,205.32126399998742,9404.932652999983,0,1048576,940,0,58.084948,int-list-views-typed-sorted,0,97,110.27111,1080960,44.443884,1637,-10792.5634765625,210.9462890625,12.360453,0,51.36968,0,83,0
house_robber,2,fragments,205.32126399998742,9512.502764999983,0,1048576,931,0,57.739625,int-list-views-typed-sorted,0,98,107.570112,1081004,43.97602,1632,-12210.224609375,206.2373046875,12.528906999999995,0,48.870057,0,92,0
house_robber,2,fragments,205.32126399998742,9617.898260999982,0,1048576,931,0,55.732974,int-list-views-typed-sorted,0,99,105.395496,1081012,42.285382,1635,-8834.6181640625,189.9228515625,12.199888000000001,0,48.879106,0,92,0
house_robber,2,fragments,205.32126399998742,9718.449710999983,0,1048576,934,0,56.001064,int-list-views-typed-sorted,0,100,100.55145,1081012,43.743449,1631,-9650.7333984375,176.76171875,11.104422,0,43.811817,0,89,0
house_robber,2,fragments,205.32126399998742,9818.514056999982,0,1048576,927,0,57.158809,int-list-views-typed-sorted,0,101,100.064346,1081012,45.237625,1649,-10002.283203125,166.623046875,10.744882,0,42.174155,0,96,0
house_robber,2,fragments,205.32126399998742,9915.641390999983,0,1048576,930,0,54.089647,int-list-views-typed-sorted,0,102,97.127334,1081012,41.47247,1625,-14691.794921875,154.5439453125,11.403475,0,42.249482,0,93,0
house_robber,2,fragments,205.32126399998742,10009.368612999982,0,1048576,926,0,54.413146,int-list-views-typed-sorted,0,103,93.727222,1081012,42.184697,1653,-12015.8798828125,148.32421875,11.073699999999999,0,38.566997,0,97,0
house_robber,2,fragments,205.32126399998742,10089.981012999982,0,1048576,934,0,42.849414,int-list-views-typed-sorted-direct-root,0,104,80.6124,1081012,30.936015,1643,-12950.474609375,140.3603515625,10.714708000000003,0,37.06134,0,89,0
house_robber,2,fragments,205.32126399998742,10178.466640999983,0,1048576,908,0,51.468,int-list-views-typed-sorted,0,105,88.485628,1081016,40.852888,1616,-10462.6318359375,135.28125,9.535377000000004,0,36.267388,0,115,0
house_robber,2,fragments,205.32126399998742,10267.877115999983,0,1048576,929,0,52.49585,int-list-views-typed-sorted,0,106,89.410475,1081016,41.083819,1636,-11909.4013671875,133.1787109375,10.251579999999997,0,36.226879,0,94,0
house_robber,2,fragments,205.32126399998742,10356.132466999983,0,1048576,933,0,52.721612,int-list-views-typed-sorted,0,107,88.255351,1081016,41.158483,1629,-15419.455078125,128.853515625,10.391812000000002,0,34.87308,0,90,0
house_robber,2,fragments,205.32126399998742,10442.601807999983,0,1048576,929,0,52.872725,int-list-views-typed-sorted,0,108,86.469341,1081016,41.933727,1626,-12224.232421875,126.572265625,9.834211999999999,0,32.775235,0,94,0
house_robber,2,fragments,205.32126399998742,10526.548271999984,0,1048576,935,0,51.003527,int-list-views-typed-sorted,0,109,83.946464,1081016,40.404956,1627,-14476.7705078125,121.0224609375,9.657634999999999,0,32.270822,0,88,0
house_robber,2,fragments,205.32126399998742,10609.675470999984,0,1048576,926,0,51.621161,int-list-views-typed-sorted,0,110,83.127199,1081016,41.465144,1621,-14434.03125,116.771484375,9.248806000000002,0,30.862278,0,97,0
house_robber,2,fragments,205.32126399998742,10691.619827999984,0,1048576,920,0,50.367464,int-list-views-typed-sorted,0,111,81.944357,1081016,40.323697,1622,-13568.376953125,116.783203125,9.145333,0,30.930345,0,103,0
house_robber,2,fragments,205.32126399998742,10771.626482999984,0,1048576,916,0,50.18846,int-list-views-typed-sorted,0,112,80.006655,1081016,40.162815,1607,-14937.7138671875,113.5107421875,9.143137999999999,0,29.190853,0,107,0
house_robber,2,fragments,205.32126399998742,10841.045578999983,0,1048576,912,0,39.374222,int-list-views-typed-sorted-direct-root,0,113,69.419096,1081016,30.083259,1581,-19252.087890625,113.0322265625,8.406936000000005,0,29.364635,0,111,0
house_robber,2,fragments,205.32126399998742,10908.880986999984,0,1048576,915,0,39.732929,int-list-views-typed-sorted-direct-root,0,114,67.835408,1081016,29.773846,1594,-14114.4345703125,112.263671875,9.074055000000001,0,27.480388,0,108,0
house_robber,2,fragments,205.32126399998742,10977.432657999983,0,1048576,920,0,39.619819,int-list-views-typed-sorted-direct-root,0,115,68.551671,1081016,29.637419,1627,-11930.4208984375,112.0537109375,9.042655,0,28.258881,0,103,0
house_robber,2,fragments,205.32126399998742,11045.778472999984,0,1048576,925,0,39.70372,int-list-views-typed-sorted-direct-root,0,116,68.345815,1081016,29.809745,1634,-15683.26171875,112.6943359375,9.004737999999996,0,28.005703,0,98,0
house_robber,2,fragments,205.32126399998742,11114.961013999984,0,1048576,925,0,39.789977,int-list-views-typed-sorted-direct-root,0,117,69.182541,1081016,30.004117,1633,-18335.6083984375,110.1669921875,8.892599000000002,0,28.751499,0,98,0
house_robber,2,fragments,205.32126399998742,11184.347641999984,0,1048576,924,0,39.417762,int-list-views-typed-sorted-direct-root,0,118,69.386628,1081016,29.698636,1639,-14001.1640625,108.2353515625,8.719526000000007,0,29.202122,0,99,0
house_robber,2,fragments,205.32126399998742,11252.125617999984,0,1048576,906,0,39.728379,int-list-views-typed-sorted-direct-root,0,119,67.777976,1081016,29.658303,1614,-19180.4892578125,106.85546875,9.173715,0,27.390556,0,117,0
house_robber,2,fragments,205.32126399998742,11319.632355999984,0,1048576,905,0,38.845817,int-list-views-typed-sorted-direct-root,0,120,67.506738,1081016,29.407523,1598,-12776.892578125,106.66015625,8.507954999999999,0,28.033841,0,118,0
house_robber,2,fragments,205.32126399998742,11387.717996999983,0,1048576,918,0,38.83787,int-list-views-typed-sorted-direct-root,0,121,68.085641,1081016,29.566442,1597,-15765.4580078125,106.3232421875,8.398484999999999,0,28.466818,0,105,0
house_robber,2,fragments,205.32126399998742,11453.448168999983,0,1048576,919,0,39.608246,int-list-views-typed-sorted-direct-root,0,122,65.730172,1081016,29.459191,1631,-16313.0517578125,105.53515625,9.276019999999999,0,25.501636,0,104,0
house_robber,2,fragments,205.32126399998742,11520.575599999984,0,1048576,912,0,39.059574,int-list-views-typed-sorted-direct-root,0,123,67.127431,1081016,29.88669,1617,-11562.2021484375,105.4443359375,8.263406999999997,0,27.433616,0,111,0
house_robber,2,fragments,205.32126399998742,11587.771626999984,0,1048576,925,0,39.233424,int-list-views-typed-sorted-direct-root,0,124,67.196027,1081016,30.201281,1635,-13206.9580078125,104.599609375,8.167056999999996,0,27.254352,0,98,0
house_robber,2,fragments,205.32126399998742,11653.780783999984,0,1048576,925,0,38.429279,int-list-views-typed-sorted-direct-root,0,125,66.009157,1081016,28.998627,1631,-13066.017578125,103.923828125,8.562197,0,26.939058,0,98,0
house_robber,2,fragments,205.32126399998742,11720.005325999984,0,1048576,917,0,38.441546,int-list-views-typed-sorted-direct-root,0,126,66.224542,1081016,28.875533,1608,-16148.3056640625,104.07421875,8.701731000000004,0,27.156491,0,106,0
house_robber,2,fragments,205.32126399998742,11786.014091999985,0,1048576,922,0,38.226571,int-list-views-typed-sorted-direct-root,0,127,66.008766,1081016,29.170769,1591,-11888.9814453125,102.447265625,8.116603000000001,0,27.125294,0,101,0
house_robber,2,fragments,205.32126399998742,11852.712071999986,0,1048576,911,0,39.272165,int-list-views-typed-sorted-direct-root,0,128,66.69798,1081016,29.563179,1608,-14868.890625,100.8681640625,8.734839000000004,0,26.793224,0,112,0
house_robber,2,fragments,205.32126399998742,11918.907653999986,0,1048576,913,0,39.044982,int-list-views-typed-sorted-direct-root,0,129,66.195582,1081016,28.95923,1624,-16447.8173828125,100.4228515625,9.193597,0,26.494136,0,110,0
house_robber,2,fragments,205.32126399998742,11984.312771999987,0,1048576,934,0,38.228824,int-list-views-typed-sorted-direct-root,0,130,65.405118,1081016,29.466436,1635,-15839.7421875,101.3583984375,7.913492000000004,0,26.478819,0,89,0
house_robber,2,fragments,205.32126399998742,12049.551069999987,0,1048576,910,0,38.834854,int-list-views-typed-sorted-direct-root,0,131,65.238298,1081016,29.444947,1628,-15135.51171875,100.8330078125,8.498559000000004,0,25.786239,0,113,0
house_robber,2,fragments,205.32126399998742,12114.322306999988,0,1048576,919,0,38.623524,int-list-views-typed-sorted-direct-root,0,132,64.771237,1081016,29.082648,1639,-18100.6142578125,100.5107421875,8.613789000000008,0,25.527548,0,104,0
house_robber,2,fragments,205.32126399998742,12177.734829999989,0,1048576,917,0,37.91509,int-list-views-typed-sorted-direct-root,0,133,63.412523,1081016,28.727955,1643,-15868.9853515625,100.7685546875,8.328976999999998,0,24.834256,0,106,0
house_robber,2,fragments,205.32126399998742,12243.345252999989,0,1048576,906,0,37.969225,int-list-views-typed-sorted-direct-root,0,134,65.610423,1081016,29.008579,1619,-17244.109375,100.916015625,8.070774,0,27.032709,0,117,0
house_robber,2,fragments,205.32126399998742,12308.13347899999,0,1048576,886,0,38.643873,int-list-views-typed-sorted-direct-root,0,135,64.788226,1081016,29.194273,1586,-15242.7353515625,100.84375,8.555323999999999,0,25.521238,0,137,0
house_robber,2,fragments,205.32126399998742,12373.700634999988,0,1048576,893,0,39.100472,int-list-views-typed-sorted-direct-root,0,136,65.567156,1081016,29.402524,1578,-18393.6787109375,99.9208984375,8.711513000000004,0,25.845893,0,130,0
house_robber,2,fragments,205.32126399998742,12438.665597999989,0,1048576,916,0,38.921281,int-list-views-typed-sorted-direct-root,0,137,64.964963,1081016,29.467067,1610,-15172.388671875,99.61328125,8.53873,0,25.366144,0,107,0
house_robber,2,fragments,205.32126399998742,12502.419082999988,0,1048576,910,0,38.014008,int-list-views-typed-sorted-direct-root,0,138,63.753485,1081016,28.692773,1622,-19687.5751953125,98.388671875,8.433286999999996,0,25.132075,0,113,0
house_robber,2,fragments,205.32126399998742,12566.641915999988,0,1048576,901,0,38.514942,int-list-views-typed-sorted-direct-root,0,139,64.222833,1081016,28.991748,1619,-15830.650390625,98.4599609375,8.649239999999999,0,25.040231,0,122,0
house_robber,2,fragments,205.32126399998742,12629.464906999987,0,1048576,927,0,37.831537,int-list-views-typed-sorted-direct-root,0,140,62.822991,1081016,28.961833,1620,-19495.9208984375,97.009765625,8.013793,0,24.370531,0,96,0
house_robber,2,fragments,205.32126399998742,12694.206101999987,0,1048576,901,0,38.554733,int-list-views-typed-sorted-direct-root,0,141,64.741195,1081016,29.768981,1597,-15693.3310546875,97.63671875,7.929012999999999,0,25.522976,0,122,0
house_robber,2,fragments,205.32126399998742,12758.636338999988,0,1048576,912,0,38.819191,int-list-views-typed-sorted-direct-root,0,142,64.430237,1081016,28.998593,1612,-22568.787109375,96.4267578125,8.883091,0,24.995438,0,111,0
house_robber,2,fragments,205.32126399998742,12822.418319999988,0,1048576,907,0,38.950922,int-list-views-typed-sorted-direct-root,0,143,63.781981,1081016,29.15554,1609,-22348.7822265625,96.916015625,8.910985,0,24.100039,0,116,0
house_robber,2,fragments,205.32126399998742,12886.538335999989,0,1048576,930,0,38.769025,int-list-views-typed-sorted-direct-root,0,144,64.120016,1081016,29.938138,1615,-16608.642578125,95.3173828125,7.976316999999998,0,24.633613,0,93,0
house_robber,2,fragments,205.32126399998742,12950.269777999989,0,1048576,900,0,38.765704,int-list-views-typed-sorted-direct-root,0,145,63.731442,1081016,29.431444,1606,-14380.232421875,95.548828125,8.490244999999998,0,24.347271,0,123,0
house_robber,2,fragments,205.32126399998742,13012.88129799999,0,1048576,915,0,38.197803,int-list-views-typed-sorted-direct-root,0,146,62.61152,1081016,28.999674,1613,-20809.8916015625,95.4375,8.354874000000002,0,23.768053,0,108,0
house_robber,2,fragments,205.32126399998742,13074.93573899999,0,1048576,885,0,38.130705,int-list-views-typed-sorted-direct-root,0,147,62.054441,1081016,29.06257,1581,-19055.0654296875,94.326171875,8.164646999999999,0,23.308529,0,138,0
house_robber,2,fragments,205.32126399998742,13137.56697799999,0,1048576,896,0,38.243752,int-list-views-typed-sorted-direct-root,0,148,62.631239,1081016,29.641363,1584,-20348.013671875,93.9736328125,7.737725999999999,0,23.73862,0,127,0
house_robber,2,fragments,205.32126399998742,13201.34459499999,0,1048576,900,0,38.774574,int-list-views-typed-sorted-direct-root,0,149,63.777617,1081016,29.646287,1587,-20218.2294921875,95.56640625,8.282488999999998,0,24.344331,0,123,0
house_robber,2,fragments,205.32126399998742,13263.64673499999,0,1048576,904,0,37.966939,int-list-views-typed-sorted-direct-root,0,150,62.30214,1081016,28.826783,1643,-17657.4873046875,94.3916015625,8.260468000000005,0,23.629128,0,119,0
house_robber,2,fragments,205.32126399998742,13325.71831699999,0,1048576,916,0,38.214579,int-list-views-typed-sorted-direct-root,0,151,62.071582,1081016,29.078218,1622,-17885.3525390625,94.7119140625,8.197568000000004,0,23.230269,0,107,0
house_robber,2,fragments,205.32126399998742,13388.16271399999,0,1048576,908,0,37.861791,int-list-views-typed-sorted-direct-root,0,152,62.444397,1081016,29.104585,1598,-15181.2275390625,96.5947265625,7.835875999999997,0,23.954589,0,115,0
house_robber,2,fragments,205.32126399998742,13451.550268999988,0,1048576,907,0,38.165993,int-list-views-typed-sorted-direct-root,0,153,63.387555,1081016,29.07979,1611,-16747.19921875,95.71484375,8.191182999999999,0,24.574936,0,116,0
house_robber,2,fragments,205.32126399998742,13515.058192999988,0,1048576,909,0,38.387736,int-list-views-typed-sorted-direct-root,0,154,63.507924,1081016,29.086453,1628,-19119.62890625,95.54296875,8.452984999999998,0,24.434423,0,114,0
house_robber,2,fragments,205.32126399998742,13576.925876999989,0,1048576,913,0,38.298521,int-list-views-typed-sorted-direct-root,0,155,61.867684,1081016,28.974265,1642,-17110.388671875,94.96875,8.454312999999999,0,22.883298,0,110,0
house_robber,2,fragments,205.32126399998742,13641.137613999988,0,1048576,916,0,38.471366,int-list-views-typed-sorted-direct-root,0,156,64.211737,1081016,29.717676,1635,-14045.12890625,94.728515625,7.898917000000003,0,25.109654,0,107,0
house_robber,2,fragments,205.32126399998742,13705.055324999988,0,1048576,904,0,38.727208,int-list-views-typed-sorted-direct-root,0,157,63.917711,1081016,29.402904,1589,-17473.5390625,93.2685546875,8.472265999999998,0,24.508574,0,119,0
house_robber,2,fragments,205.32126399998742,13767.583862999989,0,1048576,914,0,38.425089,int-list-views-typed-sorted-direct-root,0,158,62.528538,1081016,29.195539,1613,-16122.5048828125,93.4990234375,8.381281000000003,0,23.435566,0,109,0
house_robber,2,fragments,205.32126399998742,13829.953586999989,0,1048576,910,0,38.776034,int-list-views-typed-sorted-direct-root,0,159,62.369724,1081016,29.530321,1617,-16632.1650390625,94.03515625,8.392838000000001,0,22.969657,0,113,0
house_robber,2,fragments,205.32126399998742,13892.60041299999,0,1048576,917,0,37.924223,int-list-views-typed-sorted-direct-root,0,160,62.646826,1081016,29.116026,1607,-17364.89453125,94.08203125,7.871867,0,24.099081,0,106,0
house_robber,2,fragments,205.32126399998742,13956.427772999989,0,1048576,902,0,38.73433,int-list-views-typed-sorted-direct-root,0,161,63.82736,1081016,29.40578,1592,-16871.1748046875,97.5537109375,8.478066999999996,0,24.346725,0,121,0
house_robber,2,fragments,205.32126399998742,14019.731786999988,0,1048576,909,0,38.973696,int-list-views-typed-sorted-direct-root,0,162,63.304014,1081016,29.452371,1602,-17050.1064453125,98.0400390625,8.638314999999995,0,23.650275,0,114,0
house_robber,2,fragments,205.32126399998742,14083.683552999988,0,1048576,909,0,38.210202,int-list-views-typed-sorted-direct-root,0,163,63.951766,1081016,29.269784,1586,-16681.4267578125,95.9267578125,8.022622000000002,0,25.099399,0,114,0
house_robber,2,fragments,205.32126399998742,14146.956126999989,0,1048576,890,0,38.520585,int-list-views-typed-sorted-direct-root,0,164,63.272574,1081016,29.024557,1597,-15837.3515625,96.044921875,8.627683999999995,0,24.136243,0,133,0
house_robber,2,fragments,205.32126399998742,14210.262572999989,0,1048576,917,0,38.15629,int-list-views-typed-sorted-direct-root,0,165,63.306446,1081016,28.897956,1618,-16236.2822265625,96.5048828125,8.386082999999998,0,24.532798,0,106,0
house_robber,2,fragments,205.32126399998742,14273.896883999989,0,1048576,916,0,38.285347,int-list-views-typed-sorted-direct-root,0,166,63.634311,1081016,28.904266,1620,-16680.517578125,95.4814453125,8.524117000000004,0,24.68468,0,107,0
house_robber,2,fragments,205.32126399998742,14336.85117199999,0,1048576,907,0,38.556315,int-list-views-typed-sorted-direct-root,0,167,62.954288,1081016,29.18301,1617,-14327.509765625,94.51171875,8.477673999999997,0,23.744687,0,116,0
house_robber,2,fragments,205.32126399998742,14400.605247999989,0,1048576,906,0,38.78507,int-list-views-typed-sorted-direct-root,0,168,63.754076,1081016,29.627656,1611,-15609.2333984375,93.7099609375,8.241246999999994,0,24.322417,0,117,0
house_robber,2,fragments,205.32126399998742,14464.563632999989,0,1048576,916,0,39.329728,int-list-views-typed-sorted-direct-root,0,169,63.958385,1081016,29.47595,1610,-16834.169921875,92.8095703125,8.900862000000007,0,23.988186,0,107,0
house_robber,2,fragments,205.32126399998742,14527.46533899999,0,1048576,903,0,38.355334,int-list-views-typed-sorted-direct-root,0,170,62.901706,1081016,28.897877,1581,-18343.84765625,92.087890625,8.466622999999997,0,23.861463,0,120,0
house_robber,2,fragments,205.32126399998742,14588.55063399999,0,1048576,913,0,37.949371,int-list-views-typed-sorted-direct-root,0,171,61.085295,1081016,28.754153,1597,-15345.3837890625,90.7412109375,8.268159999999996,0,22.529688,0,110,0
house_robber,2,fragments,205.32126399998742,14649.76869699999,0,1048576,899,0,37.358806,int-list-views-typed-sorted-direct-root,0,172,61.218063,1081016,28.701462,1592,-19702.4443359375,90.8662109375,7.755613000000003,0,23.242716,0,124,0
house_robber,2,fragments,205.32126399998742,14710.93547299999,0,1048576,911,0,37.703142,int-list-views-typed-sorted-direct-root,0,173,61.166776,1081016,28.400733,1607,-18767.7490234375,89.8095703125,8.411839000000002,0,22.762478,0,112,0
house_robber,2,fragments,205.32126399998742,14773.95289699999,0,1048576,894,0,38.314492,int-list-views-typed-sorted-direct-root,0,174,63.017424,1081016,29.234597,1599,-21148.6787109375,89.1064453125,8.185552000000001,0,24.048665,0,129,0
house_robber,2,fragments,205.32126399998742,14835.20098399999,0,1048576,913,0,39.105396,int-list-views-typed-sorted-direct-root,0,175,61.248087,1081016,29.175086,1609,-21925.361328125,88.8037109375,9.037802,0,21.415322,0,110,0
house_robber,2,fragments,205.32126399998742,14896.08970899999,0,1048576,893,0,37.32956,int-list-views-typed-sorted-direct-root,0,176,60.888725,1081016,28.816731,1571,-23044.5703125,90.0107421875,7.635213,0,22.950722,0,130,0
house_robber,2,fragments,205.32126399998742,14957.427899999991,0,1048576,916,0,38.243695,int-list-views-typed-sorted-direct-root,0,177,61.338191,1081016,29.236249,1596,-15777.7431640625,88.6240234375,8.168627,0,22.484064,0,107,0
house_robber,2,fragments,205.32126399998742,15018.200624999992,0,1048576,904,0,37.681943,int-list-views-typed-sorted-direct-root,0,178,60.772725,1081016,28.661342,1609,-20113.7919921875,89.5146484375,8.165569999999997,0,22.382415,0,119,0
house_robber,2,fragments,205.32126399998742,15079.929601999993,0,1048576,894,0,37.84574,int-list-views-typed-sorted-direct-root,0,179,61.728977,1081016,28.750092,1574,-19417.560546875,89.2060546875,8.262501,0,23.269313,0,129,0
house_robber,2,fragments,205.32126399998742,15141.170250999992,0,1048576,926,0,38.033991,int-list-views-typed-sorted-direct-root,0,180,61.240649,1081016,29.424089,1596,-17629.4296875,89.2255859375,7.760861000000003,0,22.59212,0,97,0
house_robber,2,fragments,205.32126399998742,15203.142500999993,0,1048576,909,0,38.387996,int-list-views-typed-sorted-direct-root,0,181,61.97225,1081016,29.295469,1598,-20339.6669921875,90.1962890625,8.221160000000001,0,22.967393,0,114,0
house_robber,2,fragments,205.32126399998742,15264.590425999993,0,1048576,899,0,37.801452,int-list-views-typed-sorted-direct-root,0,182,61.447925,1081016,28.581154,1607,-16097.130859375,90.1953125,8.369396,0,23.017591,0,124,0
house_robber,2,fragments,205.32126399998742,15327.239563999994,0,1048576,917,0,38.776756,int-list-views-typed-sorted-direct-root,0,183,62.649138,1081016,29.535864,1621,-16364.265625,89.919921875,8.390729,0,23.24281,0,106,0
house_robber,2,fragments,205.32126399998742,15389.675300999994,0,1048576,912,0,38.736344,int-list-views-typed-sorted-direct-root,0,184,62.435737,1081016,29.54143,1630,-21026.0849609375,89.544921875,8.328434000000005,0,23.083292,0,111,0
house_robber,2,fragments,205.32126399998742,15450.798557999993,0,1048576,918,0,38.48592,int-list-views-typed-sorted-direct-root,0,185,61.123257,1081016,29.333284,1621,-22008.9638671875,90.7705078125,8.307482,0,21.955687,0,105,0
house_robber,2,fragments,205.32126399998742,15512.275925999993,0,1048576,919,0,37.323156,int-list-views-typed-sorted-direct-root,0,186,61.477368,1081016,28.655461,1612,-13670.8974609375,89.751953125,7.826228999999998,0,23.513878,0,104,0
house_robber,2,fragments,205.32126399998742,15573.604964999993,0,1048576,906,0,38.315445,int-list-views-typed-sorted-direct-root,0,187,61.329039,1081016,29.064504,1633,-15528.4990234375,90.1865234375,8.405511999999995,0,22.333962,0,117,0
house_robber,2,fragments,205.32126399998742,15635.843268999994,0,1048576,895,0,38.438738,int-list-views-typed-sorted-direct-root,0,188,62.238304,1081016,29.343626,1616,-18862.4638671875,91.0654296875,8.213618000000004,0,23.152278,0,128,0
house_robber,2,fragments,205.32126399998742,15696.544101999994,0,1048576,895,0,38.241592,int-list-views-typed-sorted-direct-root,0,189,60.700833,1081016,29.147444,1612,-16555.3935546875,90.07421875,8.239632999999998,0,21.831017,0,128,0
house_robber,2,fragments,205.32126399998742,15758.389735999994,0,1048576,916,0,38.335939,int-list-views-typed-sorted-direct-root,0,190,61.845634,1081016,29.567018,1612,-18637.12109375,89.841796875,7.853516000000006,0,22.87833,0,107,0
house_robber,2,fragments,205.32126399998742,15819.960449999993,0,1048576,916,0,38.122304,int-list-views-typed-sorted-direct-root,0,191,61.570714,1081016,28.937777,1600,-18169.34765625,88.818359375,8.337141999999997,0,22.781188,0,107,0
house_robber,2,fragments,205.32126399998742,15880.487687999994,0,1048576,912,0,38.302396,int-list-views-typed-sorted-direct-root,0,192,60.527238,1081016,29.166031,1622,-22030.3076171875,89.3671875,8.253179,0,21.5931,0,111,0
house_robber,2,fragments,205.32126399998742,15940.986457999994,0,1048576,906,0,37.76742,int-list-views-typed-sorted-direct-root,0,193,60.49877,1081016,29.164956,1608,-20786.9462890625,90.677734375,7.763320000000003,0,22.101592,0,117,0
house_robber,2,fragments,205.32126399998742,16002.121044999994,0,1048576,917,0,37.741648,int-list-views-typed-sorted-direct-root,0,194,61.134587,1081016,28.913836,1620,-17246.08984375,92.13671875,7.987055999999997,0,22.754123,0,106,0
house_robber,2,fragments,205.32126399998742,16065.014960999995,0,1048576,896,0,38.854571,int-list-views-typed-sorted-direct-root,0,195,62.893916,1081016,29.493839,1607,-15365.0419921875,92.2060546875,8.479078000000001,0,23.38614,0,127,0
house_robber,2,fragments,205.32126399998742,16127.213417999996,0,1048576,908,0,39.322137,int-list-views-typed-sorted-direct-root,0,196,62.198457,1081016,29.942065,1622,-18848.951171875,91.3671875,8.506293999999993,0,22.223191,0,115,0
house_robber,2,fragments,205.32126399998742,16188.373706999995,0,1048576,911,0,37.320604,int-list-views-typed-sorted-direct-root,0,197,61.160289,1081016,28.765035,1616,-18380.6875,91.9765625,7.7061329999999995,0,23.167044,0,112,0
house_robber,2,fragments,205.32126399998742,16250.342665999995,0,1048576,895,0,38.368883,int-list-views-typed-sorted-direct-root,0,198,61.968959,1081016,29.01526,1614,-19510.2734375,91.9423828125,8.439680999999997,0,22.872269,0,128,0
house_robber,2,fragments,205.32126399998742,16313.190617999995,0,1048576,903,0,38.831629,int-list-views-typed-sorted-direct-root,0,199,62.847952,1081016,29.491255,1603,-17655.1005859375,92.6806640625,8.498045999999999,0,23.378921,0,120,0
house_robber,2,fragments,205.32126399998742,16375.100169999994,0,1048576,926,0,38.772503,int-list-views-typed-sorted-direct-root,0,200,61.909552,1081016,29.417028,1622,-19617.427734375,94.6787109375,8.502941,0,22.503642,0,97,0
house_robber,2,fragments,205.32126399998742,16439.005236999994,0,1048576,893,0,39.267866,int-list-views-typed-sorted-direct-root,0,201,63.905067,1081016,30.433256,1599,-18215.0068359375,93.7626953125,7.944743999999996,0,24.005218,0,130,0
house_robber,2,fragments,205.32126399998742,16503.088924999993,0,1048576,915,0,39.052693,int-list-views-typed-sorted-direct-root,0,202,64.083688,1081016,29.681611,1616,-18765.876953125,95.82421875,8.462154999999996,0,24.39655,0,108,0
house_robber,2,fragments,205.32126399998742,16567.503690999994,0,1048576,915,0,39.49991,int-list-views-typed-sorted-direct-root,0,203,64.414766,1081016,30.140075,1590,-20298.71875,96.1865234375,8.517361000000003,0,24.126363,0,108,0
house_robber,2,fragments,205.32126399998742,16632.041971999995,0,1048576,915,0,39.371572,int-list-views-typed-sorted-direct-root,0,204,64.538281,1081016,30.101171,1606,-18181.0498046875,96.310546875,8.406019000000002,0,24.458657,0,108,0
house_robber,2,fragments,205.32126399998742,16696.624221999995,0,1048576,899,0,39.30464,int-list-views-typed-sorted-direct-root,0,205,64.58225,1081016,30.058568,1575,-19015.546875,97.236328125,8.405447999999998,0,24.602316,0,124,0
house_robber,2,fragments,205.32126399998742,16761.006293999995,0,1048576,916,0,39.493607,int-list-views-typed-sorted-direct-root,0,206,64.382072,1081016,29.981824,1608,-19116.9697265625,95.583984375,8.642859999999997,0,24.235959,0,107,0
house_robber,2,fragments,205.32126399998742,16826.110443999994,0,1048576,926,0,39.308173,int-list-views-typed-sorted-direct-root,0,207,65.10415,1081016,30.004973,1610,-18704.2431640625,97.623046875,8.456105999999998,0,25.171516,0,97,0
house_robber,2,fragments,205.32126399998742,16891.252128999993,0,1048576,913,0,39.346242,int-list-views-typed-sorted-direct-root,0,208,65.141685,1081016,29.947779,1626,-17672.1826171875,98.0830078125,8.546283999999998,0,25.165537,0,110,0
house_robber,2,fragments,205.32126399998742,16956.086896999994,0,1048576,909,0,38.980471,int-list-views-typed-sorted-direct-root,0,209,64.834768,1081016,29.49883,1592,-17505.7275390625,98.9072265625,8.594256000000003,0,25.236782,0,114,0
house_robber,2,fragments,205.32126399998742,17019.349420999995,0,1048576,922,0,38.865552,int-list-views-typed-sorted-direct-root,0,210,63.262524,1081016,29.307182,1592,-19021.3330078125,96.462890625,8.643577,0,23.774681,0,101,0
house_robber,2,fragments,205.32126399998742,17083.060828999995,0,1048576,924,0,38.464773,int-list-views-typed-sorted-direct-root,0,211,63.711408,1081016,29.637409,1628,-13208.1884765625,96.333984375,7.961696999999999,0,24.612248,0,99,0
house_robber,2,fragments,205.32126399998742,17145.769684999996,0,1048576,904,0,38.414248,int-list-views-typed-sorted-direct-root,0,212,62.708856,1081016,29.122871,1621,-20172.0830078125,97.5224609375,8.437074999999997,0,23.622759,0,119,0
house_robber,2,fragments,205.32126399998742,17208.926384999995,0,1048576,916,0,37.815621,int-list-views-typed-sorted-direct-root,0,213,63.1567,1081016,28.808147,1642,-16712.4560546875,96.5517578125,8.125638000000002,0,24.704229,0,107,0
house_robber,2,fragments,205.32126399998742,17273.166938999995,0,1048576,904,0,38.56352,int-list-views-typed-sorted-direct-root,0,214,64.240554,1081016,29.161521,1619,-18334.412109375,96.357421875,8.508188999999998,0,24.971263,0,119,0
house_robber,2,fragments,205.32126399998742,17337.203711999995,0,1048576,913,0,38.904823,int-list-views-typed-sorted-direct-root,0,215,64.036773,1081016,29.349695,1621,-20468.470703125,95.171875,8.708331000000005,0,24.489871,0,110,0
house_robber,2,fragments,205.32126399998742,17400.511390999996,0,1048576,932,0,38.124688,int-list-views-typed-sorted-direct-root,0,216,63.307679,1081016,28.902369,1639,-16501.4814453125,94.388671875,8.339906999999998,0,24.538408,0,91,0
house_robber,2,fragments,205.32126399998742,17463.194660999998,0,1048576,911,0,39.088495,int-list-views-typed-sorted-direct-root,0,217,62.68327,1081016,28.869601,1651,-20506.5830078125,94.6201171875,9.338306,0,22.912286,0,112,0
house_robber,2,fragments,205.32126399998742,17527.413934999997,0,1048576,900,0,38.835829,int-list-views-typed-sorted-direct-root,0,218,64.219274,1081016,29.149308,1623,-16306.169921875,94.658203125,8.839532999999996,0,24.703691,0,123,0
house_robber,2,fragments,205.32126399998742,17591.266446999998,0,1048576,891,0,38.149006,int-list-views-typed-sorted-direct-root,0,219,63.852512,1081016,28.85918,1620,-17043.1201171875,93.53515625,8.422343000000003,0,24.932635,0,132,0
house_robber,2,fragments,205.32126399998742,17655.507748999997,0,1048576,912,0,38.833461,int-list-views-typed-sorted-direct-root,0,220,64.241302,1081016,28.570886,1606,-15801.2353515625,92.6943359375,9.376978999999999,0,24.751313,0,111,0
house_robber,2,fragments,205.32126399998742,17724.989918999996,0,1048576,919,0,40.121778,int-list-views-typed-sorted-direct-root,0,221,69.48217,1081016,28.8927,1594,-17268.5703125,93.111328125,10.042470999999999,0,28.651814,0,104,0
house_robber,2,fragments,205.32126399998742,17789.799947999996,0,1048576,920,0,40.299063,int-list-views-typed-sorted-direct-root,0,222,64.810029,1081016,28.606436,1595,-15567.2265625,92.9169921875,10.747125999999994,0,23.862768,0,103,0
house_robber,2,fragments,205.32126399998742,17856.281180999995,0,1048576,922,0,38.861171,int-list-views-typed-sorted-direct-root,0,223,66.481233,1081016,29.169144,1609,-18395.005859375,95.30859375,8.766934999999997,0,26.970982,0,101,0
house_robber,2,fragments,205.32126399998742,17920.225755999996,0,1048576,894,0,39.590096,int-list-views-typed-sorted-direct-root,0,224,63.944575,1081016,29.526355,1620,-17765.099609375,96.0947265625,9.208902000000005,0,23.67241,0,129,0
house_robber,2,fragments,205.32126399998742,17984.055505999997,0,1048576,923,0,39.22855,int-list-views-typed-sorted-direct-root,0,225,63.82975,1081016,29.634864,1632,-17439.7890625,95.6494140625,8.640094999999997,0,23.954652,0,100,0
house_robber,2,fragments,205.32126399998742,18048.350159999998,0,1048576,894,0,39.029486,int-list-views-typed-sorted-direct-root,0,226,64.294654,1081016,29.542602,1593,-21128.8359375,94.6943359375,8.578740000000002,0,24.568305,0,129,0
house_robber,2,fragments,205.32126399998742,18111.811004,0,1048576,918,0,38.936593,int-list-views-typed-sorted-direct-root,0,227,63.460844,1081016,29.49244,1600,-19535.4072265625,95.6923828125,8.589215000000003,0,23.883594,0,105,0
house_robber,2,fragments,205.32126399998742,18175.1871,0,1048576,911,0,38.632538,int-list-views-typed-sorted-direct-root,0,228,63.376096,1081016,29.099733,1611,-14460.1240234375,94.7265625,8.653598999999996,0,24.061221,0,112,0
house_robber,2,fragments,205.32126399998742,18238.699237,0,1048576,924,0,38.708451,int-list-views-typed-sorted-direct-root,0,229,63.512137,1081016,29.282247,1607,-19378.94140625,93.853515625,8.543365999999995,0,24.137025,0,99,0
house_robber,2,fragments,205.32126399998742,18303.189045,0,1048576,904,0,38.91841,int-list-views-typed-sorted-direct-root,0,230,64.489808,1081016,28.845254,1591,-15984.33203125,92.9404296875,9.191503999999998,0,24.881664,0,119,0
house_robber,2,fragments,205.32126399998742,18367.480057,0,1048576,918,0,38.561533,int-list-views-typed-sorted-direct-root,0,231,64.291012,1081016,29.227738,1608,-21971.1962890625,92.7822265625,8.428082,0,25.086102,0,105,0
house_robber,2,fragments,205.32126399998742,18430.811164000002,0,1048576,913,0,38.537753,int-list-views-typed-sorted-direct-root,0,232,63.331107,1081016,29.145804,1624,-17944.2900390625,93.2431640625,8.522964000000002,0,24.128888,0,110,0
house_robber,2,fragments,205.32126399998742,18493.203822000003,0,1048576,895,0,38.412781,int-list-views-typed-sorted-direct-root,0,233,62.392658,1081016,29.005507,1612,-18903.3017578125,92.1474609375,8.553546,0,23.302671,0,128,0
house_robber,2,fragments,205.32126399998742,18556.289148000003,0,1048576,913,0,39.133226,int-list-views-typed-sorted-direct-root,0,234,63.085326,1081016,29.733682,1634,-18205.0546875,92.818359375,8.547897,0,23.206474,0,110,0
house_robber,2,fragments,205.32126399998742,18619.293745000003,0,1048576,916,0,38.543992,int-list-views-typed-sorted-direct-root,0,235,63.004597,1081016,29.169234,1620,-18194.81640625,92.3896484375,8.530262000000004,0,23.81508,0,107,0
house_robber,2,fragments,205.32126399998742,18683.380301,0,1048576,913,0,39.136161,int-list-views-typed-sorted-direct-root,0,236,64.086556,1081016,29.527521,1602,-13840.0107421875,92.0341796875,8.759613000000002,0,24.292811,0,110,0
house_robber,2,fragments,205.32126399998742,18745.941816000002,0,1048576,910,0,38.347319,int-list-views-typed-sorted-direct-root,0,237,62.561515,1081016,29.051157,1599,-15857.28515625,93.08203125,8.443945999999997,0,23.563433,0,113,0
house_robber,2,fragments,205.32126399998742,18808.354345000003,0,1048576,927,0,38.578532,int-list-views-typed-sorted-direct-root,0,238,62.412529,1081016,29.184003,1620,-19188.2607421875,93.5947265625,8.539293000000004,0,23.194282,0,96,0
house_robber,2,fragments,205.32126399998742,18871.377012000004,0,1048576,897,0,38.281152,int-list-views-typed-sorted-direct-root,0,239,63.022667,1081016,29.549533,1591,-19171.763671875,94.732421875,7.854424999999998,0,24.067916,0,126,0
house_robber,2,fragments,205.32126399998742,18935.670309000005,0,1048576,918,0,39.026797,int-list-views-typed-sorted-direct-root,0,240,64.293297,1081016,29.001802,1623,-16508.7548828125,94.44140625,9.139733000000003,0,24.581447,0,105,0
house_robber,2,fragments,205.32126399998742,18999.634018000004,0,1048576,926,0,38.751907,int-list-views-typed-sorted-direct-root,0,241,63.963709,1081016,28.757773,1615,-18295.0185546875,94.5146484375,9.014758000000004,0,24.391755,0,97,0
house_robber,2,fragments,205.32126399998742,19063.134309000005,0,1048576,921,0,38.957966,int-list-views-typed-sorted-direct-root,0,242,63.500291,1081016,29.496981,1613,-16443.1162109375,92.9228515625,8.562551,0,23.890966,0,102,0
house_robber,2,fragments,205.32126399998742,19124.995427000005,0,1048576,917,0,37.922653,int-list-views-typed-sorted-direct-root,0,243,61.861118,1081016,28.660167,1608,-15669.90625,93.55078125,8.413217,0,23.293339,0,106,0
house_robber,2,fragments,205.32126399998742,19187.145654000004,0,1048576,933,0,37.944175,int-list-views-typed-sorted-direct-root,0,244,62.150227,1081016,28.890285,1643,-20795.318359375,94.3173828125,8.199238000000005,0,23.55798,0,90,0
house_robber,2,fragments,205.32126399998742,19249.443127000002,0,1048576,910,0,38.561177,int-list-views-typed-sorted-direct-root,0,245,62.297473,1081016,29.07958,1629,-19466.1328125,93.939453125,8.628836000000003,0,23.089408,0,113,0
house_robber,2,fragments,205.32126399998742,19311.748484000003,0,1048576,900,0,37.599364,int-list-views-typed-sorted-direct-root,0,246,62.305357,1081016,28.764181,1616,-20236.0478515625,93.8076171875,7.9477519999999995,0,24.023767,0,123,0
house_robber,2,fragments,205.32126399998742,19374.788252000002,0,1048576,893,0,38.529375,int-list-views-typed-sorted-direct-root,0,247,63.039768,1081016,28.987598,1583,-16943.44921875,93.361328125,8.646227000000003,0,23.858553,0,130,0
house_robber,2,fragments,205.32126399998742,19437.915247,0,1048576,902,0,38.135221,int-list-views-typed-sorted-direct-root,0,248,63.126995,1081016,28.696237,1594,-20023.8251953125,93.2685546875,8.574805999999999,0,24.279473,0,121,0
house_robber,2,fragments,205.32126399998742,19500.530649,0,1048576,905,0,39.064738,int-list-views-typed-sorted-direct-root,0,249,62.615402,1081016,29.718713,1592,-16887.0087890625,92.826171875,8.489009999999999,0,22.88802,0,118,0
house_robber,2,fragments,205.32126399998742,19561.09806,0,1048576,915,0,37.569554,int-list-views-typed-sorted-direct-root,0,250,60.567411,1081016,28.779594,1600,-20739.95703125,91.966796875,7.939284999999999,0,22.334618,0,108,0
house_robber,2,fragments,205.32126399998742,19621.910428,0,1048576,912,0,37.870879,int-list-views-typed-sorted-direct-root,0,251,60.812368,1081016,29.138932,1590,-20621.9072265625,91.4443359375,7.859372000000003,0,22.280139,0,111,0
house_robber,2,fragments,205.32126399998742,19682.583373999998,0,1048576,906,0,38.018532,int-list-views-typed-sorted-direct-root,0,252,60.672946,1081016,29.287882,1602,-18731.85546875,91.5830078125,7.846748999999998,0,21.969941,0,117,0
house_robber,2,fragments,205.32126399998742,19744.974058999996,0,1048576,907,0,38.437242,int-list-views-typed-sorted-direct-root,0,253,62.390685,1081016,28.910254,1612,-17634.2021484375,90.9375,8.558653999999999,0,23.225191,0,116,0
house_robber,2,fragments,205.32126399998742,19806.701861999998,0,1048576,913,0,38.447634,int-list-views-typed-sorted-direct-root,0,254,61.727803,1081016,28.593826,1628,-20474.87890625,90.4990234375,8.951256,0,22.637592,0,110,0
house_robber,2,fragments,205.32126399998742,19868.612822,0,1048576,895,0,38.016748,int-list-views-typed-sorted-direct-root,0,255,61.91096,1081016,28.615482,1602,-15550.6796875,90.4580078125,8.555988,0,23.25237,0,128,0
median,0,fragments,206.33526099999835,241.99242599999835,-31025,1048576,869,275609,14.474926,int-list-views-typed-sorted-direct-root-window-unboxed-bound-add,0,0,35.657165,1008964,3.253817,2323,-304667.439453125,57.76953125,10.162127000000002,0,20.133851,0,154,0
median,0,fragments,206.33526099999835,265.5699189999983,-31025,1048576,809,95870,10.994633,int-list-views-typed-sorted-direct-root-window-unboxed-bound-add,0,1,23.577493,1009412,1.961941,2022,-132876.1025390625,56.8359375,8.224288,0,11.891923,0,214,0
median,0,fragments,206.33526099999835,287.78280899999834,-31025,1048576,768,33018,10.568242,int-list-views-typed-sorted-direct-root-window-unboxed-bound-add,0,2,22.21289,1009776,2.01708,1895,-71638.595703125,61.7568359375,7.737024,0,10.958073,0,255,0
median,0,fragments,206.33526099999835,311.18325199999833,-31025,1048576,761,13678,11.176253,int-list-views-typed-sorted-direct-root-window-unboxed-bound-add,0,3,23.400443,1010148,2.058531,1793,-49693.8994140625,64.19140625,8.316640000000001,0,11.56054,0,262,0
median,0,fragments,206.33526099999835,335.4444889999983,-30524,1048576,753,23008,11.111622,int-list-views-typed-sorted-direct-root-window-unboxed-bound-add,0,4,24.261237,1010468,2.031064,1714,-58698.22265625,66.1494140625,8.24071,0,12.488599,0,270,0
median,0,fragments,206.33526099999835,360.9123469999983,-29952,1048576,774,28398,11.496073,int-list-views-typed-sorted-direct-root-window-unboxed-bound-add,0,5,25.467858,1010616,2.049897,1691,-65417.4306640625,61.0224609375,8.566688000000001,0,13.300382,0,249,0
median,0,fragments,206.33526099999835,385.3941699999983,-29952,1048576,803,20314,10.976307,int-list-views-typed-sorted-direct-root-window-unboxed-bound-add,0,6,24.481823,1010796,2.06263,1749,-55572.8369140625,71.7802734375,8.108184,0,12.786731,0,220,0
median,0,fragments,206.33526099999835,412.46749799999833,-29952,1048576,809,23029,12.277315,int-list-views-typed-sorted-direct-root-window-unboxed-bound-add,0,7,27.073328,1011200,2.080996,1758,-59405.50390625,78.7412109375,9.348179,0,14.047133,0,214,0
median,0,fragments,206.33526099999835,441.60233299999834,-29187,1048576,851,28361,12.199731,int-list-views-typed-sorted-direct-root-window-unboxed-bound-add,0,8,29.134835,1011984,2.118221,1787,-62308.384765625,86.8046875,9.225933000000001,0,16.224201,0,172,0
median,0,fragments,206.33526099999835,473.05108299999836,-29187,1048576,859,33083,13.041648,int-list-views-typed-sorted-direct-root-window-unboxed-bound-add,0,9,31.44875,1013176,2.057973,1785,-68117.9306640625,90.5458984375,10.039971000000001,0,17.69184,0,164,0
median,0,fragments,206.33526099999835,504.06427799999835,-29187,1048576,873,42908,12.965235,int-list-views-typed-sorted-direct-root-window-unboxed-bound-add,0,10,31.013195,1014372,2.087015,1809,-76882.7744140625,92.5478515625,9.934638,0,17.240061,0,150,0
median,0,fragments,206.33526099999835,536.0836789999984,-29187,1048576,854,33379,13.074327,int-list-views-typed-sorted-direct-root-window-unboxed-bound-add,0,11,32.019401,1014976,2.079929,1823,-68927.3125,90.8662109375,10.071793,0,18.166655,0,169,0
median,0,fragments,206.33526099999835,567.9249669999983,-29187,1048576,869,30772,13.119106,int-list-views-typed-sorted-direct-root-window-unboxed-bound-add,0,12,31.841288,1015340,2.073848,1840,-70025.9921875,92.4423828125,10.123615999999998,0,17.88509,0,154,0
median,0,fragments,206.33526099999835,600.4053599999984,-29187,1048576,869,39116,12.535102,int-list-views-typed-sorted-direct-root-window-unboxed-bound-add,0,13,32.480393,1015712,2.051731,1850,-73950.3095703125,91.1123046875,9.60477,0,19.160447,0,154,0
median,0,fragments,206.33526099999835,633.7224719999983,-29187,1048576,883,38969,13.339112,int-list-views-typed-sorted-direct-root-window-unboxed-bound-add,0,14,33.317112,1016056,2.081089,1831,-72703.6904296875,88.880859375,10.339057,0,19.217097,0,140,0
median,0,fragments,206.33526099999835,666.8060889999983,-29187,1048576,887,39715,13.002152,int-list-views-typed-sorted-direct-root-window-unboxed-bound-add,0,15,33.083617,1016400,2.072779,1811,-73117.3486328125,89.873046875,10.034218000000001,0,19.322051,0,136,0
median,0,fragments,206.33526099999835,698.9055259999983,-28478,1048576,893,41458,12.520494,int-list-views-typed-sorted-direct-root-window-unboxed-bound-add,0,16,32.099437,1016584,2.118794,1857,-76158.3759765625,88.1552734375,9.504731999999999,0,18.812952,0,130,0
median,0,fragments,206.33526099999835,731.4566399999983,-28478,1048576,890,43013,12.98339,int-list-views-typed-sorted-direct-root-window-unboxed-bound-add,0,17,32.551114,1016672,2.075547,1830,-75020.9951171875,84.31640625,10.036432999999999,0,18.790866,0,133,0
median,0,fragments,206.33526099999835,763.1465209999983,-28341,1048576,889,43849,12.796467,int-list-views-typed-sorted-direct-root-window-unboxed-bound-add,0,18,31.689881,1016696,2.104277,1806,-75055.8662109375,77.7939453125,9.834226000000001,0,18.137186,0,134,0
median,0,fragments,206.33526099999835,794.2182429999983,-28028,1048576,860,36741,12.451696,int-list-views-typed-sorted-direct-root-window-unboxed-bound-add,0,19,31.071722,1016724,2.108685,1779,-66585.5576171875,74.68359375,9.505673000000002,0,17.898956,0,163,0
median,0,fragments,206.33526099999835,823.2267959999983,-28028,1048576,826,64643,12.262762,int-list-views-typed-sorted-direct-root-window-unboxed-bound-add,0,20,29.008553,1016860,2.082822,1776,-92150.6064453125,68.548828125,9.320292,0,16.022366,0,197,0
median,0,fragments,206.33526099999835,850.9690189999983,-27574,1048576,853,37208,11.430951,int-list-views-typed-sorted-direct-root-window-unboxed-bound-add,0,21,27.742223,1016880,2.107745,1760,-66513.2392578125,61.2080078125,8.509601,0,15.601162,0,170,0
median,0,fragments,206.33526099999835,877.7609349999983,-27214,1048576,839,53862,11.496407,int-list-views-typed-sorted-direct-root-window-unboxed-bound-add,0,22,26.791916,1016900,2.021513,1756,-82034.3701171875,61.0302734375,8.682033,0,14.604558,0,184,0
median,0,fragments,206.33526099999835,905.5667499999984,-25838,1048576,847,57307,11.934891,int-list-views-typed-sorted-direct-root-window-unboxed-bound-add,0,23,27.805815,1016932,2.220552,1729,-85022.2919921875,65.6298828125,8.853075,0,15.175113,0,176,0
median,0,fragments,206.33526099999835,933.2589609999984,-25838,1048576,885,66055,11.612135,int-list-views-typed-sorted-direct-root-window-unboxed-bound-add,0,24,27.692211,1016980,2.283431,1795,-93153.029296875,74.37890625,8.48832,0,15.404181,0,138,0
median,0,fragments,206.33526099999835,963.2363649999984,-25710,1048576,870,63333,12.392828,int-list-views-typed-sorted-direct-root-window-unboxed-bound-add,0,25,29.977404,1017004,2.21657,1787,-90693.9765625,85.00390625,9.327252999999999,0,16.873137,0,153,0
median,0,fragments,206.33526099999835,995.0954409999983,-23961,1048576,896,51642,12.610241,int-list-views-typed-sorted-direct-root-window-unboxed-bound-add,0,26,31.859076,1017100,2.300355,1816,-79952.232421875,92.91796875,9.441282000000001,0,18.481886,0,127,0
median,0,fragments,206.33526099999835,1027.1101619999984,-23961,1048576,895,58221,13.255322,int-list-views-typed-sorted-direct-root-window-unboxed-bound-add,0,27,32.014721,1017316,2.3543,1869,-85441.150390625,101.9033203125,10.004078999999999,0,18.005771,0,128,0
median,0,fragments,206.33526099999835,1062.3713619999983,-23831,1048576,906,48568,13.248018,int-list-views-typed-sorted-direct-root-window-unboxed-bound-add,0,28,35.2612,1017816,2.363639,1872,-75288.3408203125,109.5751953125,9.996226,0,21.167302,0,117,0
median,0,fragments,206.33526099999835,1098.8035679999982,-19872,1048576,893,61500,14.023275,int-list-views-typed-sorted-direct-root-window-unboxed-bound-add,0,29,36.432206,1020032,2.398298,1894,-87364.0185546875,112.935546875,10.670501999999999,0,21.589464,0,130,0
median,0,fragments,206.33526099999835,1138.1137969999982,-19872,1048576,898,57084,13.827156,int-list-views-typed-sorted-direct-root-window-unboxed-bound-add,0,30,39.310229,1024320,2.432392,1892,-83180.7099609375,113.6748046875,10.43065,0,24.617586,0,125,0
median,0,fragments,206.33526099999835,1178.8746069999982,-19872,1048576,906,50063,14.211745,int-list-views-typed-sorted-direct-root-window-unboxed-bound-add,0,31,40.76081,1027096,2.415584,1875,-75846.595703125,117.630859375,10.897311,0,25.718181,0,117,0
median,0,fragments,206.33526099999835,1220.046161999998,-19872,1048576,910,46953,14.501608,int-list-views-typed-sorted-direct-root-window-unboxed-bound-add,0,32,41.171555,1029352,2.434255,1855,-72938.3134765625,120.5126953125,11.078875,0,25.800603,0,113,0
median,0,fragments,206.33526099999835,1259.552403999998,-19872,1048576,908,43560,14.229541,int-list-views-typed-sorted-direct-root-window-unboxed-bound-add,0,33,39.506242,1031484,2.417805,1883,-68865.1923828125,121.880859375,10.87088,0,24.450618,0,115,0
median,0,fragments,206.33526099999835,1300.908148999998,-19872,1048576,907,52118,13.894276,int-list-views-typed-sorted-direct-root-window-unboxed-bound-add,0,34,41.355745,1032844,2.435171,1905,-76839.3837890625,117.9169921875,10.514409999999998,0,26.586711,0,116,0
median,0,fragments,206.33526099999835,1342.188069999998,-19872,1048576,902,51691,14.263011,int-list-views-typed-sorted-direct-root-window-unboxed-bound-add,0,35,41.279921,1033432,2.387341,1884,-75841.86328125,110.845703125,10.95815,0,26.205869,0,121,0
median,0,fragments,206.33526099999835,1381.996022999998,-19872,1048576,895,48609,14.172749,int-list-views-typed-sorted-direct-root-window-unboxed-bound-add,0,36,39.807953,1033668,2.433609,1887,-72338.359375,102.79296875,10.757499,0,24.819931,0,128,0
median,0,fragments,206.33526099999835,1420.853218999998,-19670,1048576,913,44351,13.948833,int-list-views-typed-sorted-direct-root-window-unboxed-bound-add,0,37,38.857196,1034204,2.467847,1861,-68123.533203125,100.013671875,10.5937,0,24.080272,0,110,0
median,0,fragments,206.33526099999835,1457.1527189999981,-19670,1048576,900,57905,13.114766,int-list-views-typed-sorted-direct-root-window-unboxed-bound-add,0,38,36.2995,1034432,2.455955,1865,-80281.619140625,100.76953125,9.771301999999999,0,22.284333,0,123,0
median,0,fragments,206.33526099999835,1494.927578999998,-19670,1048576,927,49662,13.241961,int-list-views-typed-sorted-direct-root-window-unboxed-bound-add,0,39,37.77486,1034520,2.412039,1846,-71994.099609375,100.35546875,9.933001,0,23.621355,0,96,0
median,0,fragments,206.33526099999835,1530.8334739999982,-19142,1048576,924,52373,13.535518,int-list-views-typed-sorted-direct-root-window-unboxed-bound-add,0,40,35.905895,1035260,2.455838,1848,-74229.9521484375,101.349609375,10.182671,0,21.549184,0,99,0
median,0,fragments,206.33526099999835,1568.0701689999983,-19142,1048576,928,60199,13.353461,int-list-views-typed-sorted-direct-root-window-unboxed-bound-add,0,41,37.236695,1035704,2.555732,1875,-81048.201171875,97.16796875,9.886005999999998,0,23.01283,0,95,0
median,0,fragments,206.33526099999835,1604.8209349999984,-19142,1048576,929,58321,13.710778,int-list-views-typed-sorted-direct-root-window-unboxed-bound-add,0,42,36.750766,1035712,2.522501,1858,-78544.62109375,93.2939453125,10.307402,0,22.277354,0,94,0
median,0,fragments,206.33526099999835,1640.4349359999983,-19142,1048576,929,56367,13.677236,int-list-views-typed-sorted-direct-root-window-unboxed-bound-add,0,43,35.614001,1035732,2.595413,1875,-76161.853515625,88.845703125,10.178737000000002,0,21.165811,0,94,0
median,0,fragments,206.33526099999835,1675.6362099999983,-19142,1048576,919,61129,13.552234,int-list-views-typed-sorted-direct-root-window-unboxed-bound-add,0,44,35.201274,1035748,2.594442,1846,-80397.1123046875,86.21875,10.034044999999999,0,20.770468,0,104,0
median,0,fragments,206.33526099999835,1710.5679199999984,-19142,1048576,909,84025,13.528358,int-list-views-typed-sorted-direct-root-window-unboxed-bound-add,0,45,34.93171,1035752,2.607141,1835,-102317.0654296875,86.0341796875,10.058002000000002,0,20.62245,0,114,0
median,0,fragments,206.33526099999835,1744.5310909999985,-19142,1048576,921,72553,13.59655,int-list-views-typed-sorted-direct-root-window-unboxed-bound-add,0,46,33.963171,1035764,2.609791,1840,-91400.3095703125,86.818359375,10.078962,0,19.623267,0,102,0
median,0,fragments,206.33526099999835,1778.1067799999985,-18796,1048576,909,68265,13.343545,int-list-views-typed-sorted-direct-root-window-unboxed-bound-add,0,47,33.575689,1035772,2.628112,1826,-88475.1884765625,89.69140625,9.850884,0,19.495911,0,114,0
median,0,fragments,206.33526099999835,1812.0971309999984,-18796,1048576,924,63736,13.445329,int-list-views-typed-sorted-direct-root-window-unboxed-bound-add,0,48,33.990351,1035776,2.57829,1856,-82684.275390625,93.048828125,9.997996999999998,0,19.788646,0,99,0
median,0,fragments,206.33526099999835,1847.0965939999985,-18796,1048576,919,59749,13.721158,int-list-views-typed-sorted-direct-root-window-unboxed-bound-add,0,49,34.999463,1035780,2.592965,1865,-79037.5634765625,96.162109375,10.253698000000002,0,20.51141,0,104,0
median,0,fragments,206.33526099999835,1882.8072509999986,-18796,1048576,893,60823,13.691823,int-list-views-typed-sorted-direct-root-window-unboxed-bound-add,0,50,35.710657,1035784,2.563874,1860,-79542.26953125,97.810546875,10.250211,0,21.271636,0,130,0
median,0,fragments,206.33526099999835,1919.0004269999986,-18796,1048576,928,75277,14.03865,int-list-views-typed-sorted-direct-root-window-unboxed-bound-add,0,51,36.193176,1035800,2.539351,1871,-93247.740234375,96.2578125,10.579035000000001,0,21.334955,0,95,0
median,0,fragments,206.33526099999835,1958.7983559999986,-18796,1048576,908,62408,18.156047,int-list-views-typed-sorted,0,52,39.797929,1035800,6.976276,1849,-81491.095703125,93.7509765625,10.297638000000003,0,20.805166,0,115,0
median,0,fragments,206.33526099999835,1993.9481909999986,-18796,1048576,907,66021,13.576142,int-list-views-typed-sorted-direct-root-window-unboxed-bound-add,0,53,35.149835,1035804,2.49672,1860,-84691.509765625,90.306640625,10.205524,0,20.761294,0,116,0
median,0,fragments,206.33526099999835,2029.0657709999987,-18796,1048576,928,63253,14.201961,int-list-views-typed-sorted-direct-root-window-unboxed-bound-add,0,54,35.11758,1035804,2.551555,1880,-81833.74609375,87.4765625,10.768791,0,19.945039,0,95,0
median,0,fragments,206.33526099999835,2064.967558999999,-18796,1048576,919,62503,13.521729,int-list-views-typed-sorted-direct-root-window-unboxed-bound-add,0,55,35.901788,1035804,2.459793,1838,-81033.6376953125,86.517578125,10.199950000000001,0,21.432549,0,104,0
median,0,fragments,206.33526099999835,2099.121697999999,-18796,1048576,914,56719,14.166985,int-list-views-typed-sorted-direct-root-window-unboxed-bound-add,0,56,34.154139,1035804,2.574304,1836,-75697.3095703125,86.896484375,10.599861,0,19.241864,0,109,0
median,0,fragments,206.33526099999835,2131.776240999999,-18796,1048576,914,54873,12.893503,int-list-views-typed-sorted-direct-root-window-unboxed-bound-add,0,57,32.654543,1035816,2.54179,1900,-74729.04296875,87.1611328125,9.476076,0,19.003403,0,109,0
median,0,fragments,206.33526099999835,2167.617098999999,-18754,1048576,919,64486,15.389895,int-list-views-typed-sorted,0,58,35.840858,1035820,4.525017,1903,-82939.0146484375,87.2333984375,10.02064,0,19.64927,0,104,0
median,0,fragments,206.33526099999835,2203.492696999999,-17262,1048576,926,65416,15.390091,int-list-views-typed-sorted,0,59,35.875598,1035820,4.48563,1884,-84106.7548828125,86.076171875,10.057128,0,19.685537,0,97,0
median,0,fragments,206.33526099999835,2238.7880209999994,-17262,1048576,906,66898,15.297468,int-list-views-typed-sorted,0,60,35.295324,1035828,4.518784,1877,-85628.8974609375,82.6103515625,9.89181,0,19.230668,0,117,0
median,0,fragments,206.33526099999835,2273.7551869999993,-17262,1048576,911,54351,15.23298,int-list-views-typed-sorted,0,61,34.967166,1035832,4.386621,1852,-73520.142578125,78.2158203125,9.896393,0,18.998729,0,112,0
median,0,fragments,206.33526099999835,2306.5908099999992,-17262,1048576,907,48930,14.837476,int-list-views-typed-sorted,0,62,32.835623,1035832,4.428766,1849,-67950.8388671875,74.9501953125,9.570288000000001,0,17.249323,0,116,0
median,0,fragments,206.33526099999835,2339.386050999999,-17262,1048576,897,67781,14.632365,int-list-views-typed-sorted,0,63,32.795241,1035832,4.402418,1840,-86762.9130859375,72.0302734375,9.374098,0,17.439593,0,126,0
median,0,fragments,206.33526099999835,2368.418138999999,-17262,1048576,893,68449,12.586682,int-list-views-typed-sorted-direct-root-window-unboxed-bound-add,0,64,29.032088,1035836,2.504845,1848,-87495.4580078125,70.462890625,9.249998999999999,0,15.735807,0,130,0
median,0,fragments,206.33526099999835,2396.648409999999,-17262,1048576,897,62402,11.855664,int-list-views-typed-sorted-direct-root-window-unboxed-bound-add,0,65,28.230271,1035836,2.513683,1857,-81052.552734375,71.330078125,8.50843,0,15.520222,0,126,0
median,0,fragments,206.33526099999835,2425.0965279999987,-17262,1048576,897,58360,11.958566,int-list-views-typed-sorted-direct-root-window-unboxed-bound-add,0,66,28.448118,1035836,2.526838,1847,-76939.185546875,75.236328125,8.606213999999998,0,15.720842,0,126,0
median,0,fragments,206.33526099999835,2454.1715689999987,-17179,1048576,910,74119,12.113205,int-list-views-typed-sorted-direct-root-window-unboxed-bound-add,0,67,29.075041,1035836,2.523912,1849,-91310.390625,80.5556640625,8.720137000000001,0,16.255037,0,113,0
median,0,fragments,206.33526099999835,2484.4287389999986,-17179,1048576,890,79877,12.202138,int-list-views-typed-sorted-direct-root-window-unboxed-bound-add,0,68,30.25717,1035836,2.598702,1827,-96630.974609375,84.326171875,8.751192999999999,0,17.267981,0,133,0
median,0,fragments,206.33526099999835,2515.2999829999985,-17179,1048576,904,58832,12.756964,int-list-views-typed-sorted-direct-root-window-unboxed-bound-add,0,69,30.871244,1035860,2.577951,1844,-75801.7353515625,86.4833984375,9.317086999999999,0,17.377267,0,119,0
median,0,fragments,206.33526099999835,2547.3654599999986,-17179,1048576,909,64664,12.56897,int-list-views-typed-sorted-direct-root-window-unboxed-bound-add,0,70,32.065477,1035864,2.716965,1856,-81339.6875,86.0146484375,8.992729,0,18.736018,0,114,0
median,0,fragments,206.33526099999835,2580.7903729999985,-17125,1048576,874,64739,14.962103,int-list-views-typed-sorted,0,71,33.424913,1035880,4.661754,1829,-81167.80078125,83.712890625,9.441244000000001,0,17.708301,0,149,0
median,0,fragments,206.33526099999835,2613.5622159999984,-17125,1048576,890,53983,14.450341,int-list-views-typed-sorted,0,72,32.771843,1035884,4.683019,1863,-71171.0029296875,79.79296875,8.909092999999999,0,17.555586,0,133,0
median,0,fragments,206.33526099999835,2644.4099499999984,-17106,1048576,892,41892,12.802816,int-list-views-typed-sorted-direct-root-window-unboxed-bound-add,0,73,30.847734,1035884,2.706419,1859,-59617.908203125,76.7021484375,9.213349000000001,0,17.316725,0,131,0
median,0,fragments,206.33526099999835,2674.9031969999983,-16750,1048576,869,36106,12.618065,int-list-views-typed-sorted-direct-root-window-unboxed-bound-add,0,74,30.493247,1035888,2.681505,1830,-54876.3525390625,74.59375,9.073784,0,17.169131,0,154,0
median,0,fragments,206.33526099999835,2705.7059789999985,-16750,1048576,853,58789,14.480491,int-list-views-typed-sorted,0,75,30.802782,1035888,4.450336,1833,-76568.5458984375,74.638671875,9.176425000000002,0,15.580009,0,170,0
median,0,fragments,206.33526099999835,2737.1082649999985,-16750,1048576,886,51561,14.209927,int-list-views-typed-sorted,0,76,31.402286,1035900,4.428384,1828,-68972.4287109375,76.6318359375,8.901685,0,16.492224,0,137,0
median,0,fragments,206.33526099999835,2769.6385699999983,-16750,1048576,887,51688,14.379975,int-list-views-typed-sorted,0,77,32.530305,1035920,4.56993,1816,-69278.5166015625,81.388671875,8.963626000000001,0,17.456134,0,136,0
median,0,fragments,206.33526099999835,2803.4566489999984,-16684,1048576,890,68479,14.639187,int-list-views-typed-sorted,0,78,33.818079,1035980,4.57031,1819,-86202.39453125,87.1611328125,9.219969,0,18.408765,0,133,0
median,0,fragments,206.33526099999835,2837.9236529999985,-16684,1048576,900,76838,15.05572,int-list-views-typed-sorted,0,79,34.467004,1036036,4.682945,1833,-93346.2646484375,93.1298828125,9.367522000000001,0,18.692844,0,123,0
median,0,fragments,206.33526099999835,2873.8375249999985,-16684,1048576,877,62617,15.456831,int-list-views-typed-sorted,0,80,35.913872,1036056,4.814637,1824,-80318.845703125,97.951171875,9.782134999999998,0,19.706684,0,146,0
median,0,fragments,206.33526099999835,2910.3333439999988,-16684,1048576,889,64561,15.640943,int-list-views-typed-sorted,0,81,36.495819,1036164,4.869591,1853,-81809.30859375,99.5400390625,9.897405,0,19.986514,0,134,0
median,0,fragments,206.33526099999835,2947.219862999999,-16676,1048576,911,74199,15.79238,int-list-views-typed-sorted,0,82,36.886519,1036188,4.885876,1883,-90966.244140625,100.4033203125,10.023686,0,20.348996,0,112,0
median,0,fragments,206.33526099999835,2984.622495999999,-16676,1048576,908,52585,15.839038,int-list-views-typed-sorted,0,83,37.402633,1036208,4.821819,1906,-70051.0419921875,102.76171875,10.151278000000001,0,20.783295,0,115,0
median,0,fragments,206.33526099999835,3023.6860939999992,-16676,1048576,871,67736,16.010139,int-list-views-typed-sorted,0,84,39.063598,1036496,4.950563,1882,-85811.5126953125,102.6015625,10.159329,0,22.246612,0,152,0
median,0,fragments,206.33526099999835,3061.3635839999993,-16659,1048576,899,48737,15.903541,int-list-views-typed-sorted,0,85,37.67749,1036676,4.775845,1864,-67373.615234375,102.6904296875,10.253692000000001,0,21.033526,0,124,0
median,0,fragments,206.33526099999835,3098.9547659999994,-16560,1048576,899,57707,15.861788,int-list-views-typed-sorted,0,86,37.591182,1036676,4.924578,1872,-73538.3046875,101.884765625,10.062191000000002,0,20.980378,0,124,0
median,0,fragments,206.33526099999835,3136.7013469999993,-16560,1048576,881,75898,16.256003,int-list-views-typed-sorted,0,87,37.746581,1036676,4.736338,1836,-93104.7900390625,99.3837890625,10.583189999999998,0,20.735598,0,142,0
median,0,fragments,206.33526099999835,3174.4724729999994,-16560,1048576,919,67305,15.117592,int-list-views-typed-sorted,0,88,37.771126,1036688,4.640669,1847,-84817.53125,100.564453125,9.602605,0,21.909118,0,104,0
median,0,fragments,206.33526099999835,3212.2797129999994,-16560,1048576,886,52518,15.926968,int-list-views-typed-sorted,0,89,37.80724,1036688,4.686135,1839,-72539.853515625,100.0576171875,10.260781000000001,0,21.088663,0,137,0
median,0,fragments,206.33526099999835,3250.4309239999993,-16560,1048576,884,49979,15.821605,int-list-views-typed-sorted,0,90,38.151211,1036688,4.794004,1820,-68312.173828125,100.8681640625,10.149532,0,21.601167,0,139,0
median,0,fragments,206.33526099999835,3289.1821209999994,-16560,1048576,881,60771,16.150595,int-list-views-typed-sorted,0,91,38.751197,1036700,4.824438,1764,-81992.0048828125,101.9033203125,10.383149999999999,0,21.858187,0,142,0
median,0,fragments,206.33526099999835,3326.2000609999996,-16390,1048576,908,43858,15.932406,int-list-views-typed-sorted,0,92,37.01794,1036716,4.80623,1843,-63153.580078125,102.197265625,10.217459999999999,0,20.350875,0,115,0
median,0,fragments,206.33526099999835,3363.5677689999998,-16390,1048576,913,59262,15.51852,int-list-views-typed-sorted,0,93,37.367708,1036716,4.745612,1848,-77335.22265625,102.248046875,9.859635,0,21.103087,0,110,0
median,0,fragments,206.33526099999835,3401.01993,-16390,1048576,899,62084,15.505816,int-list-views-typed-sorted,0,94,37.452161,1036720,4.764052,1870,-79423.708984375,101.8779296875,9.864187999999999,0,21.207357,0,124,0
median,0,fragments,206.33526099999835,3439.667204,-16390,1048576,902,60873,16.172989,int-list-views-typed-sorted,0,95,38.647274,1036720,4.793829,1876,-77542.67578125,101.4091796875,10.491702,0,21.759892,0,121,0
median,0,fragments,206.33526099999835,3478.439067,-16390,1048576,901,75849,16.105711,int-list-views-typed-sorted,0,96,38.771863,1037112,4.721545,1844,-91697.4765625,102.669921875,10.486191999999999,0,21.91158,0,122,0
median,0,fragments,206.33526099999835,3516.2899399999997,-16390,1048576,887,56314,16.417725,int-list-views-typed-sorted,0,97,37.850873,1037120,4.778854,1821,-73944.185546875,103.1953125,10.753767,0,20.741128,0,136,0
median,0,fragments,206.33526099999835,3554.8799369999997,-16390,1048576,899,54630,15.805886,int-list-views-typed-sorted,0,98,38.589997,1037120,4.860881,1866,-72949.091796875,103.0849609375,10.033895999999999,0,22.023794,0,124,0
median,0,fragments,206.33526099999835,3594.0609899999995,-16370,1048576,904,77612,16.038098,int-list-views-typed-sorted,0,99,39.181053,1037812,4.672654,1886,-94000.2734375,103.1611328125,10.402445,0,22.418396,0,119,0
median,0,fragments,206.33526099999835,3633.0676369999996,-16370,1048576,895,50805,16.255426,int-list-views-typed-sorted,0,100,39.006647,1037812,4.80057,1849,-69035.998046875,104.91015625,10.541733999999998,0,22.046879,0,128,0
median,0,fragments,206.33526099999835,3671.2434059999996,-16370,1048576,895,50875,16.246094,int-list-views-typed-sorted,0,101,38.175769,1037840,4.873118,1852,-67596.166015625,105.548828125,10.424786,0,21.22548,0,128,0
median,0,fragments,206.33526099999835,3709.6577669999997,-16370,1048576,905,47523,15.392418,int-list-views-typed-sorted,0,102,38.414361,1037856,4.604453,1865,-66626.837890625,105.5419921875,9.881851,0,22.277322,0,118,0
median,0,fragments,206.33526099999835,3748.0119589999995,-16370,1048576,904,42006,15.733749,int-list-views-typed-sorted,0,103,38.354192,1037860,4.714464,1892,-61515.208984375,105.4130859375,10.042288,0,21.850615,0,119,0
median,0,fragments,206.33526099999835,3786.7188299999993,-16135,1048576,904,55136,15.658242,int-list-views-typed-sorted,0,104,38.706871,1037864,4.575528,1905,-73117.8125,106.177734375,10.188054000000001,0,22.269795,0,119,0
median,0,fragments,206.33526099999835,3828.6053639999996,-16135,1048576,920,55921,17.226808,int-list-views-typed-sorted,0,105,41.886534,1037880,4.79947,1882,-74934.365234375,106.2265625,11.466801999999998,0,23.875908,0,103,0
median,0,fragments,206.33526099999835,3867.6970639999995,-16135,1048576,899,54371,15.571033,int-list-views-typed-sorted,0,106,39.0917,1037912,4.740256,1849,-73230.2607421875,107.837890625,9.932101,0,22.721348,0,124,0
median,0,fragments,206.33526099999835,3910.7189579999995,-16135,1048576,896,52015,17.19241,int-list-views-typed-sorted,0,107,43.021894,1037928,4.722591,1851,-69708.7626953125,109.0205078125,11.464575999999997,0,24.97691,0,127,0
median,0,fragments,206.33526099999835,3955.9583489999995,-16135,1048576,912,71629,16.666082,int-list-views-typed-sorted,0,108,45.239391,1037940,4.741241,1818,-90705.001953125,109.447265625,10.921164,0,27.653994,0,111,0
median,0,fragments,206.33526099999835,3997.8310589999996,-16135,1048576,910,51871,16.517793,int-list-views-typed-sorted,0,109,41.87271,1038360,4.761266,1840,-69424.3291015625,110.7138671875,10.785503000000002,0,24.435971,0,113,0
median,0,fragments,206.33526099999835,4041.5209239999995,-16135,1048576,914,55579,16.891854,int-list-views-typed-sorted,0,110,43.689865,1038424,4.863568,1845,-73229.203125,111.2470703125,10.899100999999998,0,25.98015,0,109,0
median,0,fragments,206.33526099999835,4083.8340289999996,-16135,1048576,879,62723,17.109944,int-list-views-typed-sorted,0,111,42.313105,1038512,4.731832,1835,-80921.658203125,112.05859375,11.398450999999998,0,24.226706,0,144,0
median,0,fragments,206.33526099999835,4125.808685999999,-16135,1048576,919,52517,16.389778,int-list-views-typed-sorted,0,112,41.974657,1038720,4.82174,1822,-72608.5302734375,110.470703125,10.628464000000001,0,24.731081,0,104,0
median,0,fragments,206.33526099999835,4166.075266,-16135,1048576,896,72429,16.342004,int-list-views-typed-sorted,0,113,40.26658,1038984,4.832362,1832,-90144.19140625,109.126953125,10.590260999999998,0,23.140512,0,127,0
median,0,fragments,206.33526099999835,4205.883759,-16119,1048576,894,65307,16.078389,int-list-views-typed-sorted,0,114,39.808493,1039200,4.77864,1813,-83705.05078125,107.9541015625,10.307875000000003,0,22.916984,0,129,0
median,0,fragments,206.33526099999835,4244.6457740000005,-16119,1048576,912,76647,15.745742,int-list-views-typed-sorted,0,115,38.762015,1039200,4.772161,1810,-94955.126953125,105.3671875,10.018894,0,22.240039,0,111,0
median,0,fragments,206.33526099999835,4284.185874000001,-16119,1048576,898,61565,16.050762,int-list-views-typed-sorted,0,116,39.5401,1039216,4.823741,1795,-79928.7861328125,105.6904296875,10.295241999999998,0,22.698691,0,125,0
median,0,fragments,206.33526099999835,4323.952339,-16119,1048576,900,60657,16.231931,int-list-views-typed-sorted,0,117,39.766465,1039216,4.917529,1777,-79088.1669921875,105.9736328125,10.418218,0,22.736644,0,123,0
median,0,fragments,206.33526099999835,4363.082949000001,-16119,1048576,927,45255,16.108236,int-list-views-typed-sorted,0,118,39.13061,1039228,4.773748,1833,-64411.015625,105.724609375,10.357498000000001,0,22.194692,0,96,0
median,0,fragments,206.33526099999835,4402.320348,-16119,1048576,918,49841,15.799294,int-list-views-typed-sorted,0,119,39.237399,1039228,4.888402,1839,-68525.6728515625,106.583984375,9.999932000000001,0,22.65883,0,105,0
median,0,fragments,206.33526099999835,4442.374348,-16112,1048576,914,59122,15.832912,int-list-views-typed-sorted,0,120,40.054,1039248,4.822803,1835,-80539.7080078125,108.546875,10.043669000000001,0,23.309567,0,109,0
median,0,fragments,206.33526099999835,4482.728709,-16112,1048576,917,52586,16.112362,int-list-views-typed-sorted,0,121,40.354361,1039252,4.783311,1843,-69973.46484375,108.6826171875,10.401930000000002,0,23.402991,0,106,0
median,0,fragments,206.33526099999835,4522.421097,-16112,1048576,904,52150,16.469889,int-list-views-typed-sorted,0,122,39.692388,1039260,4.888187,1846,-68673.22265625,108.6376953125,10.598273999999998,0,22.399693,0,119,0
median,0,fragments,206.33526099999835,4562.371747,-16092,1048576,898,45160,15.605949,int-list-views-typed-sorted,0,123,39.95065,1039272,4.861633,1855,-62730.0146484375,107.6962890625,9.839677000000002,0,23.448309,0,125,0
median,0,fragments,206.33526099999835,4602.678044,-16092,1048576,898,57126,15.689513,int-list-views-typed-sorted,0,124,40.306297,1039336,4.980227,1827,-74852.2548828125,107.8603515625,9.811105000000001,0,23.814917,0,125,0
median,0,fragments,206.33526099999835,4642.2199200000005,-16092,1048576,911,59757,16.451187,int-list-views-typed-sorted,0,125,39.541876,1039344,4.920732,1837,-75919.802734375,108.927734375,10.631389000000002,0,22.284327,0,112,0
median,0,fragments,206.33526099999835,4682.085645,-16092,1048576,909,57313,15.902696,int-list-views-typed-sorted,0,126,39.865725,1039348,4.979817,1823,-74736.26953125,109.919921875,9.94031,0,23.095341,0,114,0
median,0,fragments,206.33526099999835,4721.566537,-16092,1048576,939,44786,15.710858,int-list-views-typed-sorted,0,127,39.480892,1039348,4.989769,1844,-62821.2646484375,113.05078125,9.827188999999999,0,22.968419,0,84,0
median,0,fragments,206.33526099999835,4760.4965569999995,-16058,1048576,922,57143,16.006556,int-list-views-typed-sorted,0,128,38.93002,1039392,4.956459,1898,-74089.1630859375,114.826171875,10.147068,0,22.051656,0,101,0
median,0,fragments,206.33526099999835,4801.295778,-16058,1048576,914,54290,15.78598,int-list-views-typed-sorted,0,129,40.799221,1039432,4.858703,1859,-71744.4326171875,116.8154296875,10.019439000000002,0,24.105356,0,109,0
median,0,fragments,206.33526099999835,4842.696994999999,-16058,1048576,908,61845,16.163449,int-list-views-typed-sorted,0,130,41.401217,1039452,4.954496,1846,-79888.6875,119.646484375,10.298504000000001,0,24.420045,0,115,0
median,0,fragments,206.33526099999835,4885.874535999999,-16058,1048576,910,37101,16.988071,int-list-views-typed-sorted,0,131,43.177541,1039716,4.952284,1828,-54597.126953125,123.251953125,11.074157,0,25.342926,0,113,0
median,0,fragments,206.33526099999835,4930.431084999999,-16058,1048576,931,57077,16.46057,int-list-views-typed-sorted,0,132,44.556549,1040124,5.027026,1841,-74089.6796875,127.548828125,10.507930000000002,0,27.248698,0,92,0
median,0,fragments,206.33526099999835,4977.281509999999,-16048,1048576,902,61149,17.399693,int-list-views-typed-sorted,0,133,46.850425,1040688,5.135572,1821,-78305.087890625,129.5029296875,11.230045,0,28.633481,0,121,0
median,0,fragments,206.33526099999835,5022.613054999999,-16048,1048576,920,55993,17.502643,int-list-views-typed-sorted,0,134,45.331545,1041160,5.073363,1847,-73591.8876953125,132.2724609375,11.413858999999999,0,26.974702,0,103,0
median,0,fragments,206.33526099999835,5068.6175189999985,-16034,1048576,918,52609,17.821148,int-list-views-typed-sorted,0,135,46.004464,1043928,5.21146,1850,-70901.3984375,134.6689453125,11.488315,0,27.224374,0,105,0
median,0,fragments,206.33526099999835,5115.659011999998,-16034,1048576,911,50848,17.351361,int-list-views-typed-sorted,0,136,47.041493,1044576,5.086111,1839,-68308.3330078125,137.5546875,11.069519,0,28.805346,0,112,0
median,0,fragments,206.33526099999835,5162.930905999999,-16034,1048576,926,49739,17.587877,int-list-views-typed-sorted,0,137,47.271894,1045388,5.094495,1849,-66890.71484375,137.2880859375,11.345450999999999,0,28.732928,0,97,0
median,0,fragments,206.33526099999835,5210.329094999999,-16034,1048576,906,51416,17.983953,int-list-views-typed-sorted,0,138,47.398189,1045920,5.283107,1856,-68119.2412109375,138.2021484375,11.603752,0,28.487346,0,117,0
median,0,fragments,206.33526099999835,5259.214405999999,-16016,1048576,926,48705,17.709141,int-list-views-typed-sorted,0,139,48.885311,1046540,5.292696,1851,-65758.4619140625,137.296875,11.329061999999999,0,30.200584,0,97,0
median,0,fragments,206.33526099999835,5306.311244999999,-16016,1048576,918,48603,17.623668,int-list-views-typed-sorted,0,140,47.096839,1047008,5.181633,1859,-67236.51171875,136.2451171875,11.31955,0,28.562742,0,105,0
median,0,fragments,206.33526099999835,5353.027037999999,-16016,1048576,921,52902,17.560613,int-list-views-typed-sorted,0,141,46.715793,1047308,5.199358,1857,-69034.125,134.6279296875,11.193920000000002,0,28.21651,0,102,0
median,0,fragments,206.33526099999835,5402.7485639999995,-16016,1048576,916,44583,17.794862,int-list-views-typed-sorted,0,142,49.721526,1047992,5.352166,1867,-60845.359375,133.8740234375,11.346430999999999,0,30.969037,0,107,0
median,0,fragments,206.33526099999835,5454.506727999999,-16016,1048576,910,46709,18.984409,int-list-views-typed-sorted,0,143,51.758164,1048884,5.217055,1846,-62898.14453125,133.2373046875,12.65354,0,31.727399,0,113,0
median,0,fragments,206.33526099999835,5503.126366999999,-16016,1048576,926,48726,18.829223,int-list-views-typed-sorted,0,144,48.619639,1049656,5.333316,1864,-64478.7431640625,131.30859375,12.272405,0,28.848316,0,97,0
median,0,fragments,206.33526099999835,5550.468599999999,-16016,1048576,930,53132,17.553177,int-list-views-typed-sorted,0,145,47.342233,1050292,5.436588,1895,-70434.7744140625,131.6396484375,11.025581000000003,0,28.912081,0,93,0
median,0,fragments,206.33526099999835,5601.074600999999,-15998,1048576,916,56432,17.736431,int-list-views-typed-sorted,0,146,50.606001,1050520,5.311277,1858,-73868.67578125,132.7763671875,11.309992,0,31.928266,0,107,0
median,0,fragments,206.33526099999835,5652.36421,-15998,1048576,915,53072,19.428422,int-list-views-typed-sorted,0,147,51.289609,1050704,5.518209,1844,-71279.2080078125,135.755859375,12.592511000000002,0,30.79959,0,108,0
median,0,fragments,206.33526099999835,5703.6819049999995,-15998,1048576,916,56140,19.744637,int-list-views-typed-sorted,0,148,51.317695,1051568,5.605618,1847,-75181.8583984375,138.1923828125,13.029515,0,30.636094,0,107,0
median,0,fragments,206.33526099999835,5753.787092,-15998,1048576,910,37876,18.456058,int-list-views-typed-sorted,0,149,50.105187,1051920,5.873979,1813,-56889.75,140.994140625,11.446643,0,30.625701,0,113,0
median,0,fragments,206.33526099999835,5804.897534999999,-15998,1048576,925,54925,18.769411,int-list-views-typed-sorted,0,150,51.110443,1052580,5.973552,1842,-70769.982421875,143.1513671875,11.659092000000001,0,31.41265,0,98,0
median,0,fragments,206.33526099999835,5853.7503289999995,-15905,1048576,893,50628,18.877414,int-list-views-typed-sorted,0,151,48.852794,1052884,6.171089,1830,-67328.3388671875,142.5068359375,11.587423000000001,0,28.983969,0,130,0
median,0,fragments,206.33526099999835,5903.41835,-15905,1048576,900,46731,18.522979,int-list-views-typed-sorted,0,152,49.668021,1053508,5.853708,1843,-63304.08203125,142.2890625,11.540638000000001,0,30.236359,0,123,0
median,0,fragments,206.33526099999835,5952.314609,-15905,1048576,896,49197,18.605069,int-list-views-typed-sorted,0,153,48.896259,1054740,5.82093,1825,-66936.01171875,141.580078125,11.672547000000002,0,29.397061,0,127,0
median,0,fragments,206.33526099999835,6003.027381,-15905,1048576,922,45659,18.012593,int-list-views-typed-sorted,0,154,50.712772,1055096,5.747198,1861,-62538.0595703125,141.4931640625,11.176017,0,31.732583,0,101,0
median,0,fragments,206.33526099999835,6055.500986,-15905,1048576,919,45253,18.897298,int-list-views-typed-sorted,0,155,52.473605,1055996,5.576093,1857,-61113.26171875,140.4287109375,12.073273,0,32.690385,0,104,0
median,0,fragments,206.33526099999835,6106.390105,-15905,1048576,908,46460,18.760274,int-list-views-typed-sorted,0,156,50.889119,1057296,5.657521,1856,-63761.2109375,140.61328125,11.957540999999999,0,31.105574,0,115,0
median,0,fragments,206.33526099999835,6154.53578,-15905,1048576,911,48693,17.831514,int-list-views-typed-sorted,0,157,48.145675,1057416,5.450247,1850,-66211.9189453125,140.658203125,11.288089999999999,0,29.41549,0,112,0
median,0,fragments,206.33526099999835,6202.309691,-15905,1048576,909,48152,17.849554,int-list-views-typed-sorted,0,158,47.773911,1057524,5.339661,1862,-63766.29296875,141.3681640625,11.387544000000002,0,28.939441,0,114,0
median,0,fragments,206.33526099999835,6251.024447000001,-15905,1048576,903,45153,17.869206,int-list-views-typed-sorted,0,159,48.714756,1057688,5.534618,1839,-62007.7080078125,144.5380859375,11.253467999999998,0,29.876553,0,120,0
median,0,fragments,206.33526099999835,6302.341115000001,-15905,1048576,886,47353,18.325288,int-list-views-typed-sorted,0,160,51.316668,1057764,5.49867,1826,-65418.7958984375,147.171875,11.697299000000001,0,32.052814,0,137,0
median,0,fragments,206.33526099999835,6353.483671000001,-15905,1048576,903,45701,18.625737,int-list-views-typed-sorted,0,161,51.142556,1058300,5.660381,1839,-63602.140625,152.8349609375,11.767991,0,31.60688,0,120,0
median,0,fragments,206.33526099999835,6406.173117000001,-15905,1048576,884,48166,19.120887,int-list-views-typed-sorted,0,162,52.689446,1059180,5.529362,1807,-63979.0751953125,158.1279296875,12.468349,0,32.627601,0,139,0
median,0,fragments,206.33526099999835,6459.980567000001,-15863,1048576,900,36743,19.533527,int-list-views-typed-sorted,0,163,53.80745,1059736,5.78284,1790,-54427.8525390625,163.783203125,12.555388999999998,0,33.316945,0,123,0
median,0,fragments,206.33526099999835,6514.760331000001,-15863,1048576,892,50492,19.787122,int-list-views-typed-sorted,0,164,54.779764,1062768,5.647659,1813,-65797.1318359375,169.1806640625,12.994689,0,34.027903,0,131,0
median,0,fragments,206.33526099999835,6570.320245000002,-15863,1048576,912,46037,19.550662,int-list-views-typed-sorted,0,165,55.559914,1065812,5.867857,1843,-62125.35546875,171.8203125,12.512720999999999,0,35.047468,0,111,0
median,0,fragments,206.33526099999835,6625.439096000002,-15863,1048576,901,44013,20.256811,int-list-views-typed-sorted,0,166,55.118851,1066820,5.818621,1835,-61510.984375,176.2177734375,13.286893,0,33.840638,0,122,0
median,0,fragments,206.33526099999835,6681.712772000002,-15863,1048576,902,52267,20.011613,int-list-views-typed-sorted,0,167,56.273676,1068236,5.959524,1865,-68012.9775390625,179.13671875,12.88441,0,35.322739,0,121,0
median,0,fragments,206.33526099999835,6738.8825860000015,-15863,1048576,902,47605,20.044824,int-list-views-typed-sorted,0,168,57.169814,1069756,6.134197,1836,-63402.703125,178.1103515625,12.637366999999998,0,36.142024,0,121,0
median,0,fragments,206.33526099999835,6796.561609000001,-15863,1048576,900,47960,20.233642,int-list-views-typed-sorted,0,169,57.679023,1070808,6.127503,1801,-64084.1767578125,177.5458984375,12.828189,0,36.458798,0,123,0
median,0,fragments,206.33526099999835,6854.185895000001,-15863,1048576,910,46367,19.717074,int-list-views-typed-sorted,0,170,57.624286,1071280,5.856081,1822,-61465.8134765625,176.943359375,12.603850999999999,0,36.975935,0,113,0
median,0,fragments,206.33526099999835,6912.462904000002,-15863,1048576,883,51248,20.842703,int-list-views-typed-sorted,0,171,58.277009,1072336,5.873981,1817,-67000.5732421875,179.2802734375,13.672177,0,36.440435,0,140,0
median,0,fragments,206.33526099999835,6970.292982000002,-15863,1048576,903,63579,19.813515,int-list-views-typed-sorted,0,172,57.830078,1073976,5.975365,1823,-78954.54296875,182.03515625,12.564834999999999,0,36.997476,0,120,0
median,0,fragments,206.33526099999835,7025.931343000002,-15863,1048576,889,38680,20.715951,int-list-views-typed-sorted,0,173,55.638361,1075180,6.007259,1803,-55553.1962890625,186.92578125,13.379989,0,33.986835,0,134,0
median,0,fragments,206.33526099999835,7085.887987000002,-15821,1048576,908,36529,20.332033,int-list-views-typed-sorted,0,174,59.956644,1077356,6.201191,1849,-52821.8623046875,187.9033203125,12.833117999999999,0,38.677033,0,115,0
median,0,fragments,206.33526099999835,7147.369819000002,-15764,1048576,891,53478,21.009421,int-list-views-typed-sorted,0,175,61.481832,1080312,6.166854,1823,-68394.6376953125,187.650390625,13.524743,0,39.5405,0,132,0
median,0,fragments,206.33526099999835,7205.753667000003,-15764,1048576,903,59305,20.649526,int-list-views-typed-sorted,0,176,58.383848,1081792,6.1969,1812,-74464.4912109375,190.8310546875,13.224309000000002,0,36.761125,0,120,0
median,0,fragments,206.33526099999835,7264.6804900000025,-15764,1048576,902,64326,20.037789,int-list-views-typed-sorted,0,177,58.926823,1084484,6.109125,1829,-78904.5576171875,194.447265625,12.672094000000001,0,37.940472,0,121,0
median,0,fragments,206.33526099999835,7326.047448000002,-15764,1048576,891,48971,21.431074,int-list-views-typed-sorted,0,178,61.366958,1086172,6.685937,1813,-63901.78125,190.3662109375,13.322872999999998,0,38.99403,0,132,0
median,0,fragments,206.33526099999835,7386.320757000002,-15764,1048576,895,53940,21.083203,int-list-views-typed-sorted,0,179,60.273309,1088476,6.490261,1801,-68725.796875,190.7392578125,13.328908,0,38.076197,0,128,0
median,0,fragments,206.33526099999835,7446.460158000003,-15764,1048576,890,50531,20.730466,int-list-views-typed-sorted,0,180,60.139401,1090164,6.468584,1817,-65372.427734375,188.0546875,12.931968,0,38.48443,0,133,0
median,0,fragments,206.33526099999835,7507.427173000003,-15764,1048576,918,50093,20.350123,int-list-views-typed-sorted,0,181,60.967015,1091420,6.484763,1855,-66270.671875,188.408203125,12.620981,0,39.618778,0,105,0
median,0,fragments,206.33526099999835,7568.016102000002,-15764,1048576,883,46441,21.119445,int-list-views-typed-sorted,0,182,60.588929,1092980,6.569498,1828,-61439.6357421875,190.328125,13.301355999999998,0,38.52003,0,140,0
median,0,fragments,206.33526099999835,7629.373617000002,-15764,1048576,892,37601,22.493609,int-list-views-typed-sorted,0,183,61.357515,1095852,7.381221,1825,-52929.1220703125,194.703125,13.756184000000001,0,37.933491,0,131,0
median,0,fragments,206.33526099999835,7691.777546000002,-15764,1048576,903,48077,21.42291,int-list-views-typed-sorted,0,184,62.403929,1097320,7.351926,1854,-64461.0205078125,199.8740234375,12.760198000000003,0,39.934178,0,120,0
median,0,fragments,206.33526099999835,7758.015641000002,-15764,1048576,891,45118,23.23709,int-list-views-typed-sorted,0,185,66.238095,1099288,7.371471,1833,-60121.2705078125,208.1240234375,14.491462999999998,0,41.939905,0,132,0
median,0,fragments,206.33526099999835,7825.788086000001,-15744,1048576,894,57480,23.876914,int-list-views-typed-sorted,0,186,67.772445,1101772,8.188821,1849,-72076.58203125,217.037109375,14.363502,0,42.892063,0,129,0
median,0,fragments,206.33526099999835,7894.318327000002,-15744,1048576,882,42723,24.751054,int-list-views-typed-sorted,0,187,68.530241,1105312,8.925308,1854,-60183.09765625,230.5498046875,14.451156,0,42.775376,0,141,0
median,0,fragments,206.33526099999835,7968.636681000002,-15744,1048576,883,49156,27.236797,int-list-views-typed-sorted,0,188,74.318354,1108780,10.185116,1845,-64927.4130859375,240.8251953125,15.510113999999998,0,46.142437,0,140,0
median,0,fragments,206.33526099999835,8044.362269000002,-15744,1048576,904,43851,27.024699,int-list-views-typed-sorted,0,189,75.725588,1114152,10.589589,1853,-59415.1416015625,251.7158203125,15.010741,0,47.733707,0,119,0
median,0,fragments,206.33526099999835,8124.162283000002,-15736,1048576,900,50941,30.026048,int-list-views-typed-sorted,0,190,79.800014,1123932,12.173863,1873,-66344.4052734375,258.80859375,16.393171000000002,0,48.807534,0,123,0
median,0,fragments,206.33526099999835,8203.040336000002,-15736,1048576,909,57064,30.04243,int-list-views-typed-sorted,0,191,78.878053,1129444,12.669628,1908,-72145.349609375,263.94921875,15.930687999999998,0,47.940091,0,114,0
median,0,fragments,206.33526099999835,8286.535537000002,-15736,1048576,908,42524,30.863691,int-list-views-typed-sorted,0,192,83.495201,1134196,13.336055,1883,-58276.1357421875,265.6357421875,15.946235,0,51.699122,0,115,0
median,0,fragments,206.33526099999835,8371.491348000001,-15698,1048576,877,54440,31.266163,int-list-views-typed-sorted,0,193,84.955811,1138596,13.594669,1846,-69894.748046875,268.61328125,16.15356,0,52.794793,0,146,0
median,0,fragments,206.33526099999835,8455.390622,-15698,1048576,887,49506,31.276876,int-list-views-typed-sorted,0,194,83.899274,1140712,13.580063,1840,-64740.5625,269.751953125,16.092100000000002,0,51.723913,0,136,0
median,0,fragments,206.33526099999835,8541.037561000001,-15698,1048576,896,51012,31.509054,int-list-views-typed-sorted,0,195,85.646939,1142668,13.84243,1839,-66347.666015625,270.263671875,16.111993,0,53.269023,0,127,0
median,0,fragments,206.33526099999835,8625.676501000002,-15698,1048576,886,49343,31.752105,int-list-views-typed-sorted,0,196,84.63894,1143564,14.258096,1829,-64670.6982421875,270.8017578125,15.997041000000001,0,51.991413,0,137,0
median,0,fragments,206.33526099999835,8707.645074000002,-15684,1048576,911,58491,31.592047,int-list-views-typed-sorted,0,197,81.968573,1144804,14.178263,1816,-73594.427734375,269.0546875,15.860356000000001,0,49.458564,0,112,0
median,0,fragments,206.33526099999835,8789.851361000003,-15684,1048576,908,48186,30.773708,int-list-views-typed-sorted,0,198,82.206287,1145096,13.943868,1824,-63290.591796875,267.2353515625,15.373144,0,50.462359,0,115,0
median,0,fragments,206.33526099999835,8871.348674000003,-15597,1048576,905,38658,31.645676,int-list-views-typed-sorted,0,199,81.497313,1145284,14.350379,1856,-55572.216796875,268.5126953125,15.792991,0,48.962889,0,118,0
median,0,fragments,206.33526099999835,8957.250335000002,-15597,1048576,915,44334,32.526463,int-list-views-typed-sorted,0,200,85.901661,1145552,13.98715,1836,-59147.9697265625,266.486328125,17.03049,0,52.285724,0,108,0
median,0,fragments,206.33526099999835,9042.238163000002,-15597,1048576,903,42690,31.907454,int-list-views-typed-sorted,0,201,84.987828,1145880,13.775174,1805,-58963.9697265625,264.4833984375,16.659887000000005,0,52.125874,0,120,0
median,0,fragments,206.33526099999835,9126.252083000001,-15597,1048576,906,52612,31.746895,int-list-views-typed-sorted,0,202,84.01392,1146688,14.024309,1809,-67946.5,260.3759765625,16.213730999999996,0,51.166658,0,117,0
median,0,fragments,206.33526099999835,9210.498348000001,-15597,1048576,880,41707,31.089431,int-list-views-typed-sorted,0,203,84.246265,1146900,13.513219,1775,-57479.4228515625,260.13671875,16.078457,0,52.110778,0,143,0
median,0,fragments,206.33526099999835,9291.247634000001,-15597,1048576,896,35047,31.372305,int-list-views-typed-sorted,0,204,80.749286,1147064,13.715699,1808,-50214.013671875,259.8486328125,16.117614,0,48.311607,0,127,0
median,0,fragments,206.33526099999835,9376.028984,-15597,1048576,902,49430,31.176873,int-list-views-typed-sorted,0,205,84.78135,1147268,13.57171,1775,-64915.953125,265.337890625,16.156862000000004,0,52.570194,0,121,0
median,0,fragments,206.33526099999835,9458.272617,-15597,1048576,907,46070,32.131839,int-list-views-typed-sorted,0,206,82.243633,1147760,14.19995,1797,-61243.0029296875,275.4716796875,16.432423999999997,0,49.07618,0,116,0
median,0,fragments,206.33526099999835,9543.035281,-15591,1048576,907,41993,31.498225,int-list-views-typed-sorted,0,207,84.762664,1150288,14.318189,1816,-56816.3681640625,286.0595703125,15.645314,0,52.261593,0,116,0
median,0,fragments,206.33526099999835,9631.567404000001,-15569,1048576,903,46959,31.882659,int-list-views-typed-sorted,0,208,88.532123,1155688,14.717413,1792,-63604.2646484375,305.9404296875,15.666962000000002,0,55.642995,0,120,0
median,0,fragments,206.33526099999835,9723.560305,-15533,1048576,902,40901,34.817728,int-list-views-typed-sorted,0,209,91.992901,1162088,15.627024,1820,-56634.0341796875,319.4521484375,17.573045000000004,0,56.056181,0,121,0
median,0,fragments,206.33526099999835,9821.944446000001,-15533,1048576,903,54645,34.670237,int-list-views-typed-sorted,0,210,98.384141,1172232,15.508152,1839,-69546.794921875,329.677734375,17.497512999999998,0,62.630768,0,120,0
median,0,fragments,206.33526099999835,9918.948404,-15533,1048576,919,52435,35.600167,int-list-views-typed-sorted,0,211,97.003958,1182004,15.895251,1855,-67547.40625,343.5068359375,18.024359999999998,0,60.024715,0,104,0
median,0,fragments,206.33526099999835,10024.923234,-15519,1048576,902,41925,36.237627,int-list-views-typed-sorted,0,212,105.97483,1192572,16.208593,1854,-57088.193359375,353.359375,18.246607000000004,0,68.55997,0,121,0
median,0,fragments,206.33526099999835,10134.988322,-15519,1048576,920,41045,38.327978,int-list-views-typed-sorted,0,213,110.065088,1206620,17.025736,1849,-55718.3916015625,359.6142578125,19.530222000000002,0,70.588368,0,103,0
median,0,fragments,206.33526099999835,10247.14516,-15519,1048576,911,59142,37.631404,int-list-views-typed-sorted,0,214,112.156838,1219020,17.024451,1822,-73980.5517578125,364.9658203125,18.953288,0,73.526198,0,112,0
median,0,fragments,206.33526099999835,10355.507299,-15519,1048576,901,51596,38.796768,int-list-views-typed-sorted,0,215,108.362139,1223164,17.518877,1831,-66727.478515625,371.80078125,19.489391,0,68.320349,0,122,0
median,0,fragments,206.33526099999835,10466.592703,-15490,1048576,899,51244,39.100833,int-list-views-typed-sorted,0,216,111.085404,1228764,17.402272,1831,-65605.8291015625,383.017578125,19.903038,0,70.844152,0,124,0
median,0,fragments,206.33526099999835,10580.202242,-15490,1048576,903,46587,40.763831,int-list-views-typed-sorted,0,217,113.609539,1235620,17.834205,1843,-61191.185546875,393.0546875,20.906186000000005,0,71.64489,0,120,0
median,0,fragments,206.33526099999835,10697.08154,-15490,1048576,902,45074,39.401858,int-list-views-typed-sorted,0,218,116.879298,1242952,17.965661,1857,-60204.8330078125,394.146484375,19.600896999999996,0,76.431953,0,121,0
median,0,fragments,206.33526099999835,10815.684481999999,-15490,1048576,894,64287,40.491185,int-list-views-typed-sorted,0,219,118.602942,1249020,17.90322,1827,-78198.8994140625,392.1171875,20.638161,0,76.957508,0,129,0
median,0,fragments,206.33526099999835,10933.033275999998,-15490,1048576,903,37791,39.716137,int-list-views-typed-sorted,0,220,117.348794,1252620,17.725792,1875,-52605.2177734375,391.5888671875,20.058928,0,76.561638,0,120,0
median,0,fragments,206.33526099999835,11053.514628999998,-15490,1048576,911,52795,39.394025,int-list-views-typed-sorted,0,221,120.481353,1259792,17.576045,1890,-67945.396484375,393.4609375,19.894723999999997,0,79.998056,0,112,0
median,0,fragments,206.33526099999835,11171.861801999998,-15490,1048576,907,49057,40.718638,int-list-views-typed-sorted,0,222,118.347173,1264748,17.563809,1856,-64624.8525390625,390.8935546875,21.201888999999998,0,76.422797,0,116,0
median,0,fragments,206.33526099999835,11291.096021999998,-15482,1048576,918,50266,40.546659,int-list-views-typed-sorted,0,223,119.23422,1265984,17.75701,1876,-64778.7353515625,387.74609375,20.852161,0,77.553147,0,105,0
median,0,fragments,206.33526099999835,11409.029189999997,-15482,1048576,897,51003,40.935695,int-list-views-typed-sorted,0,224,117.933168,1266716,17.743229,1841,-65732.017578125,374.5859375,21.293931999999998,0,75.880186,0,126,0
median,0,fragments,206.33526099999835,11520.213101999998,-15482,1048576,900,45382,38.134979,int-list-views-typed-sorted,0,225,111.183912,1267792,17.494657,1829,-60325.6455078125,362.6025390625,18.828705,0,71.974008,0,123,0
median,0,fragments,206.33526099999835,11629.706808999998,-15482,1048576,902,43041,37.613287,int-list-views-typed-sorted,0,226,109.493707,1269080,16.557925,1843,-58008.48828125,354.7685546875,19.23964,0,70.68479,0,121,0
median,0,fragments,206.33526099999835,11738.468678999998,-15482,1048576,890,47870,37.287647,int-list-views-typed-sorted,0,227,108.76187,1269676,16.702956,1824,-62298.94140625,348.9990234375,18.899492,0,70.382286,0,133,0
median,0,fragments,206.33526099999835,11845.894976999998,-15482,1048576,882,46768,36.849234,int-list-views-typed-sorted,0,228,107.426298,1270512,16.181337,1812,-61606.6181640625,348.1806640625,18.892543000000003,0,69.514714,0,141,0
median,0,fragments,206.33526099999835,11956.475727999998,-15482,1048576,892,59203,36.376159,int-list-views-typed-sorted,0,229,110.580751,1271048,15.864963,1817,-73810.39453125,343.69921875,18.79778,0,73.128115,0,131,0
median,0,fragments,206.33526099999835,12065.104486999997,-15459,1048576,894,58164,37.281685,int-list-views-typed-sorted,0,230,108.628759,1271608,16.0889,1829,-72730.5126953125,339.740234375,19.344502000000006,0,70.2686,0,129,0
median,0,fragments,206.33526099999835,12169.064455999996,-15459,1048576,899,44123,36.101359,int-list-views-typed-sorted,0,231,103.959969,1271796,16.064273,1816,-59158.1015625,336.77734375,18.295784000000005,0,66.839305,0,124,0
median,0,fragments,206.33526099999835,12274.819625999997,-15459,1048576,901,44929,36.157646,int-list-views-typed-sorted,0,232,105.75517,1272036,15.952947,1792,-61030.9853515625,326.7392578125,18.531069,0,68.515488,0,122,0
median,0,fragments,206.33526099999835,12371.151052999996,-15459,1048576,898,44344,35.979011,int-list-views-typed-sorted,0,233,96.331427,1272112,16.319595,1821,-58902.0126953125,322.1591796875,18.028698,0,59.251594,0,125,0
median,0,fragments,206.33526099999835,12475.266595999996,-15459,1048576,877,46247,34.529092,int-list-views-typed-sorted,0,234,104.115543,1272364,15.930988,1825,-61013.2724609375,321.10546875,16.991245,0,68.48945,0,146,0
median,0,fragments,206.33526099999835,12576.567713999995,-15459,1048576,891,49138,36.376171,int-list-views-typed-sorted,0,235,101.301118,1273348,15.746993,1842,-63471.4853515625,320.1455078125,18.904304,0,63.786658,0,132,0
median,0,fragments,206.33526099999835,12677.905656999996,-15418,1048576,922,56491,35.071412,int-list-views-typed-sorted,0,236,101.337943,1273380,15.769656,1806,-71813.3271484375,315.5673828125,17.683302000000005,0,65.254818,0,101,0
median,0,fragments,206.33526099999835,12779.163809999996,-15418,1048576,909,42428,36.066556,int-list-views-typed-sorted,0,237,101.258153,1273420,16.057665,1875,-57060.6865234375,317.3134765625,18.260215000000002,0,64.097013,0,114,0
median,0,fragments,206.33526099999835,12882.292224999996,-15418,1048576,901,58731,37.166409,int-list-views-typed-sorted,0,238,103.128415,1273596,16.284543,1810,-73625.1533203125,316.08984375,19.185827000000003,0,64.929378,0,122,0
median,0,fragments,206.33526099999835,12980.315460999995,-15418,1048576,905,63827,35.390704,int-list-views-typed-sorted,0,239,98.023236,1273952,16.25017,1856,-78643.37109375,315.8916015625,17.429155,0,61.649574,0,118,0
median,0,fragments,206.33526099999835,13080.596253999995,-15418,1048576,893,58481,35.425297,int-list-views-typed-sorted,0,240,100.280793,1273980,16.046205,1841,-72982.2626953125,318.0771484375,17.739741000000002,0,63.879833,0,130,0
median,0,fragments,206.33526099999835,13179.409297999995,-15418,1048576,888,66099,35.008163,int-list-views-typed-sorted,0,241,98.813044,1274012,16.324658,1797,-80231.7490234375,320.279296875,17.084479,0,62.797142,0,135,0
median,0,fragments,206.33526099999835,13279.234891999995,-15418,1048576,893,49711,36.093024,int-list-views-typed-sorted,0,242,99.825594,1274052,16.191231,1801,-64777.9228515625,324.8125,18.225935,0,62.746643,0,130,0
median,0,fragments,206.33526099999835,13380.890664999995,-15418,1048576,907,47213,36.114706,int-list-views-typed-sorted,0,243,101.655773,1274116,16.873364,1845,-61871.6943359375,328.2744140625,17.602253999999995,0,64.497275,0,116,0
median,0,fragments,206.33526099999835,13479.887893999996,-15418,1048576,874,58907,36.097719,int-list-views-typed-sorted,0,244,98.997229,1274352,16.840563,1796,-73106.275390625,331.6064453125,17.607777999999996,0,61.89229,0,149,0
median,0,fragments,206.33526099999835,13577.952532999996,-15418,1048576,884,47674,35.776101,int-list-views-typed-sorted,0,245,98.064639,1274404,16.957385,1804,-62480.95703125,335.1904296875,17.192638,0,61.230319,0,139,0
median,0,fragments,206.33526099999835,13677.766225999996,-15418,1048576,894,51774,35.327209,int-list-views-typed-sorted,0,246,99.813693,1274480,16.963762,1788,-65782.1767578125,336.6357421875,16.740374000000003,0,63.479452,0,129,0
median,0,fragments,206.33526099999835,13776.048538999996,-15404,1048576,878,52943,36.398843,int-list-views-typed-sorted,0,247,98.282313,1274760,17.073851,1795,-67077.48046875,333.453125,17.597948000000002,0,60.853698,0,145,0
median,0,fragments,206.33526099999835,13876.706355999995,-15404,1048576,896,50951,36.372688,int-list-views-typed-sorted,0,248,100.657817,1275096,17.04734,1812,-65546.779296875,338.009765625,17.630347999999998,0,63.183595,0,127,0
median,0,fragments,206.33526099999835,13979.111832999995,-15404,1048576,873,46667,36.843482,int-list-views-typed-sorted,0,249,102.405477,1275648,17.344964,1814,-61174.1015625,341.193359375,17.765296,0,64.430296,0,150,0
median,0,fragments,206.33526099999835,14086.940588999996,-15404,1048576,891,44507,37.278223,int-list-views-typed-sorted,0,250,107.828756,1276028,17.430541,1841,-60977.458984375,341.5068359375,18.053925999999997,0,69.40316,0,132,0
median,0,fragments,206.33526099999835,14193.101428999997,-15379,1048576,907,54346,37.451403,int-list-views-typed-sorted,0,251,106.16084,1278872,16.910226,1857,-70170.32421875,344.587890625,18.817358999999996,0,67.688735,0,116,0
median,0,fragments,206.33526099999835,14303.598746999996,-15379,1048576,909,45183,38.007678,int-list-views-typed-sorted,0,252,110.497318,1280508,17.133411,1825,-59805.55859375,349.8505859375,19.101775,0,71.380258,0,114,0
median,0,fragments,206.33526099999835,14409.095959999997,-15379,1048576,927,47707,38.990798,int-list-views-typed-sorted,0,253,105.497213,1282332,17.404438,1857,-62308.8232421875,349.779296875,19.763968,0,65.456847,0,96,0
median,0,fragments,206.33526099999835,14511.964417999998,-15379,1048576,904,39848,37.925887,int-list-views-typed-sorted,0,254,102.868458,1282840,17.547733,1808,-54450.8701171875,350.833984375,18.664233000000003,0,63.879278,0,119,0
median,0,fragments,206.33526099999835,14613.643231999999,-15379,1048576,906,52424,36.47263,int-list-views-typed-sorted,0,255,101.678814,1284360,17.243013,1856,-66579.150390625,352.5595703125,17.441811,0,64.177994,0,117,0
median,1,fragments,218.0662729999858,254.20638999998582,-31025,1048576,890,275609,14.849075,int-list-views-typed-sorted-direct-root-window-unboxed-bound-add,0,0,36.140117,1008876,3.358497,2343,-304667.439453125,55.443359375,10.447184,0,20.198282,0,133,0
median,1,fragments,218.0662729999858,277.4525529999858,-30492,1048576,818,85411,11.157344,int-list-views-typed-sorted-direct-root-window-unboxed-bound-add,0,1,23.246163,1009700,2.140451,2068,-122711.4755859375,55.759765625,8.20441,0,11.370331,0,205,0
median,1,fragments,218.0662729999858,300.8864849999858,-30492,1048576,793,22565,11.023066,int-list-views-typed-sorted-direct-root-window-unboxed-bound-add,0,2,23.433932,1010236,2.188029,1905,-60356.52734375,61.9501953125,8.030408999999999,0,11.6941,0,230,0
median,1,fragments,218.0662729999858,325.60544799998576,-30492,1048576,776,18266,11.50312,int-list-views-typed-sorted-direct-root-window-unboxed-bound-add,0,3,24.718963,1010784,2.174467,1813,-56554.4873046875,63.072265625,8.508268999999999,0,12.565736,0,247,0
median,1,fragments,218.0662729999858,351.7409759999858,-30492,1048576,782,22281,11.553902,int-list-views-typed-sorted-direct-root-window-unboxed-bound-add,0,4,26.135528,1010948,2.179767,1748,-56896.353515625,60.4814453125,8.509906,0,13.836843,0,241,0
median,1,fragments,218.0662729999858,378.9302319999858,-30492,1048576,792,25028,11.973766,int-list-views-typed-sorted-direct-root-window-unboxed-bound-add,0,5,27.189256,1011076,2.099617,1760,-59062.220703125,61.8974609375,9.028848,0,14.527262,0,231,0
median,1,fragments,218.0662729999858,407.4540899999858,-30492,1048576,812,28023,12.484752,int-list-views-typed-sorted-direct-root-window-unboxed-bound-add,0,6,28.523858,1011264,2.204767,1764,-60538.0419921875,68.3115234375,9.429044000000001,0,15.320665,0,211,0
median,1,fragments,218.0662729999858,437.7771909999858,-30432,1048576,825,20035,12.91312,int-list-views-typed-sorted-direct-root-window-unboxed-bound-add,0,7,30.323101,1011424,2.211738,1773,-52528.439453125,72.3232421875,9.812570000000001,0,16.654862,0,198,0
median,1,fragments,218.0662729999858,469.0153569999858,-29187,1048576,822,35702,13.404995,int-list-views-typed-sorted-direct-root-window-unboxed-bound-add,0,8,31.238166,1011652,2.26217,1795,-66872.66796875,70.48046875,10.258899,0,17.037143,0,201,0
median,1,fragments,218.0662729999858,519.5151379999858,-29187,1048576,863,26554,13.11149,int-list-views-typed-sorted-direct-root-window-unboxed-bound-add,0,9,50.499781,1011900,2.222432,1842,-57686.5556640625,69.5439453125,10.010442999999999,0,36.514521,0,160,0
median,1,fragments,218.0662729999858,596.8541659999858,-29187,1048576,824,27420,41.993069,int-list-views-typed-sorted-direct-root-window-unboxed-bound-add,0,10,77.339028,1011960,2.24247,1781,-59006.5556640625,65.4697265625,37.222294,0,32.863154,0,199,0
median,1,fragments,218.0662729999858,633.1178219999857,-29187,1048576,855,14755,16.641366,int-list-views-typed-sorted-direct-root-window-unboxed-bound-add,0,11,36.263656,1011988,2.230773,1795,-45901.947265625,60.9052734375,13.412821000000001,0,18.572349,0,168,0
median,1,fragments,218.0662729999858,660.8692329999857,-29187,1048576,808,16794,12.857681,int-list-views-typed-sorted-direct-root-window-unboxed-bound-add,0,12,27.751411,1012012,2.207352,1758,-48612.49609375,55.3642578125,9.769829999999999,0,14.059558,0,215,0
median,1,fragments,218.0662729999858,685.5510719999857,-29187,1048576,844,9170,11.572682,int-list-views-typed-sorted-direct-root-window-unboxed-bound-add,0,13,24.681839,1012032,2.247622,1739,-40330.2666015625,51.4404296875,8.51313,0,12.414139,0,179,0
median,1,fragments,218.0662729999858,708.8387719999856,-29187,1048576,857,16354,11.065019,int-list-views-typed-sorted-direct-root-window-unboxed-bound-add,0,14,23.2877,1012044,2.265359,1736,-46915.8828125,51.9755859375,8.009991,0,11.565367,0,166,0
median,1,fragments,218.0662729999858,732.6247239999856,-29187,1048576,848,18863,11.634934,int-list-views-typed-sorted-direct-root-window-unboxed-bound-add,0,15,23.785952,1012068,2.232814,1793,-50033.08984375,53.5146484375,8.53059,0,11.315178,0,175,0
median,1,fragments,218.0662729999858,757.1891499999856,-29187,1048576,836,22370,11.726743,int-list-views-typed-sorted-direct-root-window-unboxed-bound-add,0,16,24.564426,1012076,2.276074,1784,-52785.123046875,56.814453125,8.654239,0,12.065038,0,187,0
median,1,fragments,218.0662729999858,782.1894169999856,-29143,1048576,845,25885,12.205404,int-list-views-typed-sorted-direct-root-window-unboxed-bound-add,0,17,25.000267,1012080,2.301235,1798,-56260.9296875,59.8935546875,9.032240999999999,0,12.061316,0,178,0
median,1,fragments,218.0662729999858,806.2151749999856,-29143,1048576,873,26276,11.152199,int-list-views-typed-sorted-direct-root-window-unboxed-bound-add,0,18,24.025758,1012160,2.284205,1784,-56161.3330078125,62.4423828125,8.073726999999998,0,12.229709,0,150,0
median,1,fragments,218.0662729999858,830.9578569999856,-29143,1048576,891,18399,11.36837,int-list-views-typed-sorted-direct-root-window-unboxed-bound-add,0,19,24.742682,1012184,2.226444,1813,-48667.8427734375,62.451171875,8.343294,0,12.716128,0,132,0
median,1,fragments,218.0662729999858,856.3526799999855,-29143,1048576,876,28901,11.269228,int-list-views-typed-sorted-direct-root-window-unboxed-bound-add,0,20,25.394823,1012212,2.20422,1813,-59517.3310546875,59.154296875,8.259336999999999,0,13.468732,0,147,0
median,1,fragments,218.0662729999858,881.8879019999855,-29143,1048576,884,43717,11.795845,int-list-views-typed-sorted-direct-root-window-unboxed-bound-add,0,21,25.535222,1012264,2.304356,1829,-72515.771484375,56.955078125,8.698601,0,13.103528,0,139,0
median,1,fragments,218.0662729999858,906.3889779999855,-29143,1048576,873,31526,11.121813,int-list-views-typed-sorted-direct-root-window-unboxed-bound-add,0,22,24.501076,1012264,2.268576,1848,-60386.9873046875,54.427734375,8.065373,0,12.713197,0,150,0
median,1,fragments,218.0662729999858,930.4135509999855,-29143,1048576,851,37601,11.449344,int-list-views-typed-sorted-direct-root-window-unboxed-bound-add,0,23,24.024573,1012264,2.288598,1852,-66271.0107421875,52.3134765625,8.374943,0,11.937795,0,172,0
median,1,fragments,218.0662729999858,953.7766509999856,-29143,1048576,859,19595,11.27636,int-list-views-typed-sorted-direct-root-window-unboxed-bound-add,0,24,23.3631,1012264,2.28511,1810,-49230.8623046875,50.7802734375,8.219185000000001,0,11.460088,0,164,0
median,1,fragments,218.0662729999858,976.8018659999856,-29143,1048576,858,28793,10.884404,int-list-views-typed-sorted-direct-root-window-unboxed-bound-add,0,25,23.025215,1012264,2.281841,1790,-57636.8525390625,50.9716796875,7.813243999999999,0,11.488742,0,165,0
median,1,fragments,218.0662729999858,1000.0936259999855,-29143,1048576,860,34409,11.233732,int-list-views-typed-sorted-direct-root-window-unboxed-bound-add,0,26,23.29176,1012264,2.319676,1797,-64149.5576171875,53.458984375,8.124554,0,11.406662,0,163,0
median,1,fragments,218.0662729999858,1024.2490299999856,-29143,1048576,852,28469,11.461928,int-list-views-typed-sorted-direct-root-window-unboxed-bound-add,0,27,24.155404,1012264,2.272758,1796,-58908.9541015625,56.794921875,8.398484,0,12.01778,0,171,0
median,1,fragments,218.0662729999858,1048.4070529999856,-29143,1048576,873,25334,11.535801,int-list-views-typed-sorted-direct-root-window-unboxed-bound-add,0,28,24.158023,1012268,2.270054,1814,-54638.3466796875,61.435546875,8.462146999999998,0,11.966315,0,150,0
median,1,fragments,218.0662729999858,1073.0602199999855,-29143,1048576,853,23230,11.196147,int-list-views-typed-sorted-direct-root-window-unboxed-bound-add,0,29,24.653167,1012288,2.33171,1838,-53664.03125,64.201171875,8.061965,0,12.81685,0,170,0
median,1,fragments,218.0662729999858,1098.7563189999855,-29143,1048576,853,41503,11.938036,int-list-views-typed-sorted-direct-root-window-unboxed-bound-add,0,30,25.696099,1012316,2.368102,1856,-71171.5751953125,66.7509765625,8.743780000000001,0,13.111905,0,170,0
median,1,fragments,218.0662729999858,1125.2182119999854,-28616,1048576,898,38078,12.055839,int-list-views-typed-sorted-direct-root-window-unboxed-bound-add,0,31,26.461893,1012392,2.403469,1872,-67253.7734375,67.951171875,8.839597000000001,0,13.747904,0,125,0
median,1,fragments,218.0662729999858,1152.4159169999855,-28616,1048576,893,27755,12.386418,int-list-views-typed-sorted-direct-root-window-unboxed-bound-add,0,32,27.197705,1012440,2.466669,1842,-57367.998046875,68.4697265625,9.022227,0,14.12431,0,130,0
median,1,fragments,218.0662729999858,1179.0915889999856,-28616,1048576,882,19868,11.883593,int-list-views-typed-sorted-direct-root-window-unboxed-bound-add,0,33,26.675672,1012496,2.461629,1878,-50873.455078125,67.6787109375,8.598172,0,14.099366,0,141,0
median,1,fragments,218.0662729999858,1206.0839709999855,-28616,1048576,885,18753,12.521463,int-list-views-typed-sorted-direct-root-window-unboxed-bound-add,0,34,26.992382,1012628,2.485242,1859,-49362.326171875,66.30078125,9.188046,0,13.738839,0,138,0
median,1,fragments,218.0662729999858,1233.0336689999854,-28414,1048576,869,21749,11.709957,int-list-views-typed-sorted-direct-root-window-unboxed-bound-add,0,35,26.949698,1012628,2.503682,1839,-52025.5556640625,64.6259765625,8.385963,0,14.557911,0,154,0
median,1,fragments,218.0662729999858,1258.4165239999854,-28414,1048576,884,32362,11.950902,int-list-views-typed-sorted-direct-root-window-unboxed-bound-add,0,36,25.382855,1012652,2.451817,1824,-61321.451171875,63.671875,8.668994,0,12.7849,0,139,0
median,1,fragments,218.0662729999858,1284.0737899999854,-28414,1048576,852,25808,11.381696,int-list-views-typed-sorted-direct-root-window-unboxed-bound-add,0,37,25.657266,1012652,2.489087,1831,-54712.8046875,63.6064453125,8.094605,0,13.570632,0,171,0
median,1,fragments,218.0662729999858,1310.0635389999854,-28040,1048576,868,22396,11.868081,int-list-views-typed-sorted-direct-root-window-unboxed-bound-add,0,38,25.989749,1012668,2.496378,1840,-54464.53125,64.8798828125,8.541996000000001,0,13.479512,0,155,0
median,1,fragments,218.0662729999858,1336.1264589999855,-28040,1048576,869,24167,11.558722,int-list-views-typed-sorted-direct-root-window-unboxed-bound-add,0,39,26.06292,1012672,2.511827,1805,-57317.3359375,66.9189453125,8.242495,0,13.851672,0,154,0
median,1,fragments,218.0662729999858,1362.6471879999856,-28040,1048576,878,26534,12.347037,int-list-views-typed-sorted-direct-root-window-unboxed-bound-add,0,40,26.520729,1012676,2.520738,1816,-56553.1318359375,68.93359375,9.004488,0,13.502448,0,145,0
median,1,fragments,218.0662729999858,1390.5245429999857,-27996,1048576,878,29284,12.074634,int-list-views-typed-sorted-direct-root-window-unboxed-bound-add,0,41,27.877355,1012696,2.462275,1807,-59577.9130859375,72.357421875,8.745394,0,15.09623,0,145,0
median,1,fragments,218.0662729999858,1418.6843099999858,-26047,1048576,887,26554,12.624082,int-list-views-typed-sorted-direct-root-window-unboxed-bound-add,0,42,28.159767,1012844,2.521821,1834,-56689.646484375,77.66015625,9.256803999999999,0,14.82694,0,136,0
median,1,fragments,218.0662729999858,1448.1747079999857,-26047,1048576,895,31136,13.378344,int-list-views-typed-sorted-direct-root-window-unboxed-bound-add,0,43,29.490398,1013092,2.566601,1837,-61886.4853515625,82.5556640625,9.899768000000002,0,15.290024,0,128,0
median,1,fragments,218.0662729999858,1478.1080439999857,-26047,1048576,898,24835,12.725481,int-list-views-typed-sorted-direct-root-window-unboxed-bound-add,0,44,29.933336,1013468,2.554708,1844,-55186.7568359375,86.7060546875,9.25618,0,16.465007,0,125,0
median,1,fragments,218.0662729999858,1508.6767599999857,-26047,1048576,904,26199,12.886291,int-list-views-typed-sorted-direct-root-window-unboxed-bound-add,0,45,30.568716,1013668,2.610133,1869,-55097.279296875,89.8408203125,9.359202,0,16.877346,0,119,0
median,1,fragments,218.0662729999858,1540.9018199999857,-25428,1048576,910,25234,13.151107,int-list-views-typed-sorted-direct-root-window-unboxed-bound-add,0,46,32.22506,1014056,2.636474,1876,-54796.998046875,93.546875,9.638914,0,18.27245,0,113,0
median,1,fragments,218.0662729999858,1572.8103699999858,-25428,1048576,900,25265,13.798722,int-list-views-typed-sorted-direct-root-window-unboxed-bound-add,0,47,31.90855,1014272,2.640308,1903,-54168.6376953125,95.486328125,10.211986,0,17.333645,0,123,0
median,1,fragments,218.0662729999858,1606.7260629999857,-25428,1048576,894,23390,13.467008,int-list-views-typed-sorted-direct-root-window-unboxed-bound-add,0,48,33.915693,1014512,2.638758,1875,-51823.8427734375,99.1220703125,9.936371000000001,0,19.591083,0,129,0
median,1,fragments,218.0662729999858,1640.5661159999856,-24402,1048576,904,28428,14.369938,int-list-views-typed-sorted-direct-root-window-unboxed-bound-add,0,49,33.840053,1014700,2.693032,1899,-56006.8701171875,100.0791015625,10.778656,0,18.66575,0,119,0
median,1,fragments,218.0662729999858,1675.8981739999856,-24402,1048576,926,16622,13.661507,int-list-views-typed-sorted-direct-root-window-unboxed-bound-add,0,50,35.332058,1014996,2.652944,1912,-46060.1025390625,99.7626953125,10.059422000000001,0,20.846387,0,97,0
median,1,fragments,218.0662729999858,1711.5033929999856,-24402,1048576,894,27943,14.008155,int-list-views-typed-sorted-direct-root-window-unboxed-bound-add,0,51,35.605219,1015816,2.677946,1916,-55874.1474609375,99.7177734375,10.426815999999999,0,20.834897,0,129,0
median,1,fragments,218.0662729999858,1747.3478829999856,-24402,1048576,879,27181,14.034186,int-list-views-typed-sorted-direct-root-window-unboxed-bound-add,0,52,35.84449,1016120,2.622043,1887,-55927.1376953125,100.03125,10.527109,0,21.019495,0,144,0
median,1,fragments,218.0662729999858,1781.6545849999857,-24402,1048576,915,21238,13.895849,int-list-views-typed-sorted-direct-root-window-unboxed-bound-add,0,53,34.306702,1016316,2.589897,1904,-48703.259765625,99.5732421875,10.414472,0,19.582473,0,108,0
median,1,fragments,218.0662729999858,1815.9198279999857,-24402,1048576,911,28922,13.215478,int-list-views-typed-sorted-direct-root-window-unboxed-bound-add,0,54,34.265243,1016548,2.547165,1875,-56647.73046875,98.59765625,9.755101999999999,0,20.167988,0,112,0
median,1,fragments,218.0662729999858,1850.2274799999857,-24402,1048576,899,21333,13.387138,int-list-views-typed-sorted-direct-root-window-unboxed-bound-add,0,55,34.307652,1016620,2.542347,1837,-47780.892578125,95.232421875,9.943711,0,20.050999,0,124,0
median,1,fragments,218.0662729999858,1885.0860359999856,-20170,1048576,894,31707,13.251587,int-list-views-typed-sorted-direct-root-window-unboxed-bound-add,0,56,34.858556,1016664,2.543696,1820,-57802.501953125,93.5556640625,9.825152,0,20.808324,0,129,0
median,1,fragments,218.0662729999858,1919.7497189999856,-19731,1048576,903,31855,13.932343,int-list-views-typed-sorted-direct-root-window-unboxed-bound-add,0,57,34.663683,1016724,2.540421,1853,-59153.916015625,94.078125,10.503853999999999,0,19.904701,0,120,0
median,1,fragments,218.0662729999858,1953.6809859999855,-19731,1048576,895,19846,13.955017,int-list-views-typed-sorted-direct-root-window-unboxed-bound-add,0,58,33.931267,1016864,2.591673,1848,-47132.28125,97.7939453125,10.478078,0,19.207591,0,128,0
median,1,fragments,218.0662729999858,1987.8431669999854,-19731,1048576,889,31502,13.401857,int-list-views-typed-sorted-direct-root-window-unboxed-bound-add,0,59,34.162181,1016996,2.546177,1817,-58195.51171875,104.4462890625,9.929587000000001,0,19.961244,0,134,0
median,1,fragments,218.0662729999858,2021.7335959999855,-19731,1048576,913,23952,13.666055,int-list-views-typed-sorted-direct-root-window-unboxed-bound-add,0,60,33.890429,1017080,2.631607,1864,-49458.189453125,109.1162109375,10.13165,0,19.421619,0,110,0
median,1,fragments,218.0662729999858,2058.2455539999855,-19731,1048576,892,32202,13.732465,int-list-views-typed-sorted-direct-root-window-unboxed-bound-add,0,61,36.511958,1017684,2.705613,1868,-57086.134765625,111.8642578125,10.121220999999998,0,21.928406,0,131,0
median,1,fragments,218.0662729999858,2096.4720879999854,-19731,1048576,883,18420,14.469084,int-list-views-typed-sorted-direct-root-window-unboxed-bound-add,0,62,38.226534,1018780,2.761547,1838,-43632.3759765625,112.5224609375,10.788989,0,22.980859,0,140,0
median,1,fragments,218.0662729999858,2134.1716369999854,-19731,1048576,874,33175,14.445209,int-list-views-typed-sorted-direct-root-window-unboxed-bound-add,0,63,37.699549,1019120,2.680138,1841,-59192.591796875,111.4091796875,10.807051000000001,0,22.383218,0,149,0
median,1,fragments,218.0662729999858,2171.9243399999855,-17008,1048576,901,30999,14.385246,int-list-views-typed-sorted-direct-root-window-unboxed-bound-add,0,64,37.752703,1019204,2.754017,1854,-57025.767578125,108.3125,10.716074,0,22.512062,0,122,0
median,1,fragments,218.0662729999858,2208.2262839999853,-15364,1048576,897,30954,14.230358,int-list-views-typed-sorted-direct-root-window-unboxed-bound-add,0,65,36.301944,1019636,2.745743,1843,-55351.345703125,103.4765625,10.536817000000001,0,21.216607,0,126,0
median,1,fragments,218.0662729999858,2244.4450729999853,-15364,1048576,884,33478,13.632623,int-list-views-typed-sorted-direct-root-window-unboxed-bound-add,0,66,36.218789,1020068,2.680575,1808,-57967.4765625,101.4267578125,10.043693000000001,0,21.770724,0,139,0
median,1,fragments,218.0662729999858,2281.2919049999855,-15364,1048576,884,43160,13.96822,int-list-views-typed-sorted-direct-root-window-unboxed-bound-add,0,67,36.846832,1020424,2.690001,1766,-65934.3017578125,97.6884765625,10.382537000000001,0,22.056245,0,139,0
median,1,fragments,218.0662729999858,2315.9884469999856,-14968,1048576,886,32021,13.840397,int-list-views-typed-sorted-direct-root-window-unboxed-bound-add,0,68,34.696542,1020444,2.629897,1798,-53874.478515625,92.3359375,10.324637,0,20.059537,0,137,0
median,1,fragments,218.0662729999858,2349.6006289999855,-14799,1048576,884,34404,13.79456,int-list-views-typed-sorted-direct-root-window-unboxed-bound-add,0,69,33.612182,1020452,2.59403,1817,-55903.2861328125,88.6044921875,10.272482,0,18.986617,0,139,0
median,1,fragments,218.0662729999858,2382.8765119999853,-14799,1048576,881,32855,13.458944,int-list-views-typed-sorted-direct-root-window-unboxed-bound-add,0,70,33.275883,1020464,2.649306,1801,-53369.3720703125,86.9375,9.941603,0,18.996642,0,142,0
median,1,fragments,218.0662729999858,2415.4860619999854,-14799,1048576,875,41662,13.081163,int-list-views-typed-sorted-direct-root-window-unboxed-bound-add,0,71,32.60955,1020476,2.588959,1802,-62112.140625,87.4453125,9.576072,0,18.77047,0,148,0
median,1,fragments,218.0662729999858,2446.5842579999853,-14799,1048576,889,37715,13.171882,int-list-views-typed-sorted-direct-root-window-unboxed-bound-add,0,72,31.098196,1020496,2.550023,1829,-58327.845703125,88.0615234375,9.756261,0,17.144183,0,134,0
median,1,fragments,218.0662729999858,2477.690718999985,-14781,1048576,881,46485,12.763168,int-list-views-typed-sorted-direct-root-window-unboxed-bound-add,0,73,31.106461,1020512,2.626866,1811,-65641.3212890625,92.015625,9.240132,0,17.596591,0,142,0
median,1,fragments,218.0662729999858,2509.3859379999853,-14718,1048576,881,44464,12.991075,int-list-views-typed-sorted-direct-root-window-unboxed-bound-add,0,74,31.695219,1020548,2.575513,1815,-63087.51953125,97.08203125,9.463716,0,17.964317,0,142,0
median,1,fragments,218.0662729999858,2542.9599589999852,-12476,1048576,877,40253,13.305154,int-list-views-typed-sorted-direct-root-window-unboxed-bound-add,0,75,33.574021,1020600,2.748822,1842,-58689.6865234375,103.474609375,9.628083,0,19.473983,0,146,0
median,1,fragments,218.0662729999858,2580.2490959999855,-12476,1048576,890,39836,13.492748,int-list-views-typed-sorted-direct-root-window-unboxed-bound-add,0,76,37.289137,1020892,2.703791,1840,-58032.3046875,112.6640625,9.897978,0,23.038179,0,133,0
median,1,fragments,218.0662729999858,2621.9350959999856,-12476,1048576,880,36559,19.02545,int-list-views-typed-sorted,0,77,41.686,1021584,7.169847,1848,-54874.4169921875,119.7607421875,10.909313999999998,0,21.806689,0,143,0
median,1,fragments,218.0662729999858,2663.2434569999855,-12476,1048576,900,28454,16.861334,int-list-views-typed-sorted,0,78,41.308361,1022464,4.688691,1860,-45526.7119140625,124.5029296875,11.240604,0,23.566259,0,123,0
median,1,fragments,218.0662729999858,2703.5463709999854,-12476,1048576,892,32262,15.169034,int-list-views-typed-sorted-direct-root-window-unboxed-bound-add,0,79,40.302914,1023528,2.820517,1860,-49102.240234375,123.4638671875,11.296337999999999,0,24.28872,0,131,0
median,1,fragments,218.0662729999858,2745.381290999985,-12476,1048576,882,31861,16.665782,int-list-views-typed-sorted,0,80,41.83492,1024276,4.848759,1825,-48783.7255859375,123.126953125,10.772196000000001,0,24.234251,0,141,0
median,1,fragments,218.0662729999858,2785.483642999985,-12476,1048576,875,44964,14.581269,int-list-views-typed-sorted-direct-root-window-unboxed-bound-add,0,81,40.102352,1024908,3.008395,1836,-60677.333984375,125.9677734375,10.526016,0,24.662289,0,148,0
median,1,fragments,218.0662729999858,2827.449864999985,-12476,1048576,901,38915,15.180227,int-list-views-typed-sorted-direct-root-window-unboxed-bound-add,0,82,41.966222,1027176,2.985918,1861,-56225.7080078125,135.3427734375,11.094018,0,25.867477,0,122,0
median,1,fragments,218.0662729999858,2871.643351999985,-12476,1048576,891,37911,16.869181,int-list-views-typed-sorted-direct-root-window-unboxed-bound-add,0,83,44.193487,1031696,3.034123,1879,-53342.8974609375,138.37890625,12.691978000000002,0,26.436937,0,132,0
median,1,fragments,218.0662729999858,2919.413808999985,-12360,1048576,894,33162,17.876806,int-list-views-typed-sorted,0,84,47.770457,1035816,4.894241,1898,-49525.1142578125,143.607421875,11.855881999999998,0,28.896284,0,129,0
median,1,fragments,218.0662729999858,2968.888709999985,-12193,1048576,880,35480,18.827663,int-list-views-typed-sorted,0,85,49.474901,1039536,5.349221,1868,-51605.4599609375,145.12109375,12.379755000000001,0,29.683279,0,143,0
median,1,fragments,218.0662729999858,3017.732944999985,-12193,1048576,896,31270,18.436484,int-list-views-typed-sorted,0,86,48.844235,1041332,4.848889,1857,-47999.9052734375,141.779296875,12.299120000000002,0,29.48354,0,127,0
median,1,fragments,218.0662729999858,3066.5483989999852,-11148,1048576,881,32462,18.865992,int-list-views-typed-sorted,0,87,48.815454,1041792,5.214657,1862,-47666.07421875,135.984375,12.516214999999999,0,29.088205,0,142,0
median,1,fragments,218.0662729999858,3112.721863999985,-11148,1048576,898,29572,17.559715,int-list-views-typed-sorted,0,88,46.173465,1042136,5.203094,1849,-45131.982421875,133.4990234375,11.21848,0,27.721697,0,125,0
median,1,fragments,218.0662729999858,3158.240427999985,-11148,1048576,881,31131,17.381171,int-list-views-typed-sorted,0,89,45.518564,1042312,4.851679,1839,-46360.408203125,130.578125,11.416049,0,27.195219,0,142,0
median,1,fragments,218.0662729999858,3205.032742999985,-11148,1048576,900,35515,17.969659,int-list-views-typed-sorted,0,90,46.792315,1042420,4.908362,1880,-50124.0068359375,125.3681640625,11.977127,0,27.825754,0,123,0
median,1,fragments,218.0662729999858,3252.3336509999854,-11148,1048576,884,34596,17.878087,int-list-views-typed-sorted,0,91,47.300908,1042524,4.893982,1863,-49443.2587890625,122.74609375,11.897264,0,28.552561,0,139,0
median,1,fragments,218.0662729999858,3298.3160149999853,-11148,1048576,892,32308,18.263546,int-list-views-typed-sorted,0,92,45.982364,1042560,4.95423,1849,-47366.669921875,118.9267578125,12.272879000000001,0,26.868935,0,131,0
median,1,fragments,218.0662729999858,3341.9566049999853,-11148,1048576,865,26404,17.001381,int-list-views-typed-sorted,0,93,43.64059,1042576,4.949816,1804,-41942.0791015625,117.66796875,11.094955999999998,0,25.801667,0,158,0
median,1,fragments,218.0662729999858,3381.7791329999854,-11148,1048576,891,32852,14.854416,int-list-views-typed-sorted-direct-root-window-unboxed-bound-add,0,94,39.822528,1042608,3.065907,1850,-48142.337890625,121.16015625,10.865352999999999,0,24.125865,0,132,0
median,1,fragments,218.0662729999858,3424.0783249999854,-11148,1048576,882,33419,14.960866,int-list-views-typed-sorted-direct-root-window-unboxed-bound-add,0,95,42.299192,1042860,3.05321,1845,-48807.9140625,124.748046875,10.917933999999999,0,26.475543,0,141,0
median,1,fragments,218.0662729999858,3466.2259239999853,-11041,1048576,887,33449,15.306612,int-list-views-typed-sorted-direct-root-window-unboxed-bound-add,0,96,42.147599,1043252,3.029096,1846,-48621.5751953125,127.623046875,11.290521,0,25.993367,0,136,0
median,1,fragments,218.0662729999858,3527.2103209999855,-10756,1048576,883,39610,31.73699,int-list-views-typed-sorted,0,97,60.984397,1043356,5.009592,1868,-54749.8681640625,131.1923828125,22.292133,0,25.943813,0,140,0
median,1,fragments,218.0662729999858,3608.5497729999856,-10260,1048576,890,37261,17.508019,int-list-views-typed-sorted,0,98,81.339452,1043708,4.839793,1880,-52071.5390625,134.76953125,11.568955,0,62.931793,0,133,0
median,1,fragments,218.0662729999858,3656.1924409999856,-10260,1048576,891,34397,18.316037,int-list-views-typed-sorted,0,99,47.642668,1043996,4.95266,1852,-49372.8857421875,137.6708984375,12.234861,0,28.413349,0,132,0
median,1,fragments,218.0662729999858,3704.650881999986,-10260,1048576,895,45325,18.243775,int-list-views-typed-sorted,0,100,48.458441,1045000,5.044237,1839,-59238.6015625,139.1650390625,12.062460999999999,0,29.240074,0,128,0
median,1,fragments,218.0662729999858,3757.305764999986,-10260,1048576,885,35334,20.127764,int-list-views-typed-sorted,0,101,52.654883,1046500,5.335655,1824,-50049.1259765625,138.6689453125,13.360313999999999,0,31.657669,0,138,0
median,1,fragments,218.0662729999858,3803.325872999986,-10260,1048576,908,44735,18.273356,int-list-views-typed-sorted,0,102,46.020108,1046876,5.455563,1855,-58448.3466796875,138.423828125,11.727616999999999,0,26.762742,0,115,0
median,1,fragments,218.0662729999858,3848.118028999986,-10260,1048576,881,38553,17.30881,int-list-views-typed-sorted,0,103,44.792156,1047480,5.141338,1820,-52584.5361328125,139.212890625,11.073018000000001,0,26.543246,0,142,0
median,1,fragments,218.0662729999858,3894.9213359999862,-10260,1048576,873,35896,17.317651,int-list-views-typed-sorted,0,104,46.803307,1047760,5.155864,1785,-49553.341796875,138.4775390625,11.070498,0,28.61982,0,150,0
median,1,fragments,218.0662729999858,3940.7840829999864,-10260,1048576,870,40087,17.880721,int-list-views-typed-sorted,0,105,45.862747,1047988,5.029269,1789,-53492.1083984375,140.6259765625,11.758675000000002,0,27.104421,0,153,0
median,1,fragments,218.0662729999858,3984.5820969999863,-10260,1048576,863,32465,17.281009,int-list-views-typed-sorted,0,106,43.798014,1048088,5.118466,1805,-45781.263671875,142.9560546875,11.036681000000002,0,25.608155,0,160,0
median,1,fragments,218.0662729999858,4030.4607829999863,-10260,1048576,897,36018,17.398038,int-list-views-typed-sorted,0,107,45.878686,1048328,5.106481,1837,-48930.7568359375,146.3388671875,11.163152,0,27.597925,0,126,0
median,1,fragments,218.0662729999858,4080.4359279999862,-9651,1048576,903,40126,18.59118,int-list-views-typed-sorted,0,108,49.975145,1048636,5.681342,1827,-52774.7001953125,150.224609375,11.761487,0,30.511265,0,120,0
median,1,fragments,218.0662729999858,4131.259786999986,-9651,1048576,886,43740,19.855594,int-list-views-typed-sorted,0,109,50.823859,1050940,5.50421,1843,-56334.826171875,152.40234375,13.052851,0,30.093439,0,137,0
median,1,fragments,218.0662729999858,4179.8551009999865,-9651,1048576,900,42479,18.386825,int-list-views-typed-sorted,0,110,48.595314,1051672,5.113507,1846,-55054.306640625,148.5830078125,12.126666000000004,0,29.081953,0,123,0
median,1,fragments,218.0662729999858,4227.731300999986,-9651,1048576,884,37656,17.720043,int-list-views-typed-sorted,0,111,47.8762,1052952,5.407809,1829,-50355.2919921875,144.1962890625,11.209771,0,29.237093,0,139,0
median,1,fragments,218.0662729999858,4276.129290999987,-9651,1048576,864,30876,18.343036,int-list-views-typed-sorted,0,112,48.39799,1053680,5.211821,1804,-43572.373046875,140.505859375,11.998339000000001,0,29.158359,0,159,0
median,1,fragments,218.0662729999858,4323.678783999987,-9651,1048576,883,36838,18.647904,int-list-views-typed-sorted,0,113,47.549493,1053824,5.130698,1790,-49272.904296875,135.2568359375,12.347491000000002,0,28.000995,0,140,0
median,1,fragments,218.0662729999858,4367.523518999987,-9625,1048576,865,48416,15.718958,int-list-views-typed-sorted-direct-root-window-unboxed-bound-add,0,114,43.844735,1053856,3.28739,1801,-60613.5458984375,131.6484375,11.325634,0,27.276993,0,158,0
median,1,fragments,218.0662729999858,4412.265158999987,-9625,1048576,858,38759,17.643593,int-list-views-typed-sorted,0,115,44.74164,1053876,5.208952,1773,-51206.71875,127.5458984375,11.336735999999998,0,26.209605,0,165,0
median,1,fragments,218.0662729999858,4453.952704999987,-9625,1048576,865,38122,14.937544,int-list-views-typed-sorted-direct-root-window-unboxed-bound-add,0,116,41.687546,1053880,3.266485,1789,-50808.8037109375,127.13671875,10.700595000000002,0,25.93777,0,158,0
median,1,fragments,218.0662729999858,4494.576601999987,-9500,1048576,877,42708,14.853119,int-list-views-typed-sorted-direct-root-window-unboxed-bound-add,0,117,40.623897,1053908,3.234176,1820,-55347.5595703125,128.091796875,10.654338,0,24.958151,0,146,0
median,1,fragments,218.0662729999858,4536.941504999987,-9500,1048576,876,44989,15.461514,int-list-views-typed-sorted-direct-root-window-unboxed-bound-add,0,118,42.364903,1053916,3.272623,1800,-57080.6923828125,128.728515625,10.879684999999998,0,25.968213,0,147,0
median,1,fragments,218.0662729999858,4578.036099999987,-9500,1048576,887,42642,15.087701,int-list-views-typed-sorted-direct-root-window-unboxed-bound-add,0,119,41.094595,1053920,3.386392,1825,-55704.35546875,129.2666015625,10.623736,0,25.148653,0,136,0
median,1,fragments,218.0662729999858,4620.031962999987,-9500,1048576,893,36834,15.107882,int-list-views-typed-sorted-direct-root-window-unboxed-bound-add,0,120,41.995863,1053920,3.26257,1844,-50134.650390625,130.275390625,10.739875000000001,0,25.975602,0,130,0
median,1,fragments,218.0662729999858,4662.869220999986,-9411,1048576,889,46751,15.633516,int-list-views-typed-sorted-direct-root-window-unboxed-bound-add,0,121,42.837258,1053924,3.18844,1872,-59657.6689453125,131.41015625,11.291646,0,26.272593,0,134,0
median,1,fragments,218.0662729999858,4706.651489999987,-9385,1048576,880,47034,15.520087,int-list-views-typed-sorted-direct-root-window-unboxed-bound-add,0,122,43.782269,1053952,3.203175,1863,-58969.09765625,131.4609375,11.203179,0,27.342098,0,143,0
median,1,fragments,218.0662729999858,4750.578161999986,-9385,1048576,895,45796,15.748276,int-list-views-typed-sorted-direct-root-window-unboxed-bound-add,0,123,43.926672,1053988,3.227463,1857,-58142.4013671875,132.9833984375,11.415661,0,27.308123,0,128,0
median,1,fragments,218.0662729999858,4794.078879999986,-9385,1048576,885,49313,15.802867,int-list-views-typed-sorted-direct-root-window-unboxed-bound-add,0,124,43.500718,1054072,3.209618,1863,-61431.6923828125,132.58203125,11.49689,0,26.820599,0,138,0
median,1,fragments,218.0662729999858,4836.176239999986,-9385,1048576,876,39843,15.140978,int-list-views-typed-sorted-direct-root-window-unboxed-bound-add,0,125,42.09736,1054076,3.294729,1827,-52673.3671875,132.3310546875,10.749675,0,25.931064,0,147,0
median,1,fragments,218.0662729999858,4879.753098999986,-9385,1048576,882,41858,15.055671,int-list-views-typed-sorted-direct-root-window-unboxed-bound-add,0,126,43.576859,1054076,3.230256,1818,-55669.20703125,135.103515625,10.730309,0,27.590341,0,141,0
median,1,fragments,218.0662729999858,4924.445329999986,-9385,1048576,905,46292,15.830126,int-list-views-typed-sorted-direct-root-window-unboxed-bound-add,0,127,44.692231,1054076,3.192992,1852,-58584.095703125,136.560546875,11.543872,0,28.003268,0,118,0
median,1,fragments,218.0662729999858,4969.595496999986,-9365,1048576,887,44101,16.060388,int-list-views-typed-sorted-direct-root-window-unboxed-bound-add,0,128,45.150167,1054104,3.257846,1860,-57188.9443359375,138.1923828125,11.702660999999999,0,28.220323,0,136,0
median,1,fragments,218.0662729999858,5014.555438999986,-9365,1048576,893,38298,15.987394,int-list-views-typed-sorted-direct-root-window-unboxed-bound-add,0,129,44.959942,1054152,3.264545,1820,-50849.486328125,139.091796875,11.576428,0,28.059705,0,130,0
median,1,fragments,218.0662729999858,5059.510132999986,-9365,1048576,887,42400,15.600882,int-list-views-typed-sorted-direct-root-window-unboxed-bound-add,0,130,44.954694,1054184,3.28425,1835,-54848.09765625,142.8505859375,11.162446000000001,0,28.419094,0,136,0
median,1,fragments,218.0662729999858,5106.332656999986,-9365,1048576,879,32745,16.272219,int-list-views-typed-sorted-direct-root-window-unboxed-bound-add,0,131,46.822524,1054200,3.341246,1831,-45212.796875,144.2822265625,11.789376,0,29.581259,0,144,0
median,1,fragments,218.0662729999858,5154.231968999986,-9365,1048576,884,42505,18.525551,int-list-views-typed-sorted,0,132,47.899312,1054204,5.161133,1841,-54096.177734375,144.68359375,12.151228,0,28.504424,0,139,0
median,1,fragments,218.0662729999858,5201.194227999986,-9260,1048576,886,25863,16.53111,int-list-views-typed-sorted-direct-root-window-unboxed-bound-add,0,133,46.962259,1054216,3.365544,1837,-38605.857421875,146.6279296875,12.055233000000001,0,29.567205,0,137,0
median,1,fragments,218.0662729999858,5249.438373999986,-9260,1048576,910,46576,16.561459,int-list-views-typed-sorted-direct-root-window-unboxed-bound-add,0,134,48.244146,1054268,3.295373,1848,-58283.525390625,149.169921875,12.121531999999998,0,30.742295,0,113,0
median,1,fragments,218.0662729999858,5297.186361999986,-9260,1048576,895,52951,16.739458,int-list-views-typed-sorted-direct-root-window-unboxed-bound-add,0,135,47.747988,1054292,3.320712,1851,-64430.8642578125,149.1416015625,12.243721999999998,0,30.119001,0,128,0
median,1,fragments,218.0662729999858,5344.514141999985,-9260,1048576,901,53609,16.46424,int-list-views-typed-sorted-direct-root-window-unboxed-bound-add,0,136,47.32778,1054296,3.298527,1844,-64921.5283203125,148.349609375,12.028158000000001,0,29.929562,0,122,0
median,1,fragments,218.0662729999858,5392.421330999985,-9218,1048576,912,32056,16.340818,int-list-views-typed-sorted-direct-root-window-unboxed-bound-add,0,137,47.907189,1054308,3.308758,1844,-44101.14453125,148.1669921875,11.920248999999998,0,30.683718,0,111,0
median,1,fragments,218.0662729999858,5440.405702999985,-9218,1048576,897,43161,16.70329,int-list-views-typed-sorted-direct-root-window-unboxed-bound-add,0,138,47.984372,1054316,3.349855,1833,-54908.0166015625,148.1083984375,12.190095,0,30.356871,0,126,0
median,1,fragments,218.0662729999858,5486.704292999985,-9218,1048576,916,47498,16.269748,int-list-views-typed-sorted-direct-root-window-unboxed-bound-add,0,139,46.29859,1054400,3.396575,1879,-59256.31640625,149.1298828125,11.754289,0,29.104673,0,107,0
median,1,fragments,218.0662729999858,5534.237112999986,-9218,1048576,893,40347,16.988008,int-list-views-typed-sorted-direct-root-window-unboxed-bound-add,0,140,47.53282,1054428,3.331744,1857,-52109.1953125,150.1259765625,12.477973,0,29.597324,0,130,0
median,1,fragments,218.0662729999858,5582.199007999986,-9218,1048576,905,33570,16.960425,int-list-views-typed-sorted-direct-root-window-unboxed-bound-add,0,141,47.961895,1054432,3.413417,1832,-45259.9775390625,150.6953125,12.320404,0,30.059363,0,118,0
median,1,fragments,218.0662729999858,5631.311628999986,-9218,1048576,901,49281,17.083064,int-list-views-typed-sorted-direct-root-window-unboxed-bound-add,0,142,49.112621,1054440,3.365596,1814,-60936.9892578125,152.4150390625,12.490931,0,30.943586,0,122,0
median,1,fragments,218.0662729999858,5682.357173999986,-9218,1048576,893,45948,18.777852,int-list-views-typed-sorted,0,143,51.045545,1054752,5.191334,1827,-58391.859375,153.5068359375,12.441956999999999,0,31.235636,0,130,0
median,1,fragments,218.0662729999858,5729.497632999986,-9189,1048576,896,34021,16.212563,int-list-views-typed-sorted-direct-root-window-unboxed-bound-add,0,144,47.140459,1054868,3.420645,1808,-46933.4716796875,153.189453125,11.670193999999999,0,30.023432,0,127,0
median,1,fragments,218.0662729999858,5778.659832999986,-9189,1048576,892,34777,17.988656,int-list-views-typed-sorted,0,145,49.1622,1054872,5.406764,1800,-46844.7783203125,152.5849609375,11.457135999999998,0,30.27843,0,131,0
median,1,fragments,218.0662729999858,5829.977824999986,-9173,1048576,880,44907,19.253198,int-list-views-typed-sorted,0,146,51.317992,1054900,5.29197,1793,-56447.685546875,153.287109375,12.705352000000001,0,31.162338,0,143,0
median,1,fragments,218.0662729999858,5880.4772319999865,-9173,1048576,877,45020,17.697712,int-list-views-typed-sorted-direct-root-window-unboxed-bound-add,0,147,50.499407,1055664,3.516258,1775,-56801.3642578125,152.1357421875,13.05426,0,31.742294,0,146,0
median,1,fragments,218.0662729999858,5930.200615999986,-9173,1048576,902,45190,17.572539,int-list-views-typed-sorted-direct-root-window-unboxed-bound-add,0,148,49.723384,1056296,3.522374,1799,-56526.2958984375,153.16015625,12.934819999999998,0,31.175244,0,121,0
median,1,fragments,218.0662729999858,5980.255396999986,-9173,1048576,875,48187,17.645147,int-list-views-typed-sorted-direct-root-window-unboxed-bound-add,0,149,50.054781,1056548,3.48878,1812,-59427.2255859375,154.513671875,12.947853000000002,0,31.491707,0,148,0
median,1,fragments,218.0662729999858,6029.512439999986,-9173,1048576,877,43243,16.86256,int-list-views-typed-sorted-direct-root-window-unboxed-bound-add,0,150,49.257043,1056996,3.45249,1797,-55123.8408203125,156.7646484375,12.235814999999999,0,31.501199,0,146,0
median,1,fragments,218.0662729999858,6078.399395999986,-9173,1048576,887,43747,16.986021,int-list-views-typed-sorted-direct-root-window-unboxed-bound-add,0,151,48.886956,1057068,3.537724,1804,-55120.841796875,158.814453125,12.296506,0,30.990672,0,136,0
median,1,fragments,218.0662729999858,6127.871089999986,-9173,1048576,899,41407,17.151864,int-list-views-typed-sorted-direct-root-window-unboxed-bound-add,0,152,49.471694,1057216,3.614674,1843,-53230.537109375,165.259765625,12.383333,0,31.436728,0,124,0
median,1,fragments,218.0662729999858,6180.124122999986,-9173,1048576,889,33537,17.184146,int-list-views-typed-sorted-direct-root-window-unboxed-bound-add,0,153,52.253033,1058540,3.592134,1834,-45784.19140625,169.787109375,12.448217,0,34.192682,0,134,0
median,1,fragments,218.0662729999858,6235.015025999986,-9173,1048576,897,37802,18.348585,int-list-views-typed-sorted-direct-root-window-unboxed-bound-add,0,154,54.890903,1061392,3.531485,1813,-49848.1630859375,179.533203125,13.495738,0,35.606455,0,126,0
median,1,fragments,218.0662729999858,6288.930179999987,-9173,1048576,912,35121,19.138937,int-list-views-typed-sorted-direct-root-window-unboxed-bound-add,0,155,53.915154,1063004,3.689838,1849,-46509.39453125,183.5986328125,14.238657999999997,0,33.827352,0,111,0
median,1,fragments,218.0662729999858,6343.676474999987,-9173,1048576,892,40533,17.556703,int-list-views-typed-sorted-direct-root-window-unboxed-bound-add,0,156,54.746295,1065396,3.627313,1853,-51400.865234375,188.537109375,12.754195,0,36.262553,0,131,0
median,1,fragments,218.0662729999858,6399.735166999986,-9173,1048576,908,45897,18.27688,int-list-views-typed-sorted-direct-root-window-unboxed-bound-add,0,157,56.058692,1067720,3.62066,1832,-57349.6396484375,189.5390625,13.471541999999998,0,36.768994,0,115,0
median,1,fragments,218.0662729999858,6457.236310999986,-9173,1048576,906,43315,19.71003,int-list-views-typed-sorted,0,158,57.501144,1069956,5.654504,1853,-54828.724609375,185.853515625,12.83775,0,36.818124,0,117,0
median,1,fragments,218.0662729999858,6517.453914999986,-9173,1048576,888,38479,21.481239,int-list-views-typed-sorted,0,159,60.217604,1070320,5.493403,1794,-49871.4912109375,180.18359375,14.484784999999999,0,37.734246,0,135,0
median,1,fragments,218.0662729999858,6571.713834999987,-9173,1048576,904,26484,19.204321,int-list-views-typed-sorted-direct-root-window-unboxed-bound-add,0,160,54.25992,1071296,3.666731,1812,-38215.044921875,176.4638671875,14.224094,0,33.956572,0,119,0
median,1,fragments,218.0662729999858,6625.051397999987,-9173,1048576,905,39868,16.994032,int-list-views-typed-sorted-direct-root-window-unboxed-bound-add,0,161,53.337563,1072836,3.539561,1837,-51365.5078125,172.4580078125,12.305496,0,35.396792,0,118,0
median,1,fragments,218.0662729999858,6678.022470999987,-9169,1048576,880,37646,17.679513,int-list-views-typed-sorted-direct-root-window-unboxed-bound-add,0,162,52.971073,1073236,3.597119,1807,-49152.1787109375,166.7041015625,12.916879999999999,0,34.374972,0,143,0
median,1,fragments,218.0662729999858,6728.926156999986,-9169,1048576,892,47700,16.983021,int-list-views-typed-sorted-direct-root-window-unboxed-bound-add,0,163,50.903686,1073260,3.487683,1817,-58571.5146484375,160.1455078125,12.365972000000001,0,33.039578,0,131,0
median,1,fragments,218.0662729999858,6779.811818999986,-9169,1048576,897,48829,17.03991,int-list-views-typed-sorted-direct-root-window-unboxed-bound-add,0,164,50.885662,1073304,3.518154,1846,-60844.5712890625,156.0126953125,12.371277,0,32.952518,0,126,0
median,1,fragments,218.0662729999858,6829.271525999986,-9169,1048576,876,46726,17.652204,int-list-views-typed-sorted-direct-root-window-unboxed-bound-add,0,165,49.459707,1073336,3.474055,1828,-58322.978515625,152.533203125,12.944227000000001,0,30.825538,0,147,0
median,1,fragments,218.0662729999858,6878.532756999986,-9169,1048576,894,49138,16.735941,int-list-views-typed-sorted-direct-root-window-unboxed-bound-add,0,166,49.261231,1073348,3.458987,1819,-60618.1279296875,147.8212890625,12.074751000000001,0,31.55295,0,129,0
median,1,fragments,218.0662729999858,6924.605520999986,-9169,1048576,871,47349,16.293911,int-list-views-typed-sorted-direct-root-window-unboxed-bound-add,0,167,46.072764,1073364,3.488705,1795,-58761.595703125,144.669921875,11.689201,0,28.872005,0,152,0
median,1,fragments,218.0662729999858,6969.043331999986,-9169,1048576,886,55898,15.666247,int-list-views-typed-sorted-direct-root-window-unboxed-bound-add,0,168,44.437811,1073364,3.439101,1801,-67600.646484375,142.7841796875,11.050978,0,27.913509,0,137,0
median,1,fragments,218.0662729999858,7016.435733999986,-9169,1048576,885,39385,16.464843,int-list-views-typed-sorted-direct-root-window-unboxed-bound-add,0,169,47.392402,1073368,3.491341,1772,-51220.7265625,143.5234375,11.866517999999997,0,30.022121,0,138,0
median,1,fragments,218.0662729999858,7061.373728999986,-9169,1048576,896,51976,16.252689,int-list-views-typed-sorted-direct-root-window-unboxed-bound-add,0,170,44.937995,1073368,3.468554,1807,-62776.943359375,143.365234375,11.678329,0,27.801391,0,127,0
median,1,fragments,218.0662729999858,7106.926882999986,-9129,1048576,866,42424,16.213711,int-list-views-typed-sorted-direct-root-window-unboxed-bound-add,0,171,45.553154,1073380,3.509398,1795,-53821.78125,144.5458984375,11.525022,0,28.508936,0,157,0
median,1,fragments,218.0662729999858,7152.467300999986,-9129,1048576,883,48047,15.702727,int-list-views-typed-sorted-direct-root-window-unboxed-bound-add,0,172,45.540418,1073528,3.447749,1803,-59050.9501953125,145.28515625,11.105867,0,28.972078,0,140,0
median,1,fragments,218.0662729999858,7199.213028999986,-9129,1048576,892,49675,16.267856,int-list-views-typed-sorted-direct-root-window-unboxed-bound-add,0,173,46.745728,1073544,3.483246,1805,-61416.1357421875,148.7490234375,11.618143999999997,0,29.62765,0,131,0
median,1,fragments,218.0662729999858,7246.728236999986,-9129,1048576,867,40286,16.198876,int-list-views-typed-sorted-direct-root-window-unboxed-bound-add,0,174,47.515208,1074160,3.54375,1779,-51837.7587890625,153.5830078125,11.544274999999999,0,30.441083,0,156,0
median,1,fragments,218.0662729999858,7292.987041999986,-9129,1048576,901,43859,16.709893,int-list-views-typed-sorted-direct-root-window-unboxed-bound-add,0,175,46.258805,1074168,3.57998,1821,-55235.259765625,158.8681640625,11.965483,0,28.692239,0,122,0
median,1,fragments,218.0662729999858,7342.472915999986,-9076,1048576,889,53356,16.768096,int-list-views-typed-sorted-direct-root-window-unboxed-bound-add,0,176,49.485874,1074208,3.571911,1799,-63871.982421875,162.0029296875,12.043412,0,31.796669,0,134,0
median,1,fragments,218.0662729999858,7391.495974999986,-9076,1048576,863,37501,16.79068,int-list-views-typed-sorted-direct-root-window-unboxed-bound-add,0,177,49.023059,1075056,3.62488,1772,-48519.814453125,165.88671875,12.028853999999997,0,31.355836,0,160,0
median,1,fragments,218.0662729999858,7442.1349379999865,-9076,1048576,869,33876,17.499377,int-list-views-typed-sorted-direct-root-window-unboxed-bound-add,0,178,50.638963,1075092,3.627874,1822,-45018.693359375,169.3623046875,12.676520999999997,0,32.085174,0,154,0
median,1,fragments,218.0662729999858,7494.125963999986,-9076,1048576,882,42190,17.176212,int-list-views-typed-sorted-direct-root-window-unboxed-bound-add,0,179,51.991026,1075152,3.658675,1820,-52854.560546875,169.0615234375,12.351738999999998,0,33.940051,0,141,0
median,1,fragments,218.0662729999858,7544.371310999986,-9076,1048576,883,45173,17.25098,int-list-views-typed-sorted-direct-root-window-unboxed-bound-add,0,180,50.245347,1075212,3.669214,1828,-56122.341796875,171.083984375,12.409392999999998,0,32.124245,0,140,0
median,1,fragments,218.0662729999858,7597.014771999986,-9076,1048576,902,36567,17.098067,int-list-views-typed-sorted-direct-root-window-unboxed-bound-add,0,181,52.643461,1075216,3.77485,1861,-47294.66015625,173.3408203125,12.105049999999999,0,34.616086,0,121,0
median,1,fragments,218.0662729999858,7650.992618999986,-9076,1048576,875,39367,20.074127,int-list-views-typed-sorted,0,182,53.977847,1075232,5.59636,1807,-49957.98046875,176.8447265625,13.274152,0,32.891519,0,148,0
median,1,fragments,218.0662729999858,7703.465440999986,-9076,1048576,873,39209,19.039973,int-list-views-typed-sorted,0,183,52.472822,1075264,5.616702,1827,-49618.4462890625,178.4501953125,12.245561,0,32.526068,0,150,0
median,1,fragments,218.0662729999858,7757.395512999986,-9063,1048576,905,45366,16.810504,int-list-views-typed-sorted-direct-root-window-unboxed-bound-add,0,184,53.930072,1075348,3.900477,1819,-55579.7978515625,184.15625,11.750493000000002,0,36.227238,0,118,0
median,1,fragments,218.0662729999858,7812.637133999986,-9063,1048576,888,49773,18.382994,int-list-views-typed-sorted-direct-root-window-unboxed-bound-add,0,185,55.241621,1075864,3.772769,1853,-60227.181640625,191.0205078125,13.387305,0,35.74871,0,135,0
median,1,fragments,218.0662729999858,7868.086789999986,-9063,1048576,890,44697,19.250802,int-list-views-typed-sorted-direct-root-window-unboxed-bound-add,0,186,55.449656,1076712,3.802679,1839,-55077.3369140625,196.1474609375,14.040429000000001,0,35.25511,0,133,0
median,1,fragments,218.0662729999858,7926.9679199999855,-9063,1048576,891,32819,20.502989,int-list-views-typed-sorted,0,187,58.88113,1078272,5.702884,1829,-43144.2236328125,202.189453125,13.586041,0,37.38189,0,132,0
median,1,fragments,218.0662729999858,7985.895278999986,-9063,1048576,902,45991,20.628703,int-list-views-typed-sorted,0,188,58.927359,1080012,5.759555,1840,-55666.1513671875,207.6669921875,13.594742000000002,0,37.362386,0,121,0
median,1,fragments,218.0662729999858,8049.276484999986,-9063,1048576,899,47045,20.698562,int-list-views-typed-sorted,0,189,63.381206,1082544,5.993638,1817,-56958.8046875,208.0869140625,13.468638999999998,0,41.650418,0,124,0
median,1,fragments,218.0662729999858,8110.824940999986,-9063,1048576,895,49400,21.364306,int-list-views-typed-sorted,0,190,61.548456,1085696,5.946249,1834,-59168.521484375,209.1298828125,14.149353,0,39.054354,0,128,0
median,1,fragments,218.0662729999858,8169.630107999987,-9061,1048576,903,38567,21.206302,int-list-views-typed-sorted,0,191,58.805167,1086508,6.139551,1833,-48417.3369140625,208.466796875,13.723598,0,36.534601,0,120,0
median,1,fragments,218.0662729999858,8228.670406999987,-9061,1048576,906,36657,21.000612,int-list-views-typed-sorted,0,192,59.040299,1087624,5.858943,1847,-46633.7421875,209.400390625,13.850699,0,36.991393,0,117,0
median,1,fragments,218.0662729999858,8288.153672999986,-9053,1048576,904,43533,21.37725,int-list-views-typed-sorted,0,193,59.483266,1088248,6.040821,1857,-53316.43359375,208.986328125,14.012182000000001,0,37.122456,0,119,0
median,1,fragments,218.0662729999858,8350.676130999986,-9053,1048576,900,47481,19.391394,int-list-views-typed-sorted-direct-root-window-unboxed-bound-add,0,194,62.522458,1089956,4.215215,1846,-57166.232421875,209.2177734375,13.795300999999998,0,42.056543,0,123,0
median,1,fragments,218.0662729999858,8412.385073999985,-9053,1048576,913,53962,20.168109,int-list-views-typed-sorted-direct-root-window-unboxed-bound-add,0,195,61.708943,1090312,4.06342,1842,-63673.978515625,211.408203125,14.755977000000001,0,40.425547,0,110,0
median,1,fragments,218.0662729999858,8474.956525999985,-9053,1048576,891,50272,20.517957,int-list-views-typed-sorted-direct-root-window-unboxed-bound-add,0,196,62.571452,1091600,4.388713,1819,-60039.3310546875,215.1416015625,14.800474999999999,0,41.112701,0,132,0
median,1,fragments,218.0662729999858,8536.106204999985,-9053,1048576,899,43622,18.682251,int-list-views-typed-sorted-direct-root-window-unboxed-bound-add,0,197,61.149679,1094536,4.213302,1813,-53343.154296875,222.396484375,13.211643000000002,0,41.458337,0,124,0
median,1,fragments,218.0662729999858,8599.886730999986,-9053,1048576,917,28989,19.597953,int-list-views-typed-sorted-direct-root-window-unboxed-bound-add,0,198,63.780526,1097748,4.257815,1820,-39240.091796875,222.34375,14.001359,0,43.157085,0,106,0
median,1,fragments,218.0662729999858,8663.148191999986,-9053,1048576,911,44259,19.851499,int-list-views-typed-sorted-direct-root-window-unboxed-bound-add,0,199,63.261461,1102168,4.383849,1855,-54100.6943359375,222.720703125,14.082311,0,42.353682,0,112,0
median,1,fragments,218.0662729999858,8728.219017999985,-9053,1048576,917,45017,20.284369,int-list-views-typed-sorted-direct-root-window-unboxed-bound-add,0,200,65.070826,1105484,4.235266,1868,-54826.755859375,224.123046875,14.682237000000002,0,43.699013,0,106,0
median,1,fragments,218.0662729999858,8794.992118999986,-9053,1048576,921,44829,22.478873,int-list-views-typed-sorted,0,201,66.773101,1106948,6.045521,1864,-54567.5166015625,225.244140625,14.991222,0,43.250706,0,102,0
median,1,fragments,218.0662729999858,8861.001473999986,-9053,1048576,903,41551,23.455102,int-list-views-typed-sorted,0,202,66.009355,1107952,6.287974,1877,-51332.98828125,228.0078125,15.775667999999998,0,41.471453,0,120,0
median,1,fragments,218.0662729999858,8927.669464999986,-9053,1048576,922,38653,22.989962,int-list-views-typed-sorted,0,203,66.667991,1109184,6.262512,1897,-48739.5048828125,228.8681640625,15.324990999999999,0,42.555312,0,101,0
median,1,fragments,218.0662729999858,8994.748692999987,-9053,1048576,933,38632,22.279825,int-list-views-typed-sorted,0,204,67.079228,1110840,6.182825,1891,-48956.353515625,226.0498046875,14.683612999999998,0,43.746609,0,90,0
median,1,fragments,218.0662729999858,9058.390662999987,-9053,1048576,913,44220,21.664658,int-list-views-typed-sorted,0,205,63.64197,1111420,6.225731,1933,-54283.0400390625,225.78515625,14.117275,0,40.944488,0,110,0
median,1,fragments,218.0662729999858,9125.532528999987,-9053,1048576,916,40480,20.751672,int-list-views-typed-sorted-direct-root-window-unboxed-bound-add,0,206,67.141866,1112808,4.642511,1872,-50346.1982421875,223.4072265625,14.736030999999999,0,45.259644,0,107,0
median,1,fragments,218.0662729999858,9191.118310999987,-9016,1048576,921,49441,20.809304,int-list-views-typed-sorted-direct-root-window-unboxed-bound-add,0,207,65.585782,1113416,4.670745,1857,-59061.4765625,219.8271484375,14.818502000000002,0,43.691808,0,102,0
median,1,fragments,218.0662729999858,9254.410946999988,-9016,1048576,947,49354,21.900043,int-list-views-typed-sorted,0,208,63.292636,1113700,6.349603,1863,-59388.0595703125,215.69140625,14.232007000000001,0,40.363332,0,76,0
median,1,fragments,218.0662729999858,9317.612245999988,-8928,1048576,907,36478,19.364622,int-list-views-typed-sorted-direct-root-window-unboxed-bound-add,0,209,63.201299,1114624,4.680559,1846,-46873.423828125,215.3779296875,13.370824,0,42.804936,0,116,0
median,1,fragments,218.0662729999858,9383.112691999988,-8928,1048576,934,42771,21.248059,int-list-views-typed-sorted,0,210,65.500446,1115952,6.188333,1901,-52653.568359375,210.8095703125,13.782809,0,43.279007,0,89,0
median,1,fragments,218.0662729999858,9446.252445999988,-8928,1048576,903,43294,22.114612,int-list-views-typed-sorted,0,211,63.139754,1116252,6.126731,1866,-53159.8076171875,210.3330078125,14.663212000000001,0,39.902956,0,120,0
median,1,fragments,218.0662729999858,9505.251215999988,-8928,1048576,924,46132,19.579752,int-list-views-typed-sorted-direct-root-window-unboxed-bound-add,0,212,58.99877,1117232,4.392002,1863,-55590.5009765625,210.0048828125,13.935208999999999,0,38.345847,0,99,0
median,1,fragments,218.0662729999858,9565.155541999988,-8592,1048576,889,28779,20.045964,int-list-views-typed-sorted,0,213,59.904326,1117320,6.086991,1817,-39259.2001953125,213.451171875,12.756466,0,38.884045,0,134,0
median,1,fragments,218.0662729999858,9628.747604999988,-8592,1048576,912,39283,20.161759,int-list-views-typed-sorted-direct-root-window-unboxed-bound-add,0,214,63.592063,1117532,4.381996,1858,-48959.173828125,218.599609375,14.391347999999999,0,42.344697,0,111,0
median,1,fragments,218.0662729999858,9690.700639999988,-8507,1048576,918,48081,20.257357,int-list-views-typed-sorted-direct-root-window-unboxed-bound-add,0,215,61.953035,1119140,4.191484,1882,-57923.294921875,227.25,14.676077,0,40.654889,0,105,0
median,1,fragments,218.0662729999858,9755.479709999989,-8507,1048576,915,38729,18.842578,int-list-views-typed-sorted-direct-root-window-unboxed-bound-add,0,216,64.77907,1119708,4.304828,1879,-48906.2646484375,240.2041015625,13.208158,0,44.954594,0,108,0
median,1,fragments,218.0662729999858,9822.897499999988,-8507,1048576,929,47955,21.146944,int-list-views-typed-sorted-direct-root-window-unboxed-bound-add,0,217,67.41779,1121180,4.566478,1871,-57652.8955078125,253.8564453125,15.152575,0,45.169224,0,94,0
median,1,fragments,218.0662729999858,9896.560086999989,-8217,1048576,926,43200,25.534621,int-list-views-typed-sorted,0,218,73.662587,1129688,7.276292,1888,-52905.6220703125,266.9248046875,16.743342,0,46.981751,0,97,0
median,1,fragments,218.0662729999858,9970.90755099999,-8217,1048576,913,38031,24.411241,int-list-views-typed-sorted,0,219,74.347464,1132200,6.593527,1884,-48045.939453125,278.744140625,16.287328000000002,0,48.908233,0,110,0
median,1,fragments,218.0662729999858,10047.88482299999,-8217,1048576,918,26016,26.050837,int-list-views-typed-sorted,0,220,76.977272,1134008,6.903013,1939,-36054.6650390625,287.33984375,17.469767000000004,0,49.80497,0,105,0
median,1,fragments,218.0662729999858,10128.28231399999,-8217,1048576,916,47575,25.352719,int-list-views-typed-sorted,0,221,80.397491,1139896,7.172423,1910,-56486.880859375,297.736328125,16.646243,0,53.968371,0,107,0
median,1,fragments,218.0662729999858,10209.81759399999,-8131,1048576,906,35653,25.752971,int-list-views-typed-sorted,0,222,81.53528,1146068,7.341873,1877,-44922.052734375,307.408203125,16.785680999999997,0,54.744825,0,117,0
median,1,fragments,218.0662729999858,10290.43103099999,-8089,1048576,900,39812,26.628227,int-list-views-typed-sorted,0,223,80.613437,1153020,8.197224,1893,-49210.677734375,311.9169921875,16.86097,0,52.870484,0,123,0
median,1,fragments,218.0662729999858,10371.39109399999,-8085,1048576,885,30723,25.895044,int-list-views-typed-sorted,0,224,80.960063,1156072,8.251992,1871,-40066.171875,312.9306640625,16.098311,0,54.057658,0,138,0
median,1,fragments,218.0662729999858,10455.65622699999,-8085,1048576,871,34968,27.656734,int-list-views-typed-sorted,0,225,84.265133,1158052,8.161905,1834,-43834.4189453125,313.2275390625,17.838977999999997,0,55.448317,0,152,0
median,1,fragments,218.0662729999858,10540.66199099999,-8085,1048576,905,35817,27.893864,int-list-views-typed-sorted,0,226,85.005764,1158852,8.007625,1846,-44635.86328125,313.4375,18.340147,0,56.041901,0,118,0
median,1,fragments,218.0662729999858,10622.88810399999,-8085,1048576,883,33046,27.158237,int-list-views-typed-sorted,0,227,82.226113,1162260,8.644976,1875,-41894.2861328125,321.0400390625,16.954737,0,54.10019,0,140,0
median,1,fragments,218.0662729999858,10705.693061999991,-7989,1048576,890,32518,26.829582,int-list-views-typed-sorted,0,228,82.804958,1165524,8.579301,1856,-41352.9140625,325.3125,16.702686,0,54.94745,0,133,0
median,1,fragments,218.0662729999858,10793.425363999992,-7989,1048576,896,32049,28.150745,int-list-views-typed-sorted,0,229,87.732302,1167232,8.849595,1848,-41167.005859375,332.19140625,17.618063999999997,0,58.522059,0,127,0
median,1,fragments,218.0662729999858,10884.126728999992,-7989,1048576,894,32522,27.998778,int-list-views-typed-sorted,0,230,90.701365,1170124,8.82722,1869,-41532.3876953125,339.3935546875,17.559293,0,61.712384,0,129,0
median,1,fragments,218.0662729999858,10970.940443999993,-7976,1048576,892,39306,29.857344,int-list-views-typed-sorted,0,231,86.813715,1174316,9.073885,1886,-47944.314453125,342.2060546875,19.051866,0,55.767651,0,131,0
median,1,fragments,218.0662729999858,11062.470507999993,-7976,1048576,904,45315,28.013076,int-list-views-typed-sorted,0,232,91.530064,1176908,9.539716,1858,-53496.9580078125,341.9228515625,16.85968,0,62.50213,0,119,0
median,1,fragments,218.0662729999858,11158.758410999993,-7976,1048576,908,31277,31.256532,int-list-views-typed-sorted,0,233,96.287903,1180608,10.361776,1850,-39764.8037109375,339.3134765625,19.205607,0,64.039643,0,115,0
median,1,fragments,218.0662729999858,11250.622252999994,-7962,1048576,907,36024,30.533704,int-list-views-typed-sorted,0,234,91.863842,1185188,9.469954,1855,-44685.9228515625,341.7802734375,19.310381999999997,0,60.195186,0,116,0
median,1,fragments,218.0662729999858,11340.135295999995,-7906,1048576,904,33313,28.707289,int-list-views-typed-sorted,0,235,89.513043,1186140,9.248717,1892,-41810.4462890625,340.923828125,17.824624,0,59.826802,0,119,0
median,1,fragments,218.0662729999858,11434.652029999996,-7906,1048576,897,42718,29.336041,int-list-views-typed-sorted,0,236,94.516734,1188460,8.868195,1842,-50750.3642578125,340.40625,18.770646,0,64.089678,0,126,0
median,1,fragments,218.0662729999858,11529.255383999996,-7862,1048576,912,24989,30.570879,int-list-views-typed-sorted,0,237,94.603354,1191044,9.266022,1893,-33914.529296875,337.9921875,19.552173000000003,0,62.978086,0,111,0
median,1,fragments,218.0662729999858,11618.715570999997,-7862,1048576,892,32110,29.03594,int-list-views-typed-sorted,0,238,89.460187,1191620,8.776814,1859,-40886.5205078125,331.916015625,18.632244,0,59.374697,0,131,0
median,1,fragments,218.0662729999858,11704.049283999997,-7862,1048576,899,37500,27.667298,int-list-views-typed-sorted,0,239,85.333713,1191888,8.297619,1844,-45739.3046875,324.099609375,17.769708,0,56.727895,0,124,0
median,1,fragments,218.0662729999858,11789.598527999997,-7862,1048576,889,38162,27.721258,int-list-views-typed-sorted,0,240,85.549244,1192124,8.719482,1812,-46304.59375,322.87109375,17.342574,0,56.783537,0,134,0
median,1,fragments,218.0662729999858,11879.324522999997,-7837,1048576,917,41509,27.161938,int-list-views-typed-sorted,0,241,89.725995,1192804,8.205526,1822,-49430.26171875,321.98828125,17.300109,0,61.583456,0,106,0
median,1,fragments,218.0662729999858,11965.762391999997,-7837,1048576,912,40866,27.105288,int-list-views-typed-sorted,0,242,86.437869,1195268,7.852871,1832,-48997.1572265625,322.1728515625,17.657359000000003,0,58.367989,0,111,0
median,1,fragments,218.0662729999858,12053.125734999998,-7776,1048576,912,32882,26.96128,int-list-views-typed-sorted,0,243,87.363343,1195384,8.169098,1817,-41626.11328125,326.904296875,17.143171,0,59.247382,0,111,0
median,1,fragments,218.0662729999858,12140.725238999998,-7776,1048576,921,29382,27.704108,int-list-views-typed-sorted,0,244,87.599504,1195468,7.962601,1870,-37903.708984375,332.119140625,18.003817000000005,0,58.75584,0,102,0
median,1,fragments,218.0662729999858,12225.798962999997,-7776,1048576,909,34109,27.666301,int-list-views-typed-sorted,0,245,85.073724,1195928,8.935607,1840,-42377.7919921875,338.216796875,17.151457,0,56.281882,0,114,0
median,1,fragments,218.0662729999858,12314.285431999997,-7776,1048576,915,31326,27.327982,int-list-views-typed-sorted,0,246,88.486469,1196600,8.500779,1844,-39583.3271484375,340.0400390625,17.205475,0,60.071131,0,108,0
median,1,fragments,218.0662729999858,12401.314326999996,-7776,1048576,916,36423,27.59924,int-list-views-typed-sorted,0,247,87.028895,1196880,8.936178,1876,-44718.0166015625,334.9443359375,17.000901000000002,0,58.318862,0,107,0
median,1,fragments,218.0662729999858,12492.292782999997,-7738,1048576,896,33918,28.263106,int-list-views-typed-sorted,0,248,90.978456,1197724,8.392454,1852,-42727.5693359375,333.14453125,18.223814,0,61.639117,0,127,0
median,1,fragments,218.0662729999858,12581.755080999998,-7738,1048576,901,36123,27.096939,int-list-views-typed-sorted,0,249,89.462298,1199520,8.708244,1844,-44422.07421875,325.123046875,16.756799,0,61.404013,0,122,0
median,1,fragments,218.0662729999858,12666.503664999998,-7738,1048576,891,39602,27.748176,int-list-views-typed-sorted,0,250,84.748584,1200360,7.979938,1892,-47738.005859375,319.5908203125,18.144375000000004,0,55.936598,0,132,0
median,1,fragments,218.0662729999858,12754.586679999999,-7738,1048576,927,44287,28.488998,int-list-views-typed-sorted,0,251,88.083015,1200636,8.796768,1893,-52190.5771484375,314.7666015625,17.903594,0,58.531254,0,96,0
median,1,fragments,218.0662729999858,12841.795583999998,-7738,1048576,921,28960,25.821685,int-list-views-typed-sorted,0,252,87.208904,1203384,7.679335,1923,-37339.716796875,312.759765625,16.603043,0,60.467574,0,102,0
median,1,fragments,218.0662729999858,12929.045550999997,-7738,1048576,925,37699,27.589409,int-list-views-typed-sorted,0,253,87.249967,1205304,8.095328,1919,-45942.3115234375,316.798828125,17.879174999999996,0,58.645633,0,98,0
median,1,fragments,218.0662729999858,13015.782114999998,-7738,1048576,928,36821,28.342141,int-list-views-typed-sorted,0,254,86.736564,1205556,9.185887,1882,-45175.0908203125,324.333984375,17.450858000000004,0,57.340121,0,95,0
median,1,fragments,218.0662729999858,13108.607291999999,-7738,1048576,933,22704,28.408577,int-list-views-typed-sorted,0,255,92.825177,1208240,9.114955,1854,-31245.9326171875,333.4541015625,17.528286,0,63.264941,0,90,0
median,2,fragments,202.46216800000911,237.82583100000912,-31025,1048576,908,275609,14.136702,int-list-views-typed-sorted-direct-root-window-unboxed-bound-add,0,0,35.363663,1009248,3.292263,2338,-304667.439453125,54.607421875,9.803767999999998,0,20.121398,0,115,0
median,2,fragments,202.46216800000911,261.5180310000091,-30492,1048576,811,82589,10.888477,int-list-views-typed-sorted-direct-root-window-unboxed-bound-add,0,1,23.6922,1009648,2.132556,2056,-119863.1708984375,51.5029296875,7.947426999999999,0,12.085957,0,212,0
median,2,fragments,202.46216800000911,284.3160030000091,-30492,1048576,776,28899,10.931463,int-list-views-typed-sorted-direct-root-window-unboxed-bound-add,0,2,22.797972,1009904,2.121794,1877,-67914.8828125,56.5595703125,7.982293000000001,0,11.181782,0,247,0
median,2,fragments,202.46216800000911,306.2279460000091,-30492,1048576,744,21357,10.973989,int-list-views-typed-sorted-direct-root-window-unboxed-bound-add,0,3,21.911943,1010068,2.184155,1799,-57215.4970703125,57.349609375,7.996465,0,10.311486,0,279,0
median,2,fragments,202.46216800000911,328.5524680000091,-30492,1048576,746,38080,10.768065,int-list-views-typed-sorted-direct-root-window-unboxed-bound-add,0,4,22.324522,1010160,2.178513,1742,-73563.609375,56.681640625,7.789594,0,10.922244,0,277,0
median,2,fragments,202.46216800000911,351.7109540000091,-30492,1048576,764,28198,11.0849,int-list-views-typed-sorted-direct-root-window-unboxed-bound-add,0,5,23.158486,1010224,2.161648,1674,-64343.474609375,57.7880859375,8.121842,0,11.440247,0,259,0
median,2,fragments,202.46216800000911,374.4741480000091,-30492,1048576,793,27028,11.382956,int-list-views-typed-sorted-direct-root-window-unboxed-bound-add,0,6,22.763194,1010296,2.172243,1699,-61434.3251953125,57.7587890625,8.409790000000001,0,10.770385,0,230,0
median,2,fragments,202.46216800000911,397.6115550000091,-30492,1048576,796,34184,10.953622,int-list-views-typed-sorted-direct-root-window-unboxed-bound-add,0,7,23.137407,1010392,2.227333,1727,-67284.005859375,56.474609375,7.898261999999999,0,11.560087,0,227,0
median,2,fragments,202.46216800000911,421.1487450000091,-29187,1048576,828,30526,11.398882,int-list-views-typed-sorted-direct-root-window-unboxed-bound-add,0,8,23.53719,1010432,2.231336,1756,-64468.9560546875,55.0029296875,8.178021000000001,0,11.487042,0,195,0
median,2,fragments,202.46216800000911,444.6865060000091,-29187,1048576,827,37619,11.410231,int-list-views-typed-sorted-direct-root-window-unboxed-bound-add,0,9,23.537761,1010456,2.23025,1750,-70955.03515625,53.224609375,8.384124,0,11.510457,0,196,0
median,2,fragments,202.46216800000911,468.1754390000091,-29187,1048576,842,19701,11.225616,int-list-views-typed-sorted-direct-root-window-unboxed-bound-add,0,10,23.488933,1010476,2.211459,1759,-53463.2529296875,52.11328125,8.228303,0,11.649177,0,181,0
median,2,fragments,202.46216800000911,490.8891630000091,-29187,1048576,834,30925,11.143306,int-list-views-typed-sorted-direct-root-window-unboxed-bound-add,0,11,22.713724,1010544,2.254595,1764,-64015.599609375,52.9580078125,8.019038,0,10.893773,0,189,0
median,2,fragments,202.46216800000911,513.4328200000091,-29187,1048576,834,28671,10.886203,int-list-views-typed-sorted-direct-root-window-unboxed-bound-add,0,12,22.543657,1010560,2.201716,1729,-59473.541015625,50.2646484375,7.870521,0,11.030216,0,189,0
median,2,fragments,202.46216800000911,536.3192370000091,-29187,1048576,833,20070,10.722698,int-list-views-typed-sorted-direct-root-window-unboxed-bound-add,0,13,22.886417,1010588,2.231092,1721,-52479.5751953125,49.0927734375,7.675046,0,11.554456,0,190,0
median,2,fragments,202.46216800000911,558.9313570000091,-29187,1048576,862,35719,10.921059,int-list-views-typed-sorted-direct-root-window-unboxed-bound-add,0,14,22.61212,1010620,2.207428,1774,-66582.712890625,48.3916015625,7.934215999999999,0,11.058415,0,161,0
median,2,fragments,202.46216800000911,581.2155950000091,-29187,1048576,870,32318,11.119439,int-list-views-typed-sorted-direct-root-window-unboxed-bound-add,0,15,22.284238,1010624,2.210516,1782,-64733.5302734375,48.5859375,8.131381999999999,0,10.565988,0,153,0
median,2,fragments,202.46216800000911,603.5841080000091,-29187,1048576,864,46551,10.798323,int-list-views-typed-sorted-direct-root-window-unboxed-bound-add,0,16,22.368513,1010644,2.169995,1782,-75304.5,49.8173828125,7.854386,0,10.965088,0,159,0
median,2,fragments,202.46216800000911,627.2748790000092,-29082,1048576,864,76993,10.768474,int-list-views-typed-sorted-direct-root-window-unboxed-bound-add,0,17,23.690771,1010648,2.248119,1772,-105683.2744140625,49.169921875,7.747166,0,12.284163,0,159,0
median,2,fragments,202.46216800000911,651.6948170000092,-25900,1048576,865,78430,11.438567,int-list-views-typed-sorted-direct-root-window-unboxed-bound-add,0,18,24.419938,1010676,2.193677,1821,-105340.2900390625,49.162109375,8.466954000000001,0,12.326724,0,158,0
median,2,fragments,202.46216800000911,675.9855440000091,-25900,1048576,900,82306,11.452815,int-list-views-typed-sorted-direct-root-window-unboxed-bound-add,0,19,24.290727,1010680,2.204225,1881,-110463.9541015625,48.0703125,8.467043,0,12.182342,0,123,0
median,2,fragments,202.46216800000911,700.393388000009,-25900,1048576,852,98349,11.40178,int-list-views-typed-sorted-direct-root-window-unboxed-bound-add,0,20,24.407844,1010688,2.211298,1827,-124473.943359375,47.345703125,8.419775000000001,0,12.343924,0,171,0
median,2,fragments,202.46216800000911,724.892326000009,-25900,1048576,887,94963,11.41793,int-list-views-typed-sorted-direct-root-window-unboxed-bound-add,0,21,24.498938,1010692,2.241771,1821,-120794.10546875,44.822265625,8.373911,0,12.384769,0,136,0
median,2,fragments,202.46216800000911,748.2071460000091,-25900,1048576,868,88293,11.226572,int-list-views-typed-sorted-direct-root-window-unboxed-bound-add,0,22,23.31482,1010696,2.232301,1819,-113915.0087890625,41.8798828125,8.243241000000001,0,11.425782,0,155,0
median,2,fragments,202.46216800000911,770.3453340000091,-25900,1048576,873,100468,10.972736,int-list-views-typed-sorted-direct-root-window-unboxed-bound-add,0,23,22.138188,1010696,2.217827,1819,-125446.0498046875,39.6630859375,7.999319,0,10.515406,0,150,0
median,2,fragments,202.46216800000911,791.5736550000091,-25900,1048576,852,91856,10.529294,int-list-views-typed-sorted-direct-root-window-unboxed-bound-add,0,24,21.228321,1010696,2.224002,1806,-117817.06640625,39.7880859375,7.564083,0,10.064555,0,171,0
median,2,fragments,202.46216800000911,813.5375630000091,-25900,1048576,859,86684,10.566651,int-list-views-typed-sorted-direct-root-window-unboxed-bound-add,0,25,21.963908,1010700,2.242884,1775,-112925.736328125,40.0244140625,7.595497999999999,0,10.73666,0,164,0
median,2,fragments,202.46216800000911,835.4587480000091,-24897,1048576,878,99980,10.718201,int-list-views-typed-sorted-direct-root-window-unboxed-bound-add,0,26,21.921185,1010704,2.225507,1791,-124759.001953125,41.533203125,7.752858,0,10.56425,0,145,0
median,2,fragments,202.46216800000911,857.9479680000092,-24897,1048576,865,92158,10.816083,int-list-views-typed-sorted-direct-root-window-unboxed-bound-add,0,27,22.48922,1010704,2.255912,1779,-117144.8544921875,44.0263671875,7.823654000000001,0,11.034092,0,158,0
median,2,fragments,202.46216800000911,879.9325690000092,-23799,1048576,874,82465,11.099538,int-list-views-typed-sorted-direct-root-window-unboxed-bound-add,0,28,21.984601,1010704,2.278857,1810,-108817.5712890625,45.72265625,8.076277000000001,0,10.247271,0,149,0
median,2,fragments,202.46216800000911,902.9882470000091,-23799,1048576,887,82319,10.929688,int-list-views-typed-sorted-direct-root-window-unboxed-bound-add,0,29,23.055678,1010704,2.273319,1852,-109185.5439453125,46.7724609375,7.9172270000000005,0,11.462143,0,136,0
median,2,fragments,202.46216800000911,926.5615080000091,-23799,1048576,891,92153,11.237263,int-list-views-typed-sorted-direct-root-window-unboxed-bound-add,0,30,23.573261,1010768,2.289309,1858,-118495.0263671875,47.9130859375,8.199641,0,11.689266,0,132,0
median,2,fragments,202.46216800000911,950.2892270000091,-23799,1048576,902,85852,11.374414,int-list-views-typed-sorted-direct-root-window-unboxed-bound-add,0,31,23.727719,1010812,2.342539,1863,-110501.3203125,48.4609375,8.276392,0,11.728838,0,121,0
median,2,fragments,202.46216800000911,974.6391540000091,-23432,1048576,883,78538,11.044686,int-list-views-typed-sorted-direct-root-window-unboxed-bound-add,0,32,24.349927,1010820,2.287282,1823,-104137.3212890625,47.72265625,8.012159,0,12.630205,0,140,0
median,2,fragments,202.46216800000911,998.565808000009,-17267,1048576,880,95153,11.243083,int-list-views-typed-sorted-direct-root-window-unboxed-bound-add,0,33,23.926654,1010824,2.3138,1822,-118867.1005859375,47.68359375,8.177742,0,12.027106,0,143,0
median,2,fragments,202.46216800000911,1022.774304000009,-17267,1048576,880,91194,11.357573,int-list-views-typed-sorted-direct-root-window-unboxed-bound-add,0,34,24.208496,1010824,2.326484,1829,-114503.1103515625,48.3125,8.272392,0,12.179661,0,143,0
median,2,fragments,202.46216800000911,1046.563911000009,-17267,1048576,873,105772,11.341518,int-list-views-typed-sorted-direct-root-window-unboxed-bound-add,0,35,23.789607,1010824,2.302782,1845,-127510.056640625,48.5859375,8.298293000000001,0,11.774581,0,150,0
median,2,fragments,202.46216800000911,1070.616809000009,-17267,1048576,902,110144,11.202924,int-list-views-typed-sorted-direct-root-window-unboxed-bound-add,0,36,24.052898,1010828,2.313039,1831,-132329.994140625,48.380859375,8.112518999999999,0,12.189542,0,121,0
median,2,fragments,202.46216800000911,1094.698962000009,-17267,1048576,880,104389,11.173167,int-list-views-typed-sorted-direct-root-window-unboxed-bound-add,0,37,24.082153,1010836,2.298138,1861,-126251.28515625,48.37890625,8.108094999999999,0,12.246256,0,143,0
median,2,fragments,202.46216800000911,1119.040315000009,-17267,1048576,895,111280,11.471938,int-list-views-typed-sorted-direct-root-window-unboxed-bound-add,0,38,24.341353,1010856,2.356762,1870,-132481.2275390625,49.7841796875,8.341481,0,12.209337,0,128,0
median,2,fragments,202.46216800000911,1143.718716000009,-17267,1048576,918,104246,11.217027,int-list-views-typed-sorted-direct-root-window-unboxed-bound-add,0,39,24.678401,1010864,2.346253,1869,-125445.2060546875,51.0087890625,8.090917000000001,0,12.788408,0,105,0
median,2,fragments,202.46216800000911,1168.941054000009,-17267,1048576,917,106560,11.491541,int-list-views-typed-sorted-direct-root-window-unboxed-bound-add,0,40,25.222338,1010892,2.311483,1898,-127509.4521484375,53.5498046875,8.399304,0,13.054877,0,106,0
median,2,fragments,202.46216800000911,1194.459724000009,-17267,1048576,896,98228,11.69797,int-list-views-typed-sorted-direct-root-window-unboxed-bound-add,0,41,25.51867,1010908,2.354972,1839,-119239.40625,55.9130859375,8.547295,0,13.158107,0,127,0
median,2,fragments,202.46216800000911,1228.6816640000088,-17267,1048576,905,99667,11.557692,int-list-views-typed-sorted-direct-root-window-unboxed-bound-add,0,42,34.22194,1010980,2.406465,1856,-119850.07421875,57.87890625,8.363157000000001,0,21.865324,0,118,0
median,2,fragments,202.46216800000911,1295.3249400000088,-17267,1048576,899,116521,36.404912,int-list-views-typed-sorted-direct-root-window-unboxed-bound-add,0,43,66.643276,1011004,2.43067,1852,-135430.1220703125,60,32.12648300000001,0,28.140788,0,124,0
median,2,fragments,202.46216800000911,1329.1609890000088,-17267,1048576,892,89078,15.946736,int-list-views-typed-sorted-direct-root-window-unboxed-bound-add,0,44,33.836049,1011116,2.384186,1839,-108752.87109375,62.1279296875,12.629217,0,16.920226,0,131,0
median,2,fragments,202.46216800000911,1358.0622640000088,-17267,1048576,910,96947,12.818398,int-list-views-typed-sorted-direct-root-window-unboxed-bound-add,0,45,28.901275,1011236,2.414877,1823,-115062.103515625,62.703125,9.530822,0,15.307996,0,113,0
median,2,fragments,202.46216800000911,1383.8866320000088,-17267,1048576,896,109200,12.151032,int-list-views-typed-sorted-direct-root-window-unboxed-bound-add,0,46,25.824368,1011316,2.455858,1821,-126120.6044921875,61.5576171875,8.884362000000001,0,12.998793,0,127,0
median,2,fragments,202.46216800000911,1409.030140000009,-17267,1048576,900,101785,11.330662,int-list-views-typed-sorted-direct-root-window-unboxed-bound-add,0,47,25.143508,1011368,2.439132,1838,-119197.314453125,61.0947265625,8.095658,0,13.139571,0,123,0
median,2,fragments,202.46216800000911,1434.801722000009,-17234,1048576,895,102441,11.85314,int-list-views-typed-sorted-direct-root-window-unboxed-bound-add,0,48,25.771582,1011368,2.470612,1852,-118873.0546875,59.078125,8.481653,0,13.273966,0,128,0
median,2,fragments,202.46216800000911,1459.230692000009,-16922,1048576,880,118096,11.64634,int-list-views-typed-sorted-direct-root-window-unboxed-bound-add,0,49,24.42897,1011388,2.377434,1826,-133702.759765625,56.4228515625,8.445515,0,12.139219,0,143,0
median,2,fragments,202.46216800000911,1482.742402000009,-16922,1048576,885,116772,11.197561,int-list-views-typed-sorted-direct-root-window-unboxed-bound-add,0,50,23.51171,1011388,2.43044,1800,-132169.173828125,52.564453125,7.958942,0,11.68264,0,138,0
median,2,fragments,202.46216800000911,1505.971208000009,-16922,1048576,898,97598,11.34788,int-list-views-typed-sorted-direct-root-window-unboxed-bound-add,0,51,23.228806,1011388,2.461511,1779,-113484.3046875,50.0537109375,8.046665,0,11.246901,0,125,0
median,2,fragments,202.46216800000911,1529.006664000009,-16922,1048576,886,100972,10.891491,int-list-views-typed-sorted-direct-root-window-unboxed-bound-add,0,52,23.035456,1011392,2.413902,1807,-116768.3662109375,49.0078125,7.712244999999999,0,11.403092,0,137,0
median,2,fragments,202.46216800000911,1551.243667000009,-16922,1048576,861,95130,10.993477,int-list-views-typed-sorted-direct-root-window-unboxed-bound-add,0,53,22.237003,1011392,2.431725,1790,-112348.6787109375,47.7275390625,7.791094000000001,0,10.584769,0,162,0
median,2,fragments,202.46216800000911,1573.411162000009,-16922,1048576,875,111502,11.004287,int-list-views-typed-sorted-direct-root-window-unboxed-bound-add,0,54,22.167495,1011408,2.443577,1835,-128300.130859375,47.44921875,7.704848999999999,0,10.575435,0,148,0
median,2,fragments,202.46216800000911,1595.947726000009,-16831,1048576,874,126657,11.503002,int-list-views-typed-sorted-direct-root-window-unboxed-bound-add,0,55,22.536564,1011420,2.392455,1818,-141347.7890625,47.0546875,8.319221,0,10.373569,0,149,0
median,2,fragments,202.46216800000911,1617.715012000009,-16831,1048576,873,112093,10.868953,int-list-views-typed-sorted-direct-root-window-unboxed-bound-add,0,56,21.767286,1011428,2.414767,1810,-127574.4716796875,47.6689453125,7.685607999999999,0,10.312555,0,150,0
median,2,fragments,202.46216800000911,1639.401296000009,-16831,1048576,871,123299,10.746951,int-list-views-typed-sorted-direct-root-window-unboxed-bound-add,0,57,21.686284,1011432,2.417307,1819,-138577.853515625,48.7041015625,7.552605999999999,0,10.345571,0,152,0
median,2,fragments,202.46216800000911,1661.019094000009,-16689,1048576,856,103591,10.979288,int-list-views-typed-sorted-direct-root-window-unboxed-bound-add,0,58,21.617798,1011444,2.445229,1822,-119716.01171875,50.986328125,7.774900000000001,0,10.042675,0,167,0
median,2,fragments,202.46216800000911,1683.255039000009,-16689,1048576,882,91248,10.708196,int-list-views-typed-sorted-direct-root-window-unboxed-bound-add,0,59,22.235945,1011456,2.448452,1821,-107778.0478515625,54.2490234375,7.480548999999998,0,10.862004,0,141,0
median,2,fragments,202.46216800000911,1706.896033000009,-16689,1048576,873,109268,11.069187,int-list-views-typed-sorted-direct-root-window-unboxed-bound-add,0,60,23.640994,1011480,2.464298,1815,-124728.984375,60.4111328125,7.826338999999999,0,11.959798,0,150,0
median,2,fragments,202.46216800000911,1735.398301000009,-16689,1048576,885,97159,15.619326,int-list-views-typed-sorted,0,61,28.502268,1011532,6.731886,1834,-113361.6943359375,66.46875,8.076996999999999,0,12.259632,0,138,0
median,2,fragments,202.46216800000911,1762.5039460000091,-16640,1048576,897,104462,13.242868,int-list-views-typed-sorted,0,62,27.105645,1011748,4.392373,1833,-119483.15625,73.6455078125,8.02286,0,13.223988,0,126,0
median,2,fragments,202.46216800000911,1792.044958000009,-16640,1048576,897,112074,13.860986,int-list-views-typed-sorted,0,63,29.541012,1012204,4.355422,1829,-126585.140625,82.3740234375,8.584551000000001,0,14.923905,0,126,0
median,2,fragments,202.46216800000911,1823.413135000009,-16640,1048576,892,112121,14.063792,int-list-views-typed-sorted,0,64,31.368177,1012912,4.476384,1852,-126524.8798828125,89.0107421875,8.740199,0,16.567921,0,131,0
median,2,fragments,202.46216800000911,1855.986171000009,-16636,1048576,892,104250,15.028518,int-list-views-typed-sorted,0,65,32.573036,1013508,4.666176,1862,-118833.1494140625,93.2119140625,9.512364000000002,0,16.7854,0,131,0
median,2,fragments,202.46216800000911,1890.4166780000091,-14770,1048576,886,94920,14.616829,int-list-views-typed-sorted,0,66,34.430507,1014276,4.527613,1838,-109620.9052734375,98.71484375,9.204294999999998,0,19.029993,0,137,0
median,2,fragments,202.46216800000911,1925.8723750000092,-14770,1048576,916,86974,15.451559,int-list-views-typed-sorted,0,67,35.455697,1014780,4.699592,1845,-101858.4296875,99.2353515625,9.880690000000001,0,19.257999,0,107,0
median,2,fragments,202.46216800000911,1964.2384490000093,-14770,1048576,910,96850,15.441934,int-list-views-typed-sorted,0,68,38.366074,1015060,4.837677,1846,-111236.3359375,101.32421875,9.72003,0,22.061877,0,113,0
median,2,fragments,202.46216800000911,2002.4839980000093,-14770,1048576,893,87699,17.084793,int-list-views-typed-sorted,0,69,38.245549,1015284,4.768486,1837,-102412.197265625,101.46875,11.384776000000002,0,20.028092,0,130,0
median,2,fragments,202.46216800000911,2041.3467650000093,-14770,1048576,909,94253,16.802361,int-list-views-typed-sorted,0,70,38.862767,1015408,4.849222,1846,-108717.455078125,102.5546875,10.860898000000002,0,20.698275,0,114,0
median,2,fragments,202.46216800000911,2078.0808500000094,-14770,1048576,916,90217,15.566857,int-list-views-typed-sorted,0,71,36.734085,1015552,4.730936,1872,-104557.22265625,103.0419921875,9.943445,0,20.372125,0,107,0
median,2,fragments,202.46216800000911,2114.5233350000094,-14770,1048576,907,99038,15.618409,int-list-views-typed-sorted,0,72,36.442485,1015908,4.891825,1883,-112967.009765625,103.478515625,9.848077,0,20.049341,0,116,0
median,2,fragments,202.46216800000911,2150.6797430000092,-14770,1048576,918,79187,15.15974,int-list-views-typed-sorted,0,73,36.156408,1015984,4.85119,1880,-93952.9736328125,101.884765625,9.426998999999999,0,20.20503,0,105,0
median,2,fragments,202.46216800000911,2187.430840000009,-14770,1048576,883,86605,15.283374,int-list-views-typed-sorted,0,74,36.751097,1016252,4.772282,1856,-100957.6884765625,102.517578125,9.613857,0,20.616531,0,140,0
median,2,fragments,202.46216800000911,2225.217987000009,-14770,1048576,904,94089,15.853834,int-list-views-typed-sorted,0,75,37.787147,1016360,4.932054,1869,-108226.9775390625,103.8681640625,10.043389000000001,0,21.153255,0,119,0
median,2,fragments,202.46216800000911,2262.730729000009,-14770,1048576,885,90710,15.91982,int-list-views-typed-sorted,0,76,37.512742,1017240,4.844158,1841,-105950.8388671875,107.6435546875,10.18081,0,20.760776,0,138,0
median,2,fragments,202.46216800000911,2300.978182000009,-14380,1048576,917,79269,15.622409,int-list-views-typed-sorted,0,77,38.247453,1018112,4.964193,1883,-93719.34765625,111.712890625,9.766896,0,21.838112,0,106,0
median,2,fragments,202.46216800000911,2340.698281000009,-14380,1048576,900,87760,16.185177,int-list-views-typed-sorted,0,78,39.720099,1018448,4.890162,1861,-101691.712890625,114.072265625,10.402932,0,22.689455,0,123,0
median,2,fragments,202.46216800000911,2380.827813000009,-13869,1048576,898,77088,16.309362,int-list-views-typed-sorted,0,79,40.129532,1018988,4.811246,1840,-91297.0244140625,115.9697265625,10.553183,0,23.024655,0,125,0
median,2,fragments,202.46216800000911,2422.591324000009,-13869,1048576,892,73477,16.973812,int-list-views-typed-sorted,0,80,41.763511,1019664,5.267932,1826,-87846.0751953125,115.9150390625,10.774507,0,23.927445,0,131,0
median,2,fragments,202.46216800000911,2462.893998000009,-13869,1048576,912,73949,16.575706,int-list-views-typed-sorted,0,81,40.302674,1019924,5.11235,1863,-88325.84765625,115.6748046875,10.509182,0,22.85163,0,111,0
median,2,fragments,202.46216800000911,2504.345651000009,-13236,1048576,904,67495,16.442502,int-list-views-typed-sorted,0,82,41.451653,1020940,4.985937,1859,-81825.974609375,114.2333984375,10.562585000000002,0,24.21274,0,119,0
median,2,fragments,202.46216800000911,2544.631930000009,-13236,1048576,916,78852,16.603312,int-list-views-typed-sorted,0,83,40.286279,1021628,5.046075,1889,-92995.8134765625,113.087890625,10.655672,0,22.750871,0,107,0
median,2,fragments,202.46216800000911,2585.2873960000093,-13160,1048576,923,81871,16.218464,int-list-views-typed-sorted,0,84,40.655466,1021936,4.967086,1889,-95454.015625,110.5927734375,10.272372,0,23.59042,0,100,0
median,2,fragments,202.46216800000911,2626.637858000009,-13160,1048576,895,61515,16.256968,int-list-views-typed-sorted,0,85,41.350462,1021984,4.805704,1846,-76061.1103515625,109.93359375,10.531690000000001,0,24.252454,0,128,0
median,2,fragments,202.46216800000911,2667.438909000009,-13160,1048576,910,69200,16.433048,int-list-views-typed-sorted,0,86,40.801051,1022148,4.836618,1836,-82700.91015625,108.82421875,10.701252999999998,0,23.517678,0,113,0
median,2,fragments,202.46216800000911,2706.5518590000092,-13160,1048576,915,94585,16.166517,int-list-views-typed-sorted,0,87,39.11295,1022196,4.653544,1839,-107215.2509765625,108.9853515625,10.605939,0,22.134027,0,108,0
median,2,fragments,202.46216800000911,2746.240009000009,-13160,1048576,936,82497,15.504473,int-list-views-typed-sorted,0,88,39.68815,1022436,4.661427,1866,-95896.8271484375,110.103515625,9.866875,0,23.325211,0,87,0
median,2,fragments,202.46216800000911,2786.8145920000093,-13160,1048576,924,74383,16.471959,int-list-views-typed-sorted,0,89,40.574583,1022572,4.782092,1854,-87870.783203125,109.6357421875,10.765695999999998,0,23.210818,0,99,0
median,2,fragments,202.46216800000911,2827.546444000009,-13160,1048576,928,76077,16.204748,int-list-views-typed-sorted,0,90,40.731852,1022716,4.72722,1864,-89188.2841796875,110.2041015625,10.592744999999997,0,23.705621,0,95,0
median,2,fragments,202.46216800000911,2868.5018250000094,-12682,1048576,928,90387,16.440203,int-list-views-typed-sorted,0,91,40.955381,1022932,4.793837,1881,-102763.2001953125,112.349609375,10.669187999999998,0,23.676998,0,95,0
median,2,fragments,202.46216800000911,2908.4884450000095,-12682,1048576,922,90721,16.152802,int-list-views-typed-sorted,0,92,39.98662,1023828,4.637818,1858,-103195.9755859375,116.4365234375,10.584382000000002,0,23.013952,0,101,0
median,2,fragments,202.46216800000911,2949.1265080000094,-12682,1048576,932,82706,15.978968,int-list-views-typed-sorted,0,93,40.638063,1024088,4.829799,1841,-95303.6962890625,118.298828125,10.189357000000001,0,23.841026,0,91,0
median,2,fragments,202.46216800000911,2990.2827260000095,-12682,1048576,909,88442,16.032241,int-list-views-typed-sorted,0,94,41.156218,1024512,4.794392,1809,-100580.9755859375,121.0400390625,10.286923999999999,0,24.171751,0,114,0
median,2,fragments,202.46216800000911,3031.5498150000094,-12682,1048576,928,74408,16.115586,int-list-views-typed-sorted,0,95,41.267089,1025524,4.816902,1873,-86947.1611328125,122.3955078125,10.374969,0,24.213978,0,95,0
median,2,fragments,202.46216800000911,3072.9760770000094,-12682,1048576,900,81029,16.046015,int-list-views-typed-sorted,0,96,41.426262,1026764,4.705337,1863,-93783.943359375,123.6435546875,10.358721,0,24.523703,0,123,0
median,2,fragments,202.46216800000911,3114.918196000009,-12521,1048576,910,56010,16.356334,int-list-views-typed-sorted,0,97,41.942119,1027596,4.991443,1869,-69793.23046875,121.783203125,10.421249,0,24.713331,0,113,0
median,2,fragments,202.46216800000911,3155.5609530000092,-12521,1048576,934,73179,16.013152,int-list-views-typed-sorted,0,98,40.642757,1028012,4.735886,1909,-85807.126953125,116.0185546875,10.363509,0,23.797289,0,89,0
median,2,fragments,202.46216800000911,3198.7954220000092,-12521,1048576,898,62222,16.267295,int-list-views-typed-sorted,0,99,43.234469,1029220,4.993552,1890,-76465.6708984375,115.2802734375,10.378175000000002,0,26.02538,0,125,0
median,2,fragments,202.46216800000911,3242.1302410000094,-12475,1048576,912,49901,17.723207,int-list-views-typed-sorted,0,100,43.334819,1029820,4.978723,1898,-65577.138671875,112.9189453125,11.748598999999999,0,24.716023,0,111,0
median,2,fragments,202.46216800000911,3284.1501350000094,-12475,1048576,927,58307,16.567042,int-list-views-typed-sorted,0,101,42.019894,1030248,4.866814,1897,-71808.615234375,112.0517578125,10.776823,0,24.60606,0,96,0
median,2,fragments,202.46216800000911,3325.8174340000096,-12475,1048576,933,60945,16.537216,int-list-views-typed-sorted,0,102,41.667299,1030584,4.895337,1886,-73853.8974609375,112.0087890625,10.724603,0,24.27479,0,90,0
median,2,fragments,202.46216800000911,3366.3872660000097,-12475,1048576,924,56049,16.049934,int-list-views-typed-sorted,0,103,40.569832,1030620,4.751459,1899,-70000.3046875,110.00390625,10.34032,0,23.658419,0,99,0
median,2,fragments,202.46216800000911,3406.6457970000097,-12423,1048576,927,59199,15.76305,int-list-views-typed-sorted,0,104,40.258531,1030624,4.807661,1915,-72262.201171875,109.78125,10.029841999999999,0,23.493153,0,96,0
median,2,fragments,202.46216800000911,3448.9140910000096,-12096,1048576,905,44500,16.364693,int-list-views-typed-sorted,0,105,42.268294,1030656,4.921322,1853,-59188.4228515625,108.5849609375,10.528354999999998,0,25.075891,0,118,0
median,2,fragments,202.46216800000911,3488.6997740000097,-12096,1048576,909,50246,16.257602,int-list-views-typed-sorted,0,106,39.785683,1030656,4.676989,1825,-63977.9228515625,107.5361328125,10.693145999999999,0,22.737189,0,114,0
median,2,fragments,202.46216800000911,3526.4093370000096,-12096,1048576,913,52289,14.179413,int-list-views-typed-sorted-direct-root-window-unboxed-bound-add,0,107,37.709563,1030692,2.909617,1845,-66508.3115234375,107.7216796875,10.325406000000001,0,22.733808,0,110,0
median,2,fragments,202.46216800000911,3566.32167000001,-12096,1048576,888,58618,16.15152,int-list-views-typed-sorted,0,108,39.912333,1030700,4.78015,1828,-71805.5048828125,108.4814453125,10.481015000000001,0,22.942969,0,135,0
median,2,fragments,202.46216800000911,3605.1663870000098,-12096,1048576,915,52394,16.046261,int-list-views-typed-sorted,0,109,38.844717,1030712,4.658077,1824,-66597.2216796875,108.830078125,10.478452,0,22.003849,0,108,0
median,2,fragments,202.46216800000911,3640.9262960000096,-12096,1048576,910,52268,13.534851,int-list-views-typed-sorted-direct-root-window-unboxed-bound-add,0,110,35.759909,1030712,2.872354,1868,-65761.16015625,112.763671875,9.759989000000001,0,21.408582,0,113,0
median,2,fragments,202.46216800000911,3682.0517660000096,-12096,1048576,913,60329,16.439019,int-list-views-typed-sorted,0,111,41.12547,1030788,4.787899,1873,-73191.017578125,114.3291015625,10.669972999999997,0,23.821137,0,110,0
median,2,fragments,202.46216800000911,3724.3286060000096,-12096,1048576,900,63205,16.876297,int-list-views-typed-sorted,0,112,42.27684,1030804,4.775872,1880,-77673.978515625,118.345703125,11.116731000000001,0,24.55854,0,123,0
median,2,fragments,202.46216800000911,3766.0981980000097,-12096,1048576,885,49913,17.356069,int-list-views-typed-sorted,0,113,41.769592,1030860,4.846706,1830,-64442.05078125,118.6240234375,11.478146000000002,0,23.500267,0,138,0
median,2,fragments,202.46216800000911,3806.00810600001,-12096,1048576,896,66958,15.918027,int-list-views-typed-sorted,0,114,39.909908,1031056,4.910504,1828,-79530.2578125,119.693359375,10.102356,0,23.136339,0,127,0
median,2,fragments,202.46216800000911,3848.23162600001,-12052,1048576,893,58501,15.866615,int-list-views-typed-sorted,0,115,42.22352,1031092,4.89729,1818,-71496.599609375,121.56640625,10.064747,0,25.564978,0,130,0
median,2,fragments,202.46216800000911,3890.4624990000098,-12052,1048576,887,49754,17.263448,int-list-views-typed-sorted,0,116,42.230873,1031196,4.899523,1824,-63877.26953125,124.4873046875,11.347945,0,24.0637,0,136,0
median,2,fragments,202.46216800000911,3934.5799670000097,-12052,1048576,894,58245,17.381319,int-list-views-typed-sorted,0,117,44.117468,1031352,5.180301,1829,-70255.115234375,126.6240234375,11.195470000000002,0,25.740259,0,129,0
median,2,fragments,202.46216800000911,3977.18783000001,-12052,1048576,899,50025,16.908687,int-list-views-typed-sorted,0,118,42.607863,1031988,5.381772,1845,-62359.5166015625,130.73046875,10.524291,0,24.87433,0,124,0
median,2,fragments,202.46216800000911,4020.38345000001,-12052,1048576,900,49345,16.767692,int-list-views-typed-sorted,0,119,43.19562,1032792,5.153411,1831,-62270.45703125,134.4404296875,10.690364,0,25.582247,0,123,0
median,2,fragments,202.46216800000911,4067.24079400001,-12052,1048576,918,37424,17.753567,int-list-views-typed-sorted,0,120,46.857344,1036364,5.091064,1850,-50671.0947265625,137.9755859375,11.620011,0,28.140321,0,105,0
median,2,fragments,202.46216800000911,4113.38709100001,-12052,1048576,892,57688,17.547415,int-list-views-typed-sorted,0,121,46.146297,1038488,5.081999,1848,-69227.841796875,138.873046875,11.343119999999999,0,27.704593,0,131,0
median,2,fragments,202.46216800000911,4160.2290540000095,-12052,1048576,901,39155,17.526089,int-list-views-typed-sorted,0,122,46.841963,1040616,5.151983,1833,-52068.150390625,140.6845703125,11.264092999999999,0,28.388658,0,122,0
median,2,fragments,202.46216800000911,4208.448086000009,-12052,1048576,907,46367,18.027875,int-list-views-typed-sorted,0,123,48.219032,1041616,5.181468,1822,-58554.2158203125,141.509765625,11.600133000000003,0,29.160321,0,116,0
median,2,fragments,202.46216800000911,4255.9550980000095,-12052,1048576,906,51361,18.614657,int-list-views-typed-sorted,0,124,47.507012,1042676,5.134509,1841,-63031.8388671875,138.7734375,12.265889000000001,0,27.989745,0,117,0
median,2,fragments,202.46216800000911,4302.668015000009,-12052,1048576,898,53744,17.164676,int-list-views-typed-sorted,0,125,46.712917,1042860,5.0407,1815,-65766.244140625,134.5908203125,11.0231,0,28.649767,0,125,0
median,2,fragments,202.46216800000911,4347.937046000009,-12052,1048576,905,38531,17.48647,int-list-views-typed-sorted,0,126,45.269031,1043120,5.026358,1853,-51286.4208984375,131.21484375,11.341854000000001,0,26.924414,0,118,0
median,2,fragments,202.46216800000911,4394.366715000009,-12052,1048576,890,53300,17.427702,int-list-views-typed-sorted,0,127,46.429669,1043184,5.309339,1821,-65480.525390625,127.2578125,11.115407,0,28.085174,0,133,0
median,2,fragments,202.46216800000911,4438.9713920000095,-12052,1048576,889,52933,16.754646,int-list-views-typed-sorted,0,128,44.604677,1043220,4.917845,1796,-65032.2138671875,124.5380859375,10.892489000000001,0,27.010173,0,134,0
median,2,fragments,202.46216800000911,4481.74360500001,-12052,1048576,903,66936,16.619438,int-list-views-typed-sorted,0,129,42.772213,1043228,4.904245,1816,-78771.6875,121.732421875,10.771197999999998,0,25.288103,0,120,0
median,2,fragments,202.46216800000911,4523.19236700001,-12052,1048576,910,57928,16.437325,int-list-views-typed-sorted,0,130,41.448762,1043232,4.941805,1803,-69724.451171875,119.5732421875,10.580686,0,24.159986,0,113,0
median,2,fragments,202.46216800000911,4564.20975700001,-12052,1048576,911,49729,15.947831,int-list-views-typed-sorted,0,131,41.01739,1043232,4.906421,1821,-62851.9580078125,116.326171875,10.102307000000001,0,24.224138,0,112,0
median,2,fragments,202.46216800000911,4604.58997000001,-12052,1048576,908,39690,16.318539,int-list-views-typed-sorted,0,132,40.380213,1043236,5.02901,1810,-52196.8056640625,114.2861328125,10.386268000000001,0,23.199521,0,115,0
median,2,fragments,202.46216800000911,4644.32367500001,-12052,1048576,907,47325,15.52648,int-list-views-typed-sorted,0,133,39.733705,1043236,4.873195,1835,-59946.603515625,109.9248046875,9.698341,0,23.412938,0,116,0
median,2,fragments,202.46216800000911,4684.618660000009,-11951,1048576,913,51338,15.848246,int-list-views-typed-sorted,0,134,40.294985,1043256,4.855527,1837,-63978.1630859375,108.0947265625,10.101363,0,23.646427,0,110,0
median,2,fragments,202.46216800000911,4725.754049000009,-11951,1048576,877,64724,16.399422,int-list-views-typed-sorted,0,135,41.135389,1043256,5.133693,1804,-76802.7265625,105.0009765625,10.348313000000001,0,23.923717,0,146,0
median,2,fragments,202.46216800000911,4764.731412000009,-11951,1048576,893,70368,16.047624,int-list-views-typed-sorted,0,136,38.977363,1043256,4.819207,1800,-81569.150390625,102.3330078125,10.346848999999999,0,22.116957,0,130,0
median,2,fragments,202.46216800000911,4802.725566000009,-11951,1048576,883,57358,15.834396,int-list-views-typed-sorted,0,137,37.994154,1043264,5.073709,1794,-69430.9208984375,99.736328125,9.845457,0,21.407329,0,140,0
median,2,fragments,202.46216800000911,4840.499505000009,-11951,1048576,892,55518,15.540769,int-list-views-typed-sorted,0,138,37.773939,1043264,4.876939,1791,-68583.4130859375,98.7275390625,9.797637,0,21.471855,0,131,0
median,2,fragments,202.46216800000911,4877.381850000009,-11951,1048576,882,56605,15.720423,int-list-views-typed-sorted,0,139,36.882345,1043264,4.969049,1787,-68615.7783203125,97.763671875,9.871539,0,20.400223,0,141,0
median,2,fragments,202.46216800000911,4913.421979000009,-11951,1048576,888,64056,15.449968,int-list-views-typed-sorted,0,140,36.040129,1043264,4.82337,1816,-76797.0869140625,97.9873046875,9.748709999999999,0,19.865131,0,135,0
median,2,fragments,202.46216800000911,4949.888273000009,-11951,1048576,877,53107,15.148116,int-list-views-typed-sorted,0,141,36.466294,1043264,4.871395,1825,-66556.6845703125,97.2841796875,9.415944,0,20.529487,0,146,0
median,2,fragments,202.46216800000911,4985.524515000008,-11951,1048576,884,54571,15.563672,int-list-views-typed-sorted,0,142,35.636242,1043268,4.868818,1831,-68297.8017578125,97.0498046875,9.831591,0,19.342114,0,139,0
median,2,fragments,202.46216800000911,5020.484726000008,-11951,1048576,904,58902,15.062681,int-list-views-typed-sorted,0,143,34.960211,1043268,4.869442,1787,-72116.1201171875,95.4775390625,9.279699,0,19.169878,0,119,0
median,2,fragments,202.46216800000911,5056.602038000008,-11951,1048576,916,58438,15.127542,int-list-views-typed-sorted,0,144,36.117312,1043268,4.932119,1806,-73044.5751953125,95.3291015625,9.341328999999998,0,20.224292,0,107,0
median,2,fragments,202.46216800000911,5090.793576000008,-11951,1048576,895,55736,15.201518,int-list-views-typed-sorted,0,145,34.191538,1043272,4.833188,1813,-69451.8251953125,96.0087890625,9.487043,0,18.211427,0,128,0
median,2,fragments,202.46216800000911,5126.5453420000085,-11951,1048576,917,53682,15.236409,int-list-views-typed-sorted,0,146,35.751766,1043272,5.03761,1820,-66634.9462890625,96.7841796875,9.341154,0,19.800159,0,106,0
median,2,fragments,202.46216800000911,5162.338393000008,-11951,1048576,888,59432,15.414809,int-list-views-typed-sorted,0,147,35.793051,1043272,4.903967,1768,-72113.447265625,96.912109375,9.61364,0,19.655126,0,135,0
median,2,fragments,202.46216800000911,5197.498910000008,-11951,1048576,896,60961,15.260977,int-list-views-typed-sorted,0,148,35.160517,1043276,4.844988,1790,-73474.6767578125,99.2451171875,9.559365,0,19.117998,0,127,0
median,2,fragments,202.46216800000911,5233.806838000009,-11951,1048576,887,49497,15.691357,int-list-views-typed-sorted,0,149,36.307928,1043276,5.083374,1782,-61924.34765625,100.6845703125,9.740343,0,19.892405,0,136,0
median,2,fragments,202.46216800000911,5270.265537000008,-11946,1048576,888,61907,15.079909,int-list-views-typed-sorted,0,150,36.458699,1043276,4.980234,1807,-74505.970703125,101.6923828125,9.214826,0,20.635569,0,135,0
median,2,fragments,202.46216800000911,5307.421326000009,-11946,1048576,893,62628,15.514391,int-list-views-typed-sorted,0,151,37.155789,1043304,4.837638,1816,-75787.6787109375,102.037109375,9.740628,0,20.916122,0,130,0
median,2,fragments,202.46216800000911,5343.602897000009,-11946,1048576,907,58905,15.916792,int-list-views-typed-sorted,0,152,36.181571,1043304,4.945114,1834,-71891.50390625,101.6328125,10.0316,0,19.439809,0,116,0
median,2,fragments,202.46216800000911,5380.720286000009,-11946,1048576,909,62572,15.230166,int-list-views-typed-sorted,0,153,37.117389,1043304,4.924314,1817,-74829.19921875,100.8623046875,9.432456,0,21.129353,0,114,0
median,2,fragments,202.46216800000911,5417.118301000009,-11946,1048576,894,52632,15.451539,int-list-views-typed-sorted,0,154,36.398015,1043308,4.9042,1809,-64761.34765625,99.880859375,9.682233,0,20.195651,0,129,0
median,2,fragments,202.46216800000911,5454.239983000009,-11935,1048576,896,47814,15.330822,int-list-views-typed-sorted,0,155,37.121682,1043308,4.855531,1812,-60628.0556640625,99.451171875,9.609213,0,21.032984,0,127,0
median,2,fragments,202.46216800000911,5490.307495000008,-11935,1048576,908,58929,15.330983,int-list-views-typed-sorted,0,156,36.067512,1043308,4.860009,1833,-70661.2275390625,100.3623046875,9.600801,0,19.96665,0,115,0
median,2,fragments,202.46216800000911,5525.643641000008,-11935,1048576,919,63499,15.620743,int-list-views-typed-sorted,0,157,35.336146,1043308,4.914771,1802,-76120.3876953125,102.40625,9.760409,0,18.953561,0,104,0
median,2,fragments,202.46216800000911,5562.300902000008,-11935,1048576,907,51681,15.175942,int-list-views-typed-sorted,0,158,36.657261,1043308,5.122146,1830,-64451.51171875,104.763671875,9.17435,0,20.662674,0,116,0
median,2,fragments,202.46216800000911,5599.418226000008,-11935,1048576,891,60407,15.691735,int-list-views-typed-sorted,0,159,37.117324,1043308,4.881624,1816,-72633.3935546875,108.3154296875,9.889954,0,20.680215,0,132,0
median,2,fragments,202.46216800000911,5637.940069000008,-11935,1048576,907,47173,15.916962,int-list-views-typed-sorted,0,160,38.521843,1043320,5.004357,1859,-59778.271484375,112.3056640625,9.958404,0,21.813574,0,116,0
median,2,fragments,202.46216800000911,5677.6611350000085,-11935,1048576,900,45581,16.264028,int-list-views-typed-sorted,0,161,39.721066,1043732,5.045867,1841,-57732.37890625,118.390625,10.269776,0,22.689142,0,123,0
median,2,fragments,202.46216800000911,5717.437363000008,-11935,1048576,906,56021,15.878291,int-list-views-typed-sorted,0,162,39.776228,1044248,4.97687,1843,-68108.6826171875,123.322265625,10.005755,0,23.095661,0,117,0
median,2,fragments,202.46216800000911,5759.308058000008,-11935,1048576,885,36966,16.527956,int-list-views-typed-sorted,0,163,41.870695,1044276,5.264479,1830,-49424.6357421875,125.1787109375,10.315268999999999,0,24.477727,0,138,0
median,2,fragments,202.46216800000911,5803.690630000008,-11935,1048576,887,48127,17.086366,int-list-views-typed-sorted,0,164,44.382572,1044384,5.223877,1803,-59998.654296875,127.0322265625,10.942468000000002,0,26.490695,0,136,0
median,2,fragments,202.46216800000911,5847.121752000008,-11935,1048576,913,45648,16.698697,int-list-views-typed-sorted,0,165,43.431122,1044576,5.243031,1856,-57892.798828125,126.9931640625,10.507196,0,25.923409,0,110,0
median,2,fragments,202.46216800000911,5891.802635000008,-11935,1048576,900,62637,16.771909,int-list-views-typed-sorted,0,166,44.680883,1044576,5.295855,1830,-75190.94140625,128.0576171875,10.530341,0,27.088511,0,123,0
median,2,fragments,202.46216800000911,5934.912537000008,-11923,1048576,902,56267,16.682202,int-list-views-typed-sorted,0,167,43.109902,1044772,5.044667,1850,-68609.767578125,129.3046875,10.665899,0,25.623951,0,121,0
median,2,fragments,202.46216800000911,5978.8799630000085,-11923,1048576,895,57938,16.308287,int-list-views-typed-sorted,0,168,43.967426,1045560,5.176949,1850,-70374.861328125,129.9111328125,10.180533,0,26.793624,0,128,0
median,2,fragments,202.46216800000911,6024.153442000009,-11889,1048576,902,53322,16.882078,int-list-views-typed-sorted,0,169,45.273479,1046136,5.200794,1837,-64962.064453125,128.8603515625,10.75845,0,27.567099,0,121,0
median,2,fragments,202.46216800000911,6067.812319000009,-11889,1048576,892,50141,17.439109,int-list-views-typed-sorted,0,170,43.658877,1046260,5.226127,1847,-61974.98046875,125.90625,11.093436999999998,0,25.398071,0,131,0
median,2,fragments,202.46216800000911,6112.981013000009,-11889,1048576,885,49964,16.933606,int-list-views-typed-sorted,0,171,45.168694,1046292,5.159623,1820,-61848.0654296875,122.814453125,10.742837000000002,0,27.427018,0,138,0
median,2,fragments,202.46216800000911,6155.663212000009,-11889,1048576,892,54868,17.365554,int-list-views-typed-sorted,0,172,42.682199,1046316,5.007774,1814,-67232.3896484375,120.7890625,11.309715,0,24.506616,0,131,0
median,2,fragments,202.46216800000911,6198.000167000008,-11889,1048576,897,46912,16.225153,int-list-views-typed-sorted,0,173,42.336955,1046340,5.31383,1802,-58652.1552734375,120.6875,10.003602999999998,0,25.310437,0,126,0
median,2,fragments,202.46216800000911,6239.695744000009,-11889,1048576,867,59371,15.9772,int-list-views-typed-sorted,0,174,41.695577,1046360,5.171069,1812,-70658.4462890625,120.224609375,9.859208,0,24.872051,0,156,0
median,2,fragments,202.46216800000911,6281.755067000009,-11889,1048576,867,53261,16.595819,int-list-views-typed-sorted,0,175,42.059323,1046384,5.357135,1839,-64798.677734375,118.7373046875,10.271835,0,24.633571,0,156,0
median,2,fragments,202.46216800000911,6323.160266000009,-11872,1048576,890,46289,16.286507,int-list-views-typed-sorted,0,176,41.405199,1046692,5.191613,1856,-58116.4443359375,119.501953125,10.171386,0,24.260635,0,133,0
median,2,fragments,202.46216800000911,6364.439349000009,-11872,1048576,895,46856,15.727881,int-list-views-typed-sorted,0,177,41.279083,1046712,5.148337,1835,-59203.9013671875,121.857421875,9.680340000000001,0,24.658588,0,128,0
median,2,fragments,202.46216800000911,6406.795331000009,-11872,1048576,885,56351,16.914668,int-list-views-typed-sorted,0,178,42.355982,1046820,5.556899,1839,-68235.5380859375,125.4921875,10.410580999999997,0,24.653801,0,138,0
median,2,fragments,202.46216800000911,6450.5563060000095,-11872,1048576,862,56458,16.788622,int-list-views-typed-sorted,0,179,43.760975,1046916,5.280872,1823,-67620.1982421875,130.064453125,10.546958,0,26.088059,0,161,0
median,2,fragments,202.46216800000911,6497.0238740000095,-11872,1048576,896,44617,17.392248,int-list-views-typed-sorted,0,180,46.467568,1048344,5.756732,1814,-56765.634765625,134.380859375,10.716048999999998,0,28.179629,0,127,0
median,2,fragments,202.46216800000911,6544.1969740000095,-11872,1048576,905,50930,18.601498,int-list-views-typed-sorted,0,181,47.1731,1048476,6.074697,1846,-63196.291015625,139.3876953125,11.383424999999999,0,27.667201,0,118,0
median,2,fragments,202.46216800000911,6591.99132400001,-11872,1048576,904,50070,18.544118,int-list-views-typed-sorted,0,182,47.79435,1048968,6.121207,1877,-61700.443359375,143.6181640625,11.308803000000001,0,28.377021,0,119,0
median,2,fragments,202.46216800000911,6641.4911570000095,-11871,1048576,915,50796,18.845607,int-list-views-typed-sorted,0,183,49.499833,1049708,6.221347,1854,-62177.9716796875,147.6904296875,11.517965,0,29.769385,0,108,0
median,2,fragments,202.46216800000911,6690.57695000001,-11868,1048576,896,55951,20.03158,int-list-views-typed-sorted,0,184,49.085793,1050620,7.098426,1829,-68131.703125,149.0478515625,11.793462000000002,0,28.160768,0,127,0
median,2,fragments,202.46216800000911,6738.871116000009,-11868,1048576,908,46681,18.829836,int-list-views-typed-sorted,0,185,48.294166,1051256,6.662839,1836,-58101.1728515625,148.8291015625,11.020529,0,28.525781,0,115,0
median,2,fragments,202.46216800000911,6790.275100000009,-11846,1048576,917,48872,19.55808,int-list-views-typed-sorted,0,186,51.403984,1051936,6.43494,1872,-60364.1201171875,148.8828125,11.961818000000001,0,30.862507,0,106,0
median,2,fragments,202.46216800000911,6842.571281000009,-11844,1048576,896,37418,20.023085,int-list-views-typed-sorted,0,187,52.296181,1053372,6.209557,1865,-49497.81640625,149.619140625,12.626005,0,31.033335,0,127,0
median,2,fragments,202.46216800000911,6894.093163000009,-11844,1048576,907,57949,19.03295,int-list-views-typed-sorted,0,188,51.521882,1055112,6.194036,1811,-68897.2841796875,153.9638671875,11.6889,0,31.553443,0,116,0
median,2,fragments,202.46216800000911,6941.399581000009,-11843,1048576,894,58222,19.089781,int-list-views-typed-sorted,0,189,47.306418,1055860,6.557095,1859,-69789.884765625,159.3876953125,11.353724999999999,0,27.318234,0,129,0
median,2,fragments,202.46216800000911,6994.865122000008,-11843,1048576,915,42364,19.693774,int-list-views-typed-sorted,0,190,53.465541,1056712,7.072515,1878,-54531.103515625,165.23828125,11.478274,0,32.857262,0,108,0
median,2,fragments,202.46216800000911,7049.657106000009,-11843,1048576,906,64823,20.548153,int-list-views-typed-sorted,0,191,54.791984,1058892,7.164418,1860,-75452.03125,169.958984375,12.251011,0,33.321871,0,117,0
median,2,fragments,202.46216800000911,7106.323586000009,-11843,1048576,895,43672,22.033449,int-list-views-typed-sorted,0,192,56.66648,1061436,7.537627,1862,-54969.552734375,177.9287109375,13.327546000000002,0,33.632015,0,128,0
median,2,fragments,202.46216800000911,7165.978766000008,-11840,1048576,893,48542,23.360755,int-list-views-typed-sorted,0,193,59.65518,1063888,8.341448,1838,-59392.3037109375,184.5947265625,13.79845,0,35.258844,0,130,0
median,2,fragments,202.46216800000911,7224.122804000009,-11840,1048576,917,47276,23.23117,int-list-views-typed-sorted,0,194,58.144038,1066412,9.32382,1840,-58790.0712890625,190.814453125,12.686719999999998,0,33.982144,0,106,0
median,2,fragments,202.46216800000911,7289.136280000009,-11840,1048576,919,44195,24.382929,int-list-views-typed-sorted,0,195,65.013476,1071604,10.520854,1843,-55257.611328125,195.48828125,12.648325000000002,0,39.685045,0,104,0
median,2,fragments,202.46216800000911,7353.936794000008,-11840,1048576,925,56388,25.208999,int-list-views-typed-sorted,0,196,64.800514,1075188,11.057248,1860,-67585.5068359375,197.349609375,12.968257000000001,0,38.651488,0,98,0
median,2,fragments,202.46216800000911,7418.139430000008,-11811,1048576,928,40261,26.439335,int-list-views-typed-sorted,0,197,64.202636,1076812,11.838908,1873,-52063.841796875,196.4638671875,13.335515000000001,0,36.765342,0,95,0
median,2,fragments,202.46216800000911,7482.801906000009,-11811,1048576,913,39930,26.067851,int-list-views-typed-sorted,0,198,64.662476,1078668,11.784692,1854,-51893.9267578125,193.0869140625,13.109143000000001,0,37.617296,0,110,0
median,2,fragments,202.46216800000911,7543.928358000009,-11811,1048576,912,47499,25.934616,int-list-views-typed-sorted,0,199,61.126452,1080464,11.502096,1876,-59070.57421875,187.7900390625,13.264775999999998,0,34.208701,0,111,0
median,2,fragments,202.46216800000911,7606.562216000009,-11811,1048576,918,37439,24.128182,int-list-views-typed-sorted,0,200,62.633858,1081216,10.440313,1869,-49360.2900390625,187.716796875,12.508511999999996,0,37.487176,0,105,0
median,2,fragments,202.46216800000911,7666.069952000009,-11808,1048576,914,42764,24.365368,int-list-views-typed-sorted,0,201,59.507736,1081520,9.90046,1894,-54643.890625,187.232421875,13.2853,0,34.139272,0,109,0
median,2,fragments,202.46216800000911,7728.956181000009,-11808,1048576,933,47927,23.850607,int-list-views-typed-sorted,0,202,62.886229,1082160,9.552883,1887,-59101.150390625,190.6552734375,13.116088000000001,0,38.013159,0,90,0
median,2,fragments,202.46216800000911,7792.811474000008,-11808,1048576,918,49591,24.513895,int-list-views-typed-sorted,0,203,63.855293,1083372,10.217898,1860,-60910.421875,195.3603515625,13.133281,0,38.381561,0,105,0
median,2,fragments,202.46216800000911,7856.538900000009,-11801,1048576,918,43817,24.882722,int-list-views-typed-sorted,0,204,63.727426,1084108,10.483693,1865,-55139.71484375,206.8017578125,13.221105000000001,0,37.906257,0,105,0
median,2,fragments,202.46216800000911,7924.713177000009,-11801,1048576,923,54224,28.10361,int-list-views-typed-sorted,0,205,68.174277,1085920,12.066203,1862,-66057.1923828125,221.486328125,14.772111,0,39.175306,0,100,0
median,2,fragments,202.46216800000911,7998.756401000009,-11801,1048576,923,47377,29.376682,int-list-views-typed-sorted,0,206,74.043224,1090732,13.735888,1862,-59019.087890625,242.8759765625,14.341816,0,43.803137,0,100,0
median,2,fragments,202.46216800000911,8077.438101000009,-11792,1048576,913,42622,32.517838,int-list-views-typed-sorted,0,207,78.6817,1098524,16.164889,1857,-53523.9365234375,251.0654296875,14.998835,0,45.254683,0,110,0
median,2,fragments,202.46216800000911,8156.7146780000085,-11792,1048576,934,41800,34.896097,int-list-views-typed-sorted,0,208,79.276577,1106376,18.281507,1893,-52710.9609375,262.9169921875,15.206629999999999,0,43.509609,0,89,0
median,2,fragments,202.46216800000911,8243.292778000008,-11792,1048576,927,37132,37.386021,int-list-views-typed-sorted,0,209,86.5781,1116804,19.056011,1882,-48767.7333984375,265.2861328125,16.803112,0,48.267857,0,96,0
median,2,fragments,202.46216800000911,8327.345488000008,-11792,1048576,924,35542,36.987771,int-list-views-typed-sorted,0,210,84.05271,1120576,19.277947,1886,-46710.849609375,268.3203125,16.134963000000003,0,46.01778,0,99,0
median,2,fragments,202.46216800000911,8415.345395000008,-11792,1048576,908,45888,38.707396,int-list-views-typed-sorted,0,211,87.999907,1126816,20.890573,1879,-56775.392578125,266.251953125,16.362206,0,48.390033,0,115,0
median,2,fragments,202.46216800000911,8499.234100000007,-11792,1048576,928,45952,36.384462,int-list-views-typed-sorted,0,212,83.888705,1128092,19.027693,1865,-56918.052734375,264.984375,15.934503,0,46.579678,0,95,0
median,2,fragments,202.46216800000911,8583.705438000006,-11792,1048576,931,35498,36.763038,int-list-views-typed-sorted,0,213,84.471338,1129636,19.420746,1884,-46882.8935546875,256.65234375,15.857668000000004,0,46.776467,0,92,0
median,2,fragments,202.46216800000911,8666.261849000006,-11788,1048576,897,37036,34.416182,int-list-views-typed-sorted,0,214,82.556411,1131116,17.354139,1851,-48939.34375,251.546875,15.607984,0,47.181143,0,126,0
median,2,fragments,202.46216800000911,8748.776969000006,-11788,1048576,913,46674,32.946255,int-list-views-typed-sorted,0,215,82.51512,1134608,16.719909,1861,-57875.1220703125,250.1962890625,14.869158,0,48.620462,0,110,0
median,2,fragments,202.46216800000911,8831.649458000005,-11788,1048576,929,43826,33.594383,int-list-views-typed-sorted,0,216,82.872489,1136008,17.542755,1858,-54992.2646484375,250.6162109375,14.652113000000002,0,48.354391,0,94,0
median,2,fragments,202.46216800000911,8912.666522000005,-11788,1048576,915,43744,34.632457,int-list-views-typed-sorted,0,217,81.017064,1136724,17.632619,1854,-54782.521484375,254.9775390625,15.606014000000002,0,45.321658,0,108,0
median,2,fragments,202.46216800000911,8995.448102000006,-11788,1048576,910,34513,33.946091,int-list-views-typed-sorted,0,218,82.78158,1138452,17.746406,1855,-46138.2470703125,260.6162109375,14.804843000000002,0,47.787713,0,113,0
median,2,fragments,202.46216800000911,9077.667061000006,-11788,1048576,890,34994,34.934373,int-list-views-typed-sorted,0,219,82.218959,1139660,18.098978,1836,-46153.7900390625,265.7294921875,15.374951,0,46.290694,0,133,0
median,2,fragments,202.46216800000911,9160.842551000005,-11788,1048576,901,44775,35.518109,int-list-views-typed-sorted,0,220,83.17549,1140480,19.309589,1860,-55690.58203125,270.828125,14.772776,0,46.705405,0,122,0
median,2,fragments,202.46216800000911,9248.384763000005,-11788,1048576,902,38181,38.987829,int-list-views-typed-sorted,0,221,87.542212,1141744,20.708683,1857,-49043.0634765625,269.99609375,16.764899999999997,0,47.554063,0,121,0
median,2,fragments,202.46216800000911,9338.369481000005,-11788,1048576,886,39425,40.417285,int-list-views-typed-sorted,0,222,89.984718,1143308,22.546403,1849,-50595.49609375,270.4609375,16.451497000000003,0,48.643565,0,137,0
median,2,fragments,202.46216800000911,9427.273725000005,-11788,1048576,909,46052,41.751094,int-list-views-typed-sorted,0,223,88.904244,1143952,23.503307,1881,-56651.1533203125,265.443359375,16.757315,0,46.168364,0,114,0
median,2,fragments,202.46216800000911,9516.658738000004,-11788,1048576,875,47204,42.183442,int-list-views-typed-sorted,0,224,89.385013,1144816,24.700142,1888,-57822.1328125,260.8720703125,16.054463999999996,0,46.216655,0,148,0
median,2,fragments,202.46216800000911,9603.875521000004,-11788,1048576,902,44063,40.957285,int-list-views-typed-sorted,0,225,87.216783,1145484,23.593458,1886,-54813.9912109375,260.708984375,15.946241999999998,0,45.224756,0,121,0
median,2,fragments,202.46216800000911,9689.197204000004,-11788,1048576,885,49101,39.75214,int-list-views-typed-sorted,0,226,85.321683,1145760,23.2335,1872,-59642.9541015625,256.373046875,15.040592999999998,0,44.49806,0,138,0
median,2,fragments,202.46216800000911,9779.650753000004,-11788,1048576,900,33247,40.500292,int-list-views-typed-sorted,0,227,90.453549,1146088,23.614115,1845,-44963.5107421875,253.4921875,15.461719000000004,0,48.949181,0,123,0
median,2,fragments,202.46216800000911,9868.090310000003,-11788,1048576,890,44362,40.230859,int-list-views-typed-sorted,0,228,88.439557,1146608,23.74845,1840,-56453.4931640625,251.3046875,15.112243999999999,0,47.138188,0,133,0
median,2,fragments,202.46216800000911,9954.054320000003,-11788,1048576,891,54978,39.223665,int-list-views-typed-sorted,0,229,85.96401,1147420,22.831865,1844,-65528.7646484375,249.46875,15.118343,0,45.737339,0,132,0
median,2,fragments,202.46216800000911,10040.986896000002,-11788,1048576,891,50400,39.519024,int-list-views-typed-sorted,0,230,86.932576,1149008,23.204573,1849,-61406.462890625,245.181640625,15.043126000000003,0,46.334131,0,132,0
median,2,fragments,202.46216800000911,10121.315730000002,-11785,1048576,872,47342,37.070885,int-list-views-typed-sorted,0,231,80.328834,1149188,21.869794,1841,-58051.576171875,243.640625,13.891406999999996,0,42.104462,0,151,0
median,2,fragments,202.46216800000911,10204.559154000002,-11785,1048576,890,36115,37.090425,int-list-views-typed-sorted,0,232,83.243424,1149244,21.580463,1833,-47293.578125,236.1494140625,14.184112000000002,0,45.111352,0,133,0
median,2,fragments,202.46216800000911,10288.277122000003,-11785,1048576,882,59517,36.354357,int-list-views-typed-sorted,0,233,83.717968,1149472,20.566204,1841,-69660.98046875,234.7724609375,14.472207999999998,0,46.299125,0,141,0
median,2,fragments,202.46216800000911,10369.062772000003,-11785,1048576,883,41471,35.878013,int-list-views-typed-sorted,0,234,80.78565,1150300,20.233939,1831,-53208.6611328125,227.9140625,14.320186000000001,0,43.834356,0,140,0
median,2,fragments,202.46216800000911,10446.541430000003,-11785,1048576,901,49154,34.34432,int-list-views-typed-sorted,0,235,77.478658,1150476,19.121285,1846,-59994.9267578125,226.076171875,13.974412000000004,0,41.982835,0,122,0
median,2,fragments,202.46216800000911,10520.671830000003,-11785,1048576,878,45832,32.3929,int-list-views-typed-sorted,0,236,74.1304,1150500,17.029545,1823,-56746.654296875,221.26171875,14.079255999999999,0,40.750147,0,145,0
median,2,fragments,202.46216800000911,10594.399580000003,-11785,1048576,890,38393,31.587112,int-list-views-typed-sorted,0,237,73.72775,1150580,15.996732,1855,-50023.6162109375,216.5888671875,14.260452,0,41.017286,0,133,0
median,2,fragments,202.46216800000911,10667.166680000002,-11785,1048576,877,51967,29.859697,int-list-views-typed-sorted,0,238,72.7671,1150608,14.908518,1794,-63312.0986328125,215.5810546875,13.542105,0,41.848374,0,146,0
median,2,fragments,202.46216800000911,10740.501676000002,-11781,1048576,871,45060,29.694259,int-list-views-typed-sorted,0,239,73.334996,1150672,14.224095,1815,-56318.5966796875,213.908203125,14.205101999999997,0,42.524313,0,152,0
median,2,fragments,202.46216800000911,10810.659042000001,-11781,1048576,860,52331,28.390624,int-list-views-typed-sorted,0,240,70.157366,1150676,12.281882,1812,-63265.4609375,209.3125,14.737657,0,40.736515,0,163,0
median,2,fragments,202.46216800000911,10877.273087000001,-11781,1048576,880,40994,26.20427,int-list-views-typed-sorted,0,241,66.614045,1150732,10.977544,1816,-51966.25390625,208.654296875,13.971444000000002,0,39.458199,0,143,0
median,2,fragments,202.46216800000911,10946.973363000001,-11781,1048576,869,52430,26.188182,int-list-views-typed-sorted,0,242,69.700276,1150788,9.69984,1823,-63146.765625,207.3369140625,15.121549000000002,0,42.147618,0,154,0
median,2,fragments,202.46216800000911,11010.689189,-11781,1048576,852,51669,23.414131,int-list-views-typed-sorted,0,243,63.715826,1151076,9.539436,1808,-62149.1923828125,205.8369140625,12.670547000000003,0,39.311548,0,171,0
median,2,fragments,202.46216800000911,11072.566698,-11781,1048576,860,45211,22.43195,int-list-views-typed-sorted,0,244,61.877509,1151084,8.595328,1790,-56466.4375,205.26953125,12.642938000000001,0,38.456937,0,163,0
median,2,fragments,202.46216800000911,11133.568809,-11781,1048576,860,44417,22.483424,int-list-views-typed-sorted,0,245,61.002111,1151136,8.546634,1800,-55956.6904296875,208.7919921875,12.736174,0,37.537192,0,163,0
median,2,fragments,202.46216800000911,11196.394173,-11779,1048576,883,52848,23.214002,int-list-views-typed-sorted,0,246,62.825364,1151156,8.952695,1811,-63385.03125,205.9580078125,13.057199000000002,0,38.643704,0,140,0
median,2,fragments,202.46216800000911,11258.089886,-11779,1048576,864,60664,23.022327,int-list-views-typed-sorted,0,247,61.695713,1151208,8.436375,1808,-70986.13671875,207.8134765625,13.392051,0,37.70305,0,159,0
median,2,fragments,202.46216800000911,11320.827018,-11779,1048576,863,49322,23.411633,int-list-views-typed-sorted,0,248,62.737132,1151232,8.520777,1790,-60039.3115234375,212.6865234375,13.655387999999999,0,38.286304,0,160,0
median,2,fragments,202.46216800000911,11382.357588,-11779,1048576,877,49764,23.038701,int-list-views-typed-sorted,0,249,61.53057,1151572,8.784199,1783,-60604.4638671875,215.875,13.030336,0,37.534129,0,146,0
median,2,fragments,202.46216800000911,11445.226813000001,-11779,1048576,875,48216,22.691558,int-list-views-typed-sorted,0,250,62.869225,1151632,8.351752,1787,-59094.4091796875,217.1787109375,13.095044,0,39.213475,0,148,0
median,2,fragments,202.46216800000911,11509.618107,-11779,1048576,894,46745,23.392043,int-list-views-typed-sorted,0,251,64.391294,1151780,8.882694,1831,-57511.2197265625,219.8603515625,13.239793000000002,0,39.960911,0,129,0
median,2,fragments,202.46216800000911,11575.72323,-11779,1048576,873,37790,23.875582,int-list-views-typed-sorted,0,252,66.105123,1151804,8.958228,1822,-49089.150390625,222.5703125,13.691048000000002,0,41.193626,0,150,0
median,2,fragments,202.46216800000911,11643.696805,-11779,1048576,878,43165,23.980209,int-list-views-typed-sorted,0,253,67.973575,1152032,8.888481,1800,-54562.3125,226.5078125,13.852852999999998,0,43.035605,0,145,0
median,2,fragments,202.46216800000911,11710.647232,-11779,1048576,879,43575,26.620128,int-list-views-typed-sorted,0,254,66.950427,1152648,10.332656,1845,-54471.0419921875,231.7802734375,14.965618000000001,0,39.362249,0,144,0
median,2,fragments,202.46216800000911,11776.665423999999,-11779,1048576,855,52147,23.763904,int-list-views-typed-sorted,0,255,66.018192,1152668,9.275091,1840,-62699.546875,237.025390625,13.244753999999999,0,41.19666,0,168,0
